-- MySQL dump 10.13  Distrib 5.7.24, for Linux (x86_64)
--
-- Host: localhost    Database: mydb
-- ------------------------------------------------------
-- Server version	5.7.24

/*!40101 SET @OLD_CHARACTER_SET_CLIENT=@@CHARACTER_SET_CLIENT */;
/*!40101 SET @OLD_CHARACTER_SET_RESULTS=@@CHARACTER_SET_RESULTS */;
/*!40101 SET @OLD_COLLATION_CONNECTION=@@COLLATION_CONNECTION */;
/*!40101 SET NAMES utf8 */;
/*!40103 SET @OLD_TIME_ZONE=@@TIME_ZONE */;
/*!40103 SET TIME_ZONE='+00:00' */;
/*!40014 SET @OLD_UNIQUE_CHECKS=@@UNIQUE_CHECKS, UNIQUE_CHECKS=0 */;
/*!40014 SET @OLD_FOREIGN_KEY_CHECKS=@@FOREIGN_KEY_CHECKS, FOREIGN_KEY_CHECKS=0 */;
/*!40101 SET @OLD_SQL_MODE=@@SQL_MODE, SQL_MODE='NO_AUTO_VALUE_ON_ZERO' */;
/*!40111 SET @OLD_SQL_NOTES=@@SQL_NOTES, SQL_NOTES=0 */;

--
-- Table structure for table `administradores`
--

DROP TABLE IF EXISTS `administradores`;
/*!40101 SET @saved_cs_client     = @@character_set_client */;
/*!40101 SET character_set_client = utf8 */;
CREATE TABLE `administradores` (
  `DNI` varchar(50) NOT NULL,
  `Nombre` varchar(45) DEFAULT NULL,
  `Apellido` varchar(45) DEFAULT NULL,
  `Telefono` varchar(45) DEFAULT NULL,
  `EMAIL` varchar(255) NOT NULL,
  PRIMARY KEY (`DNI`),
  UNIQUE KEY `EMAIL_UNIQUE` (`EMAIL`)
) ENGINE=InnoDB DEFAULT CHARSET=utf8;
/*!40101 SET character_set_client = @saved_cs_client */;

--
-- Dumping data for table `administradores`
--

LOCK TABLES `administradores` WRITE;
/*!40000 ALTER TABLE `administradores` DISABLE KEYS */;
INSERT INTO `administradores` VALUES ('28935094','Fernando German','Lopez Fricker','2234460909','germdq22@hotmail.com'),('29357456','Adriel','Chambi','2233031838','adrielchambers@gmail.com'),('31224548','Sebastian','Lanz','2235413851','sebastian.lanz12@gmail.com'),('34058410','Guillermo Andres','Fischer','2235317806','guillermoandresfischer@gmail.com'),('38283070','Matias','Casalderrey','2235283131','Mati.Casalderry@gmail.com');
/*!40000 ALTER TABLE `administradores` ENABLE KEYS */;
UNLOCK TABLES;

--
-- Table structure for table `agendas_horarios`
--

DROP TABLE IF EXISTS `agendas_horarios`;
/*!40101 SET @saved_cs_client     = @@character_set_client */;
/*!40101 SET character_set_client = utf8 */;
CREATE TABLE `agendas_horarios` (
  `ID_Agendas_Horarios` int(11) NOT NULL AUTO_INCREMENT,
  `ID_Agendas_Turnos` int(11) NOT NULL,
  `HorarioDesde` time NOT NULL,
  `HorarioHasta` time NOT NULL,
  PRIMARY KEY (`ID_Agendas_Horarios`)
) ENGINE=InnoDB AUTO_INCREMENT=42 DEFAULT CHARSET=utf8;
/*!40101 SET character_set_client = @saved_cs_client */;

--
-- Dumping data for table `agendas_horarios`
--

LOCK TABLES `agendas_horarios` WRITE;
/*!40000 ALTER TABLE `agendas_horarios` DISABLE KEYS */;
INSERT INTO `agendas_horarios` VALUES (1,1,'08:00:00','19:00:00'),(2,2,'08:00:00','19:00:00'),(3,3,'08:00:00','19:00:00'),(4,4,'08:00:00','19:00:00'),(5,5,'08:00:00','19:00:00'),(6,6,'08:00:00','19:00:00'),(7,7,'08:00:00','19:00:00'),(8,8,'08:00:00','19:00:00'),(16,9,'08:00:00','14:00:00'),(17,10,'08:00:00','14:00:00'),(18,11,'08:00:00','14:00:00'),(19,12,'08:00:00','14:00:00'),(20,13,'08:00:00','14:00:00'),(23,9,'16:00:00','19:00:00'),(24,10,'16:00:00','19:00:00'),(25,11,'16:00:00','19:00:00'),(26,12,'16:00:00','19:00:00'),(27,13,'16:00:00','19:00:00'),(30,14,'08:00:00','14:00:00'),(31,15,'08:00:00','14:00:00'),(32,16,'08:00:00','14:00:00'),(33,17,'08:00:00','14:00:00'),(34,18,'08:00:00','14:00:00'),(37,19,'12:30:00','18:00:00'),(38,20,'12:30:00','18:00:00'),(39,21,'12:30:00','18:00:00'),(40,22,'12:30:00','18:00:00'),(41,23,'12:30:00','18:00:00');
/*!40000 ALTER TABLE `agendas_horarios` ENABLE KEYS */;
UNLOCK TABLES;

--
-- Table structure for table `agendas_turnos`
--

DROP TABLE IF EXISTS `agendas_turnos`;
/*!40101 SET @saved_cs_client     = @@character_set_client */;
/*!40101 SET character_set_client = utf8 */;
CREATE TABLE `agendas_turnos` (
  `ID_Agendas_Turnos` int(11) NOT NULL AUTO_INCREMENT,
  `NroLegajo` int(11) NOT NULL,
  `DuracionTurno` tinyint(4) NOT NULL DEFAULT '30' COMMENT 'En minutos.\\nVamos a permitir solamente:\\n15,30,45,60 minutos. ',
  `FechaVigenciaDesde` date NOT NULL,
  `FechaVigenciaHasta` date NOT NULL,
  `Lunes` tinyint(4) NOT NULL DEFAULT '1',
  `Martes` tinyint(4) NOT NULL DEFAULT '1',
  `Miercoles` tinyint(4) NOT NULL DEFAULT '1',
  `Jueves` tinyint(4) NOT NULL DEFAULT '1',
  `Viernes` tinyint(4) NOT NULL DEFAULT '1',
  PRIMARY KEY (`ID_Agendas_Turnos`,`NroLegajo`),
  KEY `fk_AgendasTurnos_Medicos1_idx` (`NroLegajo`),
  CONSTRAINT `fk_AgendasTurnos_Medicos1` FOREIGN KEY (`NroLegajo`) REFERENCES `medicos` (`NroLegajo`) ON DELETE NO ACTION ON UPDATE NO ACTION
) ENGINE=InnoDB AUTO_INCREMENT=24 DEFAULT CHARSET=utf8;
/*!40101 SET character_set_client = @saved_cs_client */;

--
-- Dumping data for table `agendas_turnos`
--

LOCK TABLES `agendas_turnos` WRITE;
/*!40000 ALTER TABLE `agendas_turnos` DISABLE KEYS */;
INSERT INTO `agendas_turnos` VALUES (1,1,30,'2018-03-01','2018-12-31',1,1,1,1,1),(2,2,30,'2018-03-01','2018-12-31',1,1,1,1,1),(3,3,30,'2018-03-01','2018-12-31',1,1,1,1,1),(4,4,30,'2018-03-01','2018-12-31',1,1,1,1,1),(5,5,30,'2018-03-01','2018-12-31',1,1,1,1,1),(6,6,30,'2018-03-01','2018-12-31',1,1,1,1,1),(7,7,30,'2018-03-01','2018-12-31',1,1,1,1,1),(8,8,30,'2018-03-01','2018-12-31',1,1,1,1,1),(9,9,30,'2018-03-01','2018-12-31',1,0,1,0,1),(10,10,30,'2018-03-01','2018-12-31',1,0,1,0,1),(11,11,30,'2018-03-01','2018-12-31',1,0,1,0,1),(12,12,30,'2018-03-01','2018-12-31',1,0,1,0,1),(13,13,30,'2018-03-01','2018-12-31',1,0,1,0,1),(14,14,30,'2018-03-01','2018-12-31',0,1,0,1,0),(15,15,30,'2018-03-01','2018-12-31',0,1,0,1,0),(16,16,30,'2018-03-01','2018-12-31',0,1,0,1,0),(17,17,30,'2018-03-01','2018-12-31',1,1,1,1,1),(18,19,30,'2018-03-01','2018-12-31',0,1,1,1,1),(19,20,30,'2018-03-01','2018-12-31',1,0,1,1,1),(20,21,30,'2018-03-01','2018-12-31',1,1,0,0,1),(21,22,30,'2018-03-01','2018-12-31',1,1,1,0,0),(22,23,30,'2018-03-01','2018-12-31',1,0,0,0,1),(23,24,30,'2018-03-01','2018-12-31',0,0,0,1,1);
/*!40000 ALTER TABLE `agendas_turnos` ENABLE KEYS */;
UNLOCK TABLES;

--
-- Table structure for table `calendarios_agendas_turnos`
--

DROP TABLE IF EXISTS `calendarios_agendas_turnos`;
/*!40101 SET @saved_cs_client     = @@character_set_client */;
/*!40101 SET character_set_client = utf8 */;
CREATE TABLE `calendarios_agendas_turnos` (
  `ID_Agendas_Turnos` int(11) NOT NULL,
  `FechaTurno` datetime NOT NULL,
  `Disponible` tinyint(4) NOT NULL DEFAULT '1',
  PRIMARY KEY (`ID_Agendas_Turnos`,`FechaTurno`),
  CONSTRAINT `fk_CalendariosAgendaTurnos_AgendasTurnos1` FOREIGN KEY (`ID_Agendas_Turnos`) REFERENCES `agendas_turnos` (`ID_Agendas_Turnos`) ON DELETE NO ACTION ON UPDATE NO ACTION
) ENGINE=InnoDB DEFAULT CHARSET=utf8;
/*!40101 SET character_set_client = @saved_cs_client */;

--
-- Dumping data for table `calendarios_agendas_turnos`
--

LOCK TABLES `calendarios_agendas_turnos` WRITE;
/*!40000 ALTER TABLE `calendarios_agendas_turnos` DISABLE KEYS */;
INSERT INTO `calendarios_agendas_turnos` VALUES (9,'2018-03-02 08:30:00',1),(9,'2018-03-02 09:00:00',1),(9,'2018-03-02 09:30:00',1),(9,'2018-03-02 10:00:00',1),(9,'2018-03-02 10:30:00',1),(9,'2018-03-02 11:00:00',1),(9,'2018-03-02 11:30:00',1),(9,'2018-03-02 12:00:00',1),(9,'2018-03-02 12:30:00',1),(9,'2018-03-02 13:00:00',1),(9,'2018-03-02 13:30:00',1),(9,'2018-03-02 14:00:00',1),(9,'2018-03-02 16:30:00',1),(9,'2018-03-02 17:00:00',1),(9,'2018-03-02 17:30:00',1),(9,'2018-03-02 18:00:00',1),(9,'2018-03-02 18:30:00',1),(9,'2018-03-02 19:00:00',1),(9,'2018-03-05 08:30:00',1),(9,'2018-03-05 09:00:00',1),(9,'2018-03-05 09:30:00',1),(9,'2018-03-05 10:00:00',1),(9,'2018-03-05 10:30:00',1),(9,'2018-03-05 11:00:00',1),(9,'2018-03-05 11:30:00',1),(9,'2018-03-05 12:00:00',1),(9,'2018-03-05 12:30:00',1),(9,'2018-03-05 13:00:00',1),(9,'2018-03-05 13:30:00',1),(9,'2018-03-05 14:00:00',1),(9,'2018-03-05 16:30:00',1),(9,'2018-03-05 17:00:00',1),(9,'2018-03-05 17:30:00',1),(9,'2018-03-05 18:00:00',1),(9,'2018-03-05 18:30:00',1),(9,'2018-03-05 19:00:00',1),(9,'2018-03-07 08:30:00',1),(9,'2018-03-07 09:00:00',1),(9,'2018-03-07 09:30:00',1),(9,'2018-03-07 10:00:00',1),(9,'2018-03-07 10:30:00',1),(9,'2018-03-07 11:00:00',1),(9,'2018-03-07 11:30:00',1),(9,'2018-03-07 12:00:00',1),(9,'2018-03-07 12:30:00',1),(9,'2018-03-07 13:00:00',1),(9,'2018-03-07 13:30:00',1),(9,'2018-03-07 14:00:00',1),(9,'2018-03-07 16:30:00',1),(9,'2018-03-07 17:00:00',1),(9,'2018-03-07 17:30:00',1),(9,'2018-03-07 18:00:00',1),(9,'2018-03-07 18:30:00',1),(9,'2018-03-07 19:00:00',1),(9,'2018-03-09 08:30:00',1),(9,'2018-03-09 09:00:00',1),(9,'2018-03-09 09:30:00',1),(9,'2018-03-09 10:00:00',1),(9,'2018-03-09 10:30:00',1),(9,'2018-03-09 11:00:00',1),(9,'2018-03-09 11:30:00',1),(9,'2018-03-09 12:00:00',1),(9,'2018-03-09 12:30:00',1),(9,'2018-03-09 13:00:00',1),(9,'2018-03-09 13:30:00',1),(9,'2018-03-09 14:00:00',1),(9,'2018-03-09 16:30:00',1),(9,'2018-03-09 17:00:00',1),(9,'2018-03-09 17:30:00',1),(9,'2018-03-09 18:00:00',1),(9,'2018-03-09 18:30:00',1),(9,'2018-03-09 19:00:00',1),(9,'2018-03-12 08:30:00',1),(9,'2018-03-12 09:00:00',1),(9,'2018-03-12 09:30:00',1),(9,'2018-03-12 10:00:00',1),(9,'2018-03-12 10:30:00',1),(9,'2018-03-12 11:00:00',1),(9,'2018-03-12 11:30:00',1),(9,'2018-03-12 12:00:00',1),(9,'2018-03-12 12:30:00',1),(9,'2018-03-12 13:00:00',1),(9,'2018-03-12 13:30:00',1),(9,'2018-03-12 14:00:00',1),(9,'2018-03-12 16:30:00',1),(9,'2018-03-12 17:00:00',1),(9,'2018-03-12 17:30:00',1),(9,'2018-03-12 18:00:00',1),(9,'2018-03-12 18:30:00',1),(9,'2018-03-12 19:00:00',1),(9,'2018-03-14 08:30:00',1),(9,'2018-03-14 09:00:00',1),(9,'2018-03-14 09:30:00',1),(9,'2018-03-14 10:00:00',1),(9,'2018-03-14 10:30:00',1),(9,'2018-03-14 11:00:00',1),(9,'2018-03-14 11:30:00',1),(9,'2018-03-14 12:00:00',1),(9,'2018-03-14 12:30:00',1),(9,'2018-03-14 13:00:00',1),(9,'2018-03-14 13:30:00',1),(9,'2018-03-14 14:00:00',1),(9,'2018-03-14 16:30:00',1),(9,'2018-03-14 17:00:00',1),(9,'2018-03-14 17:30:00',1),(9,'2018-03-14 18:00:00',1),(9,'2018-03-14 18:30:00',1),(9,'2018-03-14 19:00:00',1),(9,'2018-03-16 08:30:00',1),(9,'2018-03-16 09:00:00',1),(9,'2018-03-16 09:30:00',1),(9,'2018-03-16 10:00:00',1),(9,'2018-03-16 10:30:00',1),(9,'2018-03-16 11:00:00',1),(9,'2018-03-16 11:30:00',1),(9,'2018-03-16 12:00:00',1),(9,'2018-03-16 12:30:00',1),(9,'2018-03-16 13:00:00',1),(9,'2018-03-16 13:30:00',1),(9,'2018-03-16 14:00:00',1),(9,'2018-03-16 16:30:00',1),(9,'2018-03-16 17:00:00',1),(9,'2018-03-16 17:30:00',1),(9,'2018-03-16 18:00:00',1),(9,'2018-03-16 18:30:00',1),(9,'2018-03-16 19:00:00',1),(9,'2018-03-19 08:30:00',1),(9,'2018-03-19 09:00:00',1),(9,'2018-03-19 09:30:00',1),(9,'2018-03-19 10:00:00',1),(9,'2018-03-19 10:30:00',1),(9,'2018-03-19 11:00:00',1),(9,'2018-03-19 11:30:00',1),(9,'2018-03-19 12:00:00',1),(9,'2018-03-19 12:30:00',1),(9,'2018-03-19 13:00:00',1),(9,'2018-03-19 13:30:00',1),(9,'2018-03-19 14:00:00',1),(9,'2018-03-19 16:30:00',1),(9,'2018-03-19 17:00:00',1),(9,'2018-03-19 17:30:00',1),(9,'2018-03-19 18:00:00',1),(9,'2018-03-19 18:30:00',1),(9,'2018-03-19 19:00:00',1),(9,'2018-03-21 08:30:00',1),(9,'2018-03-21 09:00:00',1),(9,'2018-03-21 09:30:00',1),(9,'2018-03-21 10:00:00',1),(9,'2018-03-21 10:30:00',1),(9,'2018-03-21 11:00:00',1),(9,'2018-03-21 11:30:00',1),(9,'2018-03-21 12:00:00',1),(9,'2018-03-21 12:30:00',1),(9,'2018-03-21 13:00:00',1),(9,'2018-03-21 13:30:00',1),(9,'2018-03-21 14:00:00',1),(9,'2018-03-21 16:30:00',1),(9,'2018-03-21 17:00:00',1),(9,'2018-03-21 17:30:00',1),(9,'2018-03-21 18:00:00',1),(9,'2018-03-21 18:30:00',1),(9,'2018-03-21 19:00:00',1),(9,'2018-03-23 08:30:00',1),(9,'2018-03-23 09:00:00',1),(9,'2018-03-23 09:30:00',1),(9,'2018-03-23 10:00:00',1),(9,'2018-03-23 10:30:00',1),(9,'2018-03-23 11:00:00',1),(9,'2018-03-23 11:30:00',1),(9,'2018-03-23 12:00:00',1),(9,'2018-03-23 12:30:00',1),(9,'2018-03-23 13:00:00',1),(9,'2018-03-23 13:30:00',1),(9,'2018-03-23 14:00:00',1),(9,'2018-03-23 16:30:00',1),(9,'2018-03-23 17:00:00',1),(9,'2018-03-23 17:30:00',1),(9,'2018-03-23 18:00:00',1),(9,'2018-03-23 18:30:00',1),(9,'2018-03-23 19:00:00',1),(9,'2018-03-26 08:30:00',1),(9,'2018-03-26 09:00:00',1),(9,'2018-03-26 09:30:00',1),(9,'2018-03-26 10:00:00',1),(9,'2018-03-26 10:30:00',1),(9,'2018-03-26 11:00:00',1),(9,'2018-03-26 11:30:00',1),(9,'2018-03-26 12:00:00',1),(9,'2018-03-26 12:30:00',1),(9,'2018-03-26 13:00:00',1),(9,'2018-03-26 13:30:00',1),(9,'2018-03-26 14:00:00',1),(9,'2018-03-26 16:30:00',1),(9,'2018-03-26 17:00:00',1),(9,'2018-03-26 17:30:00',1),(9,'2018-03-26 18:00:00',1),(9,'2018-03-26 18:30:00',1),(9,'2018-03-26 19:00:00',1),(9,'2018-03-28 08:30:00',1),(9,'2018-03-28 09:00:00',1),(9,'2018-03-28 09:30:00',1),(9,'2018-03-28 10:00:00',1),(9,'2018-03-28 10:30:00',1),(9,'2018-03-28 11:00:00',1),(9,'2018-03-28 11:30:00',1),(9,'2018-03-28 12:00:00',1),(9,'2018-03-28 12:30:00',1),(9,'2018-03-28 13:00:00',1),(9,'2018-03-28 13:30:00',1),(9,'2018-03-28 14:00:00',1),(9,'2018-03-28 16:30:00',1),(9,'2018-03-28 17:00:00',1),(9,'2018-03-28 17:30:00',1),(9,'2018-03-28 18:00:00',1),(9,'2018-03-28 18:30:00',1),(9,'2018-03-28 19:00:00',1),(9,'2018-03-30 08:30:00',1),(9,'2018-03-30 09:00:00',1),(9,'2018-03-30 09:30:00',1),(9,'2018-03-30 10:00:00',1),(9,'2018-03-30 10:30:00',1),(9,'2018-03-30 11:00:00',1),(9,'2018-03-30 11:30:00',1),(9,'2018-03-30 12:00:00',1),(9,'2018-03-30 12:30:00',1),(9,'2018-03-30 13:00:00',1),(9,'2018-03-30 13:30:00',1),(9,'2018-03-30 14:00:00',1),(9,'2018-03-30 16:30:00',1),(9,'2018-03-30 17:00:00',1),(9,'2018-03-30 17:30:00',1),(9,'2018-03-30 18:00:00',1),(9,'2018-03-30 18:30:00',1),(9,'2018-03-30 19:00:00',1),(9,'2018-04-02 08:30:00',1),(9,'2018-04-02 09:00:00',1),(9,'2018-04-02 09:30:00',1),(9,'2018-04-02 10:00:00',1),(9,'2018-04-02 10:30:00',1),(9,'2018-04-02 11:00:00',1),(9,'2018-04-02 11:30:00',1),(9,'2018-04-02 12:00:00',1),(9,'2018-04-02 12:30:00',1),(9,'2018-04-02 13:00:00',1),(9,'2018-04-02 13:30:00',1),(9,'2018-04-02 14:00:00',1),(9,'2018-04-02 16:30:00',1),(9,'2018-04-02 17:00:00',1),(9,'2018-04-02 17:30:00',1),(9,'2018-04-02 18:00:00',1),(9,'2018-04-02 18:30:00',1),(9,'2018-04-02 19:00:00',1),(9,'2018-04-04 08:30:00',1),(9,'2018-04-04 09:00:00',1),(9,'2018-04-04 09:30:00',1),(9,'2018-04-04 10:00:00',1),(9,'2018-04-04 10:30:00',1),(9,'2018-04-04 11:00:00',1),(9,'2018-04-04 11:30:00',1),(9,'2018-04-04 12:00:00',1),(9,'2018-04-04 12:30:00',1),(9,'2018-04-04 13:00:00',1),(9,'2018-04-04 13:30:00',1),(9,'2018-04-04 14:00:00',1),(9,'2018-04-04 16:30:00',1),(9,'2018-04-04 17:00:00',1),(9,'2018-04-04 17:30:00',1),(9,'2018-04-04 18:00:00',1),(9,'2018-04-04 18:30:00',1),(9,'2018-04-04 19:00:00',1),(9,'2018-04-06 08:30:00',1),(9,'2018-04-06 09:00:00',1),(9,'2018-04-06 09:30:00',1),(9,'2018-04-06 10:00:00',1),(9,'2018-04-06 10:30:00',1),(9,'2018-04-06 11:00:00',1),(9,'2018-04-06 11:30:00',1),(9,'2018-04-06 12:00:00',1),(9,'2018-04-06 12:30:00',1),(9,'2018-04-06 13:00:00',1),(9,'2018-04-06 13:30:00',1),(9,'2018-04-06 14:00:00',1),(9,'2018-04-06 16:30:00',1),(9,'2018-04-06 17:00:00',1),(9,'2018-04-06 17:30:00',1),(9,'2018-04-06 18:00:00',1),(9,'2018-04-06 18:30:00',1),(9,'2018-04-06 19:00:00',1),(9,'2018-04-09 08:30:00',1),(9,'2018-04-09 09:00:00',1),(9,'2018-04-09 09:30:00',1),(9,'2018-04-09 10:00:00',1),(9,'2018-04-09 10:30:00',1),(9,'2018-04-09 11:00:00',1),(9,'2018-04-09 11:30:00',1),(9,'2018-04-09 12:00:00',1),(9,'2018-04-09 12:30:00',1),(9,'2018-04-09 13:00:00',1),(9,'2018-04-09 13:30:00',1),(9,'2018-04-09 14:00:00',1),(9,'2018-04-09 16:30:00',1),(9,'2018-04-09 17:00:00',1),(9,'2018-04-09 17:30:00',1),(9,'2018-04-09 18:00:00',1),(9,'2018-04-09 18:30:00',1),(9,'2018-04-09 19:00:00',1),(9,'2018-04-11 08:30:00',1),(9,'2018-04-11 09:00:00',1),(9,'2018-04-11 09:30:00',1),(9,'2018-04-11 10:00:00',1),(9,'2018-04-11 10:30:00',1),(9,'2018-04-11 11:00:00',1),(9,'2018-04-11 11:30:00',1),(9,'2018-04-11 12:00:00',1),(9,'2018-04-11 12:30:00',1),(9,'2018-04-11 13:00:00',1),(9,'2018-04-11 13:30:00',1),(9,'2018-04-11 14:00:00',1),(9,'2018-04-11 16:30:00',1),(9,'2018-04-11 17:00:00',1),(9,'2018-04-11 17:30:00',1),(9,'2018-04-11 18:00:00',1),(9,'2018-04-11 18:30:00',1),(9,'2018-04-11 19:00:00',1),(9,'2018-04-13 08:30:00',1),(9,'2018-04-13 09:00:00',1),(9,'2018-04-13 09:30:00',1),(9,'2018-04-13 10:00:00',1),(9,'2018-04-13 10:30:00',1),(9,'2018-04-13 11:00:00',1),(9,'2018-04-13 11:30:00',1),(9,'2018-04-13 12:00:00',1),(9,'2018-04-13 12:30:00',1),(9,'2018-04-13 13:00:00',1),(9,'2018-04-13 13:30:00',1),(9,'2018-04-13 14:00:00',1),(9,'2018-04-13 16:30:00',1),(9,'2018-04-13 17:00:00',1),(9,'2018-04-13 17:30:00',1),(9,'2018-04-13 18:00:00',1),(9,'2018-04-13 18:30:00',1),(9,'2018-04-13 19:00:00',1),(9,'2018-04-16 08:30:00',1),(9,'2018-04-16 09:00:00',1),(9,'2018-04-16 09:30:00',1),(9,'2018-04-16 10:00:00',1),(9,'2018-04-16 10:30:00',1),(9,'2018-04-16 11:00:00',1),(9,'2018-04-16 11:30:00',1),(9,'2018-04-16 12:00:00',1),(9,'2018-04-16 12:30:00',1),(9,'2018-04-16 13:00:00',1),(9,'2018-04-16 13:30:00',1),(9,'2018-04-16 14:00:00',1),(9,'2018-04-16 16:30:00',1),(9,'2018-04-16 17:00:00',1),(9,'2018-04-16 17:30:00',1),(9,'2018-04-16 18:00:00',1),(9,'2018-04-16 18:30:00',1),(9,'2018-04-16 19:00:00',1),(9,'2018-04-18 08:30:00',1),(9,'2018-04-18 09:00:00',1),(9,'2018-04-18 09:30:00',1),(9,'2018-04-18 10:00:00',1),(9,'2018-04-18 10:30:00',1),(9,'2018-04-18 11:00:00',1),(9,'2018-04-18 11:30:00',1),(9,'2018-04-18 12:00:00',1),(9,'2018-04-18 12:30:00',1),(9,'2018-04-18 13:00:00',1),(9,'2018-04-18 13:30:00',1),(9,'2018-04-18 14:00:00',1),(9,'2018-04-18 16:30:00',1),(9,'2018-04-18 17:00:00',1),(9,'2018-04-18 17:30:00',1),(9,'2018-04-18 18:00:00',1),(9,'2018-04-18 18:30:00',1),(9,'2018-04-18 19:00:00',1),(9,'2018-04-20 08:30:00',1),(9,'2018-04-20 09:00:00',1),(9,'2018-04-20 09:30:00',1),(9,'2018-04-20 10:00:00',1),(9,'2018-04-20 10:30:00',1),(9,'2018-04-20 11:00:00',1),(9,'2018-04-20 11:30:00',1),(9,'2018-04-20 12:00:00',1),(9,'2018-04-20 12:30:00',1),(9,'2018-04-20 13:00:00',1),(9,'2018-04-20 13:30:00',1),(9,'2018-04-20 14:00:00',1),(9,'2018-04-20 16:30:00',1),(9,'2018-04-20 17:00:00',1),(9,'2018-04-20 17:30:00',1),(9,'2018-04-20 18:00:00',1),(9,'2018-04-20 18:30:00',1),(9,'2018-04-20 19:00:00',1),(9,'2018-04-23 08:30:00',1),(9,'2018-04-23 09:00:00',1),(9,'2018-04-23 09:30:00',1),(9,'2018-04-23 10:00:00',1),(9,'2018-04-23 10:30:00',1),(9,'2018-04-23 11:00:00',1),(9,'2018-04-23 11:30:00',1),(9,'2018-04-23 12:00:00',1),(9,'2018-04-23 12:30:00',1),(9,'2018-04-23 13:00:00',1),(9,'2018-04-23 13:30:00',1),(9,'2018-04-23 14:00:00',1),(9,'2018-04-23 16:30:00',1),(9,'2018-04-23 17:00:00',1),(9,'2018-04-23 17:30:00',1),(9,'2018-04-23 18:00:00',1),(9,'2018-04-23 18:30:00',1),(9,'2018-04-23 19:00:00',1),(9,'2018-04-25 08:30:00',1),(9,'2018-04-25 09:00:00',1),(9,'2018-04-25 09:30:00',1),(9,'2018-04-25 10:00:00',1),(9,'2018-04-25 10:30:00',1),(9,'2018-04-25 11:00:00',1),(9,'2018-04-25 11:30:00',1),(9,'2018-04-25 12:00:00',1),(9,'2018-04-25 12:30:00',1),(9,'2018-04-25 13:00:00',1),(9,'2018-04-25 13:30:00',1),(9,'2018-04-25 14:00:00',1),(9,'2018-04-25 16:30:00',1),(9,'2018-04-25 17:00:00',1),(9,'2018-04-25 17:30:00',1),(9,'2018-04-25 18:00:00',1),(9,'2018-04-25 18:30:00',1),(9,'2018-04-25 19:00:00',1),(9,'2018-04-27 08:30:00',1),(9,'2018-04-27 09:00:00',1),(9,'2018-04-27 09:30:00',1),(9,'2018-04-27 10:00:00',1),(9,'2018-04-27 10:30:00',1),(9,'2018-04-27 11:00:00',1),(9,'2018-04-27 11:30:00',1),(9,'2018-04-27 12:00:00',1),(9,'2018-04-27 12:30:00',1),(9,'2018-04-27 13:00:00',1),(9,'2018-04-27 13:30:00',1),(9,'2018-04-27 14:00:00',1),(9,'2018-04-27 16:30:00',1),(9,'2018-04-27 17:00:00',1),(9,'2018-04-27 17:30:00',1),(9,'2018-04-27 18:00:00',1),(9,'2018-04-27 18:30:00',1),(9,'2018-04-27 19:00:00',1),(9,'2018-04-30 08:30:00',1),(9,'2018-04-30 09:00:00',1),(9,'2018-04-30 09:30:00',1),(9,'2018-04-30 10:00:00',1),(9,'2018-04-30 10:30:00',1),(9,'2018-04-30 11:00:00',1),(9,'2018-04-30 11:30:00',1),(9,'2018-04-30 12:00:00',1),(9,'2018-04-30 12:30:00',1),(9,'2018-04-30 13:00:00',1),(9,'2018-04-30 13:30:00',1),(9,'2018-04-30 14:00:00',1),(9,'2018-04-30 16:30:00',1),(9,'2018-04-30 17:00:00',1),(9,'2018-04-30 17:30:00',1),(9,'2018-04-30 18:00:00',1),(9,'2018-04-30 18:30:00',1),(9,'2018-04-30 19:00:00',1),(9,'2018-05-02 08:30:00',1),(9,'2018-05-02 09:00:00',1),(9,'2018-05-02 09:30:00',1),(9,'2018-05-02 10:00:00',1),(9,'2018-05-02 10:30:00',1),(9,'2018-05-02 11:00:00',1),(9,'2018-05-02 11:30:00',1),(9,'2018-05-02 12:00:00',1),(9,'2018-05-02 12:30:00',1),(9,'2018-05-02 13:00:00',1),(9,'2018-05-02 13:30:00',1),(9,'2018-05-02 14:00:00',1),(9,'2018-05-02 16:30:00',1),(9,'2018-05-02 17:00:00',1),(9,'2018-05-02 17:30:00',1),(9,'2018-05-02 18:00:00',1),(9,'2018-05-02 18:30:00',1),(9,'2018-05-02 19:00:00',1),(9,'2018-05-04 08:30:00',1),(9,'2018-05-04 09:00:00',1),(9,'2018-05-04 09:30:00',1),(9,'2018-05-04 10:00:00',1),(9,'2018-05-04 10:30:00',1),(9,'2018-05-04 11:00:00',1),(9,'2018-05-04 11:30:00',1),(9,'2018-05-04 12:00:00',1),(9,'2018-05-04 12:30:00',1),(9,'2018-05-04 13:00:00',1),(9,'2018-05-04 13:30:00',1),(9,'2018-05-04 14:00:00',1),(9,'2018-05-04 16:30:00',1),(9,'2018-05-04 17:00:00',1),(9,'2018-05-04 17:30:00',1),(9,'2018-05-04 18:00:00',1),(9,'2018-05-04 18:30:00',1),(9,'2018-05-04 19:00:00',1),(9,'2018-05-07 08:30:00',1),(9,'2018-05-07 09:00:00',1),(9,'2018-05-07 09:30:00',1),(9,'2018-05-07 10:00:00',1),(9,'2018-05-07 10:30:00',1),(9,'2018-05-07 11:00:00',1),(9,'2018-05-07 11:30:00',1),(9,'2018-05-07 12:00:00',1),(9,'2018-05-07 12:30:00',1),(9,'2018-05-07 13:00:00',1),(9,'2018-05-07 13:30:00',1),(9,'2018-05-07 14:00:00',1),(9,'2018-05-07 16:30:00',1),(9,'2018-05-07 17:00:00',1),(9,'2018-05-07 17:30:00',1),(9,'2018-05-07 18:00:00',1),(9,'2018-05-07 18:30:00',1),(9,'2018-05-07 19:00:00',1),(9,'2018-05-09 08:30:00',1),(9,'2018-05-09 09:00:00',1),(9,'2018-05-09 09:30:00',1),(9,'2018-05-09 10:00:00',1),(9,'2018-05-09 10:30:00',1),(9,'2018-05-09 11:00:00',1),(9,'2018-05-09 11:30:00',1),(9,'2018-05-09 12:00:00',1),(9,'2018-05-09 12:30:00',1),(9,'2018-05-09 13:00:00',1),(9,'2018-05-09 13:30:00',1),(9,'2018-05-09 14:00:00',1),(9,'2018-05-09 16:30:00',1),(9,'2018-05-09 17:00:00',1),(9,'2018-05-09 17:30:00',1),(9,'2018-05-09 18:00:00',1),(9,'2018-05-09 18:30:00',1),(9,'2018-05-09 19:00:00',1),(9,'2018-05-11 08:30:00',1),(9,'2018-05-11 09:00:00',1),(9,'2018-05-11 09:30:00',1),(9,'2018-05-11 10:00:00',1),(9,'2018-05-11 10:30:00',1),(9,'2018-05-11 11:00:00',1),(9,'2018-05-11 11:30:00',1),(9,'2018-05-11 12:00:00',1),(9,'2018-05-11 12:30:00',1),(9,'2018-05-11 13:00:00',1),(9,'2018-05-11 13:30:00',1),(9,'2018-05-11 14:00:00',1),(9,'2018-05-11 16:30:00',1),(9,'2018-05-11 17:00:00',1),(9,'2018-05-11 17:30:00',1),(9,'2018-05-11 18:00:00',1),(9,'2018-05-11 18:30:00',1),(9,'2018-05-11 19:00:00',1),(9,'2018-05-14 08:30:00',1),(9,'2018-05-14 09:00:00',1),(9,'2018-05-14 09:30:00',1),(9,'2018-05-14 10:00:00',1),(9,'2018-05-14 10:30:00',1),(9,'2018-05-14 11:00:00',1),(9,'2018-05-14 11:30:00',1),(9,'2018-05-14 12:00:00',1),(9,'2018-05-14 12:30:00',1),(9,'2018-05-14 13:00:00',1),(9,'2018-05-14 13:30:00',1),(9,'2018-05-14 14:00:00',1),(9,'2018-05-14 16:30:00',1),(9,'2018-05-14 17:00:00',1),(9,'2018-05-14 17:30:00',1),(9,'2018-05-14 18:00:00',1),(9,'2018-05-14 18:30:00',1),(9,'2018-05-14 19:00:00',1),(9,'2018-05-16 08:30:00',1),(9,'2018-05-16 09:00:00',1),(9,'2018-05-16 09:30:00',1),(9,'2018-05-16 10:00:00',1),(9,'2018-05-16 10:30:00',1),(9,'2018-05-16 11:00:00',1),(9,'2018-05-16 11:30:00',1),(9,'2018-05-16 12:00:00',1),(9,'2018-05-16 12:30:00',1),(9,'2018-05-16 13:00:00',1),(9,'2018-05-16 13:30:00',1),(9,'2018-05-16 14:00:00',1),(9,'2018-05-16 16:30:00',1),(9,'2018-05-16 17:00:00',1),(9,'2018-05-16 17:30:00',1),(9,'2018-05-16 18:00:00',1),(9,'2018-05-16 18:30:00',1),(9,'2018-05-16 19:00:00',1),(9,'2018-05-18 08:30:00',1),(9,'2018-05-18 09:00:00',1),(9,'2018-05-18 09:30:00',1),(9,'2018-05-18 10:00:00',1),(9,'2018-05-18 10:30:00',1),(9,'2018-05-18 11:00:00',1),(9,'2018-05-18 11:30:00',1),(9,'2018-05-18 12:00:00',1),(9,'2018-05-18 12:30:00',1),(9,'2018-05-18 13:00:00',1),(9,'2018-05-18 13:30:00',1),(9,'2018-05-18 14:00:00',1),(9,'2018-05-18 16:30:00',1),(9,'2018-05-18 17:00:00',1),(9,'2018-05-18 17:30:00',1),(9,'2018-05-18 18:00:00',1),(9,'2018-05-18 18:30:00',1),(9,'2018-05-18 19:00:00',1),(9,'2018-05-21 08:30:00',1),(9,'2018-05-21 09:00:00',1),(9,'2018-05-21 09:30:00',1),(9,'2018-05-21 10:00:00',1),(9,'2018-05-21 10:30:00',1),(9,'2018-05-21 11:00:00',1),(9,'2018-05-21 11:30:00',1),(9,'2018-05-21 12:00:00',1),(9,'2018-05-21 12:30:00',1),(9,'2018-05-21 13:00:00',1),(9,'2018-05-21 13:30:00',1),(9,'2018-05-21 14:00:00',1),(9,'2018-05-21 16:30:00',1),(9,'2018-05-21 17:00:00',1),(9,'2018-05-21 17:30:00',1),(9,'2018-05-21 18:00:00',1),(9,'2018-05-21 18:30:00',1),(9,'2018-05-21 19:00:00',1),(9,'2018-05-23 08:30:00',1),(9,'2018-05-23 09:00:00',1),(9,'2018-05-23 09:30:00',1),(9,'2018-05-23 10:00:00',1),(9,'2018-05-23 10:30:00',1),(9,'2018-05-23 11:00:00',1),(9,'2018-05-23 11:30:00',1),(9,'2018-05-23 12:00:00',1),(9,'2018-05-23 12:30:00',1),(9,'2018-05-23 13:00:00',1),(9,'2018-05-23 13:30:00',1),(9,'2018-05-23 14:00:00',1),(9,'2018-05-23 16:30:00',1),(9,'2018-05-23 17:00:00',1),(9,'2018-05-23 17:30:00',1),(9,'2018-05-23 18:00:00',1),(9,'2018-05-23 18:30:00',1),(9,'2018-05-23 19:00:00',1),(9,'2018-05-25 08:30:00',1),(9,'2018-05-25 09:00:00',1),(9,'2018-05-25 09:30:00',1),(9,'2018-05-25 10:00:00',1),(9,'2018-05-25 10:30:00',1),(9,'2018-05-25 11:00:00',1),(9,'2018-05-25 11:30:00',1),(9,'2018-05-25 12:00:00',1),(9,'2018-05-25 12:30:00',1),(9,'2018-05-25 13:00:00',1),(9,'2018-05-25 13:30:00',1),(9,'2018-05-25 14:00:00',1),(9,'2018-05-25 16:30:00',1),(9,'2018-05-25 17:00:00',1),(9,'2018-05-25 17:30:00',1),(9,'2018-05-25 18:00:00',1),(9,'2018-05-25 18:30:00',1),(9,'2018-05-25 19:00:00',1),(9,'2018-05-28 08:30:00',1),(9,'2018-05-28 09:00:00',1),(9,'2018-05-28 09:30:00',1),(9,'2018-05-28 10:00:00',1),(9,'2018-05-28 10:30:00',1),(9,'2018-05-28 11:00:00',1),(9,'2018-05-28 11:30:00',1),(9,'2018-05-28 12:00:00',1),(9,'2018-05-28 12:30:00',1),(9,'2018-05-28 13:00:00',1),(9,'2018-05-28 13:30:00',1),(9,'2018-05-28 14:00:00',1),(9,'2018-05-28 16:30:00',1),(9,'2018-05-28 17:00:00',1),(9,'2018-05-28 17:30:00',1),(9,'2018-05-28 18:00:00',1),(9,'2018-05-28 18:30:00',1),(9,'2018-05-28 19:00:00',1),(9,'2018-05-30 08:30:00',1),(9,'2018-05-30 09:00:00',1),(9,'2018-05-30 09:30:00',1),(9,'2018-05-30 10:00:00',1),(9,'2018-05-30 10:30:00',1),(9,'2018-05-30 11:00:00',1),(9,'2018-05-30 11:30:00',1),(9,'2018-05-30 12:00:00',1),(9,'2018-05-30 12:30:00',1),(9,'2018-05-30 13:00:00',1),(9,'2018-05-30 13:30:00',1),(9,'2018-05-30 14:00:00',1),(9,'2018-05-30 16:30:00',1),(9,'2018-05-30 17:00:00',1),(9,'2018-05-30 17:30:00',1),(9,'2018-05-30 18:00:00',1),(9,'2018-05-30 18:30:00',1),(9,'2018-05-30 19:00:00',1),(9,'2018-06-01 08:30:00',1),(9,'2018-06-01 09:00:00',1),(9,'2018-06-01 09:30:00',1),(9,'2018-06-01 10:00:00',1),(9,'2018-06-01 10:30:00',1),(9,'2018-06-01 11:00:00',1),(9,'2018-06-01 11:30:00',1),(9,'2018-06-01 12:00:00',1),(9,'2018-06-01 12:30:00',1),(9,'2018-06-01 13:00:00',1),(9,'2018-06-01 13:30:00',1),(9,'2018-06-01 14:00:00',1),(9,'2018-06-01 16:30:00',1),(9,'2018-06-01 17:00:00',1),(9,'2018-06-01 17:30:00',1),(9,'2018-06-01 18:00:00',1),(9,'2018-06-01 18:30:00',1),(9,'2018-06-01 19:00:00',1),(9,'2018-06-04 08:30:00',1),(9,'2018-06-04 09:00:00',1),(9,'2018-06-04 09:30:00',1),(9,'2018-06-04 10:00:00',1),(9,'2018-06-04 10:30:00',1),(9,'2018-06-04 11:00:00',1),(9,'2018-06-04 11:30:00',1),(9,'2018-06-04 12:00:00',1),(9,'2018-06-04 12:30:00',1),(9,'2018-06-04 13:00:00',1),(9,'2018-06-04 13:30:00',1),(9,'2018-06-04 14:00:00',1),(9,'2018-06-04 16:30:00',1),(9,'2018-06-04 17:00:00',1),(9,'2018-06-04 17:30:00',1),(9,'2018-06-04 18:00:00',1),(9,'2018-06-04 18:30:00',1),(9,'2018-06-04 19:00:00',1),(9,'2018-06-06 08:30:00',1),(9,'2018-06-06 09:00:00',1),(9,'2018-06-06 09:30:00',1),(9,'2018-06-06 10:00:00',1),(9,'2018-06-06 10:30:00',1),(9,'2018-06-06 11:00:00',1),(9,'2018-06-06 11:30:00',1),(9,'2018-06-06 12:00:00',1),(9,'2018-06-06 12:30:00',1),(9,'2018-06-06 13:00:00',1),(9,'2018-06-06 13:30:00',1),(9,'2018-06-06 14:00:00',1),(9,'2018-06-06 16:30:00',1),(9,'2018-06-06 17:00:00',1),(9,'2018-06-06 17:30:00',1),(9,'2018-06-06 18:00:00',1),(9,'2018-06-06 18:30:00',1),(9,'2018-06-06 19:00:00',1),(9,'2018-06-08 08:30:00',1),(9,'2018-06-08 09:00:00',1),(9,'2018-06-08 09:30:00',1),(9,'2018-06-08 10:00:00',1),(9,'2018-06-08 10:30:00',1),(9,'2018-06-08 11:00:00',1),(9,'2018-06-08 11:30:00',1),(9,'2018-06-08 12:00:00',1),(9,'2018-06-08 12:30:00',1),(9,'2018-06-08 13:00:00',1),(9,'2018-06-08 13:30:00',1),(9,'2018-06-08 14:00:00',1),(9,'2018-06-08 16:30:00',1),(9,'2018-06-08 17:00:00',1),(9,'2018-06-08 17:30:00',1),(9,'2018-06-08 18:00:00',1),(9,'2018-06-08 18:30:00',1),(9,'2018-06-08 19:00:00',1),(9,'2018-06-11 08:30:00',1),(9,'2018-06-11 09:00:00',1),(9,'2018-06-11 09:30:00',1),(9,'2018-06-11 10:00:00',1),(9,'2018-06-11 10:30:00',1),(9,'2018-06-11 11:00:00',1),(9,'2018-06-11 11:30:00',1),(9,'2018-06-11 12:00:00',1),(9,'2018-06-11 12:30:00',1),(9,'2018-06-11 13:00:00',1),(9,'2018-06-11 13:30:00',1),(9,'2018-06-11 14:00:00',1),(9,'2018-06-11 16:30:00',1),(9,'2018-06-11 17:00:00',1),(9,'2018-06-11 17:30:00',1),(9,'2018-06-11 18:00:00',1),(9,'2018-06-11 18:30:00',1),(9,'2018-06-11 19:00:00',1),(9,'2018-06-13 08:30:00',1),(9,'2018-06-13 09:00:00',1),(9,'2018-06-13 09:30:00',1),(9,'2018-06-13 10:00:00',1),(9,'2018-06-13 10:30:00',1),(9,'2018-06-13 11:00:00',1),(9,'2018-06-13 11:30:00',1),(9,'2018-06-13 12:00:00',1),(9,'2018-06-13 12:30:00',1),(9,'2018-06-13 13:00:00',1),(9,'2018-06-13 13:30:00',1),(9,'2018-06-13 14:00:00',1),(9,'2018-06-13 16:30:00',1),(9,'2018-06-13 17:00:00',1),(9,'2018-06-13 17:30:00',1),(9,'2018-06-13 18:00:00',1),(9,'2018-06-13 18:30:00',1),(9,'2018-06-13 19:00:00',1),(9,'2018-06-15 08:30:00',1),(9,'2018-06-15 09:00:00',1),(9,'2018-06-15 09:30:00',1),(9,'2018-06-15 10:00:00',1),(9,'2018-06-15 10:30:00',1),(9,'2018-06-15 11:00:00',1),(9,'2018-06-15 11:30:00',1),(9,'2018-06-15 12:00:00',1),(9,'2018-06-15 12:30:00',1),(9,'2018-06-15 13:00:00',1),(9,'2018-06-15 13:30:00',1),(9,'2018-06-15 14:00:00',1),(9,'2018-06-15 16:30:00',1),(9,'2018-06-15 17:00:00',1),(9,'2018-06-15 17:30:00',1),(9,'2018-06-15 18:00:00',1),(9,'2018-06-15 18:30:00',1),(9,'2018-06-15 19:00:00',1),(9,'2018-06-18 08:30:00',1),(9,'2018-06-18 09:00:00',1),(9,'2018-06-18 09:30:00',1),(9,'2018-06-18 10:00:00',1),(9,'2018-06-18 10:30:00',1),(9,'2018-06-18 11:00:00',1),(9,'2018-06-18 11:30:00',1),(9,'2018-06-18 12:00:00',1),(9,'2018-06-18 12:30:00',1),(9,'2018-06-18 13:00:00',1),(9,'2018-06-18 13:30:00',1),(9,'2018-06-18 14:00:00',1),(9,'2018-06-18 16:30:00',1),(9,'2018-06-18 17:00:00',1),(9,'2018-06-18 17:30:00',1),(9,'2018-06-18 18:00:00',1),(9,'2018-06-18 18:30:00',1),(9,'2018-06-18 19:00:00',1),(9,'2018-06-20 08:30:00',1),(9,'2018-06-20 09:00:00',1),(9,'2018-06-20 09:30:00',1),(9,'2018-06-20 10:00:00',1),(9,'2018-06-20 10:30:00',1),(9,'2018-06-20 11:00:00',1),(9,'2018-06-20 11:30:00',1),(9,'2018-06-20 12:00:00',1),(9,'2018-06-20 12:30:00',1),(9,'2018-06-20 13:00:00',1),(9,'2018-06-20 13:30:00',1),(9,'2018-06-20 14:00:00',1),(9,'2018-06-20 16:30:00',1),(9,'2018-06-20 17:00:00',1),(9,'2018-06-20 17:30:00',1),(9,'2018-06-20 18:00:00',1),(9,'2018-06-20 18:30:00',1),(9,'2018-06-20 19:00:00',1),(9,'2018-06-22 08:30:00',1),(9,'2018-06-22 09:00:00',1),(9,'2018-06-22 09:30:00',1),(9,'2018-06-22 10:00:00',1),(9,'2018-06-22 10:30:00',1),(9,'2018-06-22 11:00:00',1),(9,'2018-06-22 11:30:00',1),(9,'2018-06-22 12:00:00',1),(9,'2018-06-22 12:30:00',1),(9,'2018-06-22 13:00:00',1),(9,'2018-06-22 13:30:00',1),(9,'2018-06-22 14:00:00',1),(9,'2018-06-22 16:30:00',1),(9,'2018-06-22 17:00:00',1),(9,'2018-06-22 17:30:00',1),(9,'2018-06-22 18:00:00',1),(9,'2018-06-22 18:30:00',1),(9,'2018-06-22 19:00:00',1),(9,'2018-06-25 08:30:00',1),(9,'2018-06-25 09:00:00',1),(9,'2018-06-25 09:30:00',1),(9,'2018-06-25 10:00:00',1),(9,'2018-06-25 10:30:00',1),(9,'2018-06-25 11:00:00',1),(9,'2018-06-25 11:30:00',1),(9,'2018-06-25 12:00:00',1),(9,'2018-06-25 12:30:00',1),(9,'2018-06-25 13:00:00',1),(9,'2018-06-25 13:30:00',1),(9,'2018-06-25 14:00:00',1),(9,'2018-06-25 16:30:00',1),(9,'2018-06-25 17:00:00',1),(9,'2018-06-25 17:30:00',1),(9,'2018-06-25 18:00:00',1),(9,'2018-06-25 18:30:00',1),(9,'2018-06-25 19:00:00',1),(9,'2018-06-27 08:30:00',1),(9,'2018-06-27 09:00:00',1),(9,'2018-06-27 09:30:00',1),(9,'2018-06-27 10:00:00',1),(9,'2018-06-27 10:30:00',1),(9,'2018-06-27 11:00:00',1),(9,'2018-06-27 11:30:00',1),(9,'2018-06-27 12:00:00',1),(9,'2018-06-27 12:30:00',1),(9,'2018-06-27 13:00:00',1),(9,'2018-06-27 13:30:00',1),(9,'2018-06-27 14:00:00',1),(9,'2018-06-27 16:30:00',1),(9,'2018-06-27 17:00:00',1),(9,'2018-06-27 17:30:00',1),(9,'2018-06-27 18:00:00',1),(9,'2018-06-27 18:30:00',1),(9,'2018-06-27 19:00:00',1),(9,'2018-06-29 08:30:00',1),(9,'2018-06-29 09:00:00',1),(9,'2018-06-29 09:30:00',1),(9,'2018-06-29 10:00:00',1),(9,'2018-06-29 10:30:00',1),(9,'2018-06-29 11:00:00',1),(9,'2018-06-29 11:30:00',1),(9,'2018-06-29 12:00:00',1),(9,'2018-06-29 12:30:00',1),(9,'2018-06-29 13:00:00',1),(9,'2018-06-29 13:30:00',1),(9,'2018-06-29 14:00:00',1),(9,'2018-06-29 16:30:00',1),(9,'2018-06-29 17:00:00',1),(9,'2018-06-29 17:30:00',1),(9,'2018-06-29 18:00:00',1),(9,'2018-06-29 18:30:00',1),(9,'2018-06-29 19:00:00',1),(9,'2018-07-02 08:30:00',1),(9,'2018-07-02 09:00:00',1),(9,'2018-07-02 09:30:00',1),(9,'2018-07-02 10:00:00',1),(9,'2018-07-02 10:30:00',1),(9,'2018-07-02 11:00:00',1),(9,'2018-07-02 11:30:00',1),(9,'2018-07-02 12:00:00',1),(9,'2018-07-02 12:30:00',1),(9,'2018-07-02 13:00:00',1),(9,'2018-07-02 13:30:00',1),(9,'2018-07-02 14:00:00',1),(9,'2018-07-02 16:30:00',1),(9,'2018-07-02 17:00:00',1),(9,'2018-07-02 17:30:00',1),(9,'2018-07-02 18:00:00',1),(9,'2018-07-02 18:30:00',1),(9,'2018-07-02 19:00:00',1),(9,'2018-07-04 08:30:00',1),(9,'2018-07-04 09:00:00',1),(9,'2018-07-04 09:30:00',1),(9,'2018-07-04 10:00:00',1),(9,'2018-07-04 10:30:00',1),(9,'2018-07-04 11:00:00',1),(9,'2018-07-04 11:30:00',1),(9,'2018-07-04 12:00:00',1),(9,'2018-07-04 12:30:00',1),(9,'2018-07-04 13:00:00',1),(9,'2018-07-04 13:30:00',1),(9,'2018-07-04 14:00:00',1),(9,'2018-07-04 16:30:00',1),(9,'2018-07-04 17:00:00',1),(9,'2018-07-04 17:30:00',1),(9,'2018-07-04 18:00:00',1),(9,'2018-07-04 18:30:00',1),(9,'2018-07-04 19:00:00',1),(9,'2018-07-06 08:30:00',1),(9,'2018-07-06 09:00:00',1),(9,'2018-07-06 09:30:00',1),(9,'2018-07-06 10:00:00',1),(9,'2018-07-06 10:30:00',1),(9,'2018-07-06 11:00:00',1),(9,'2018-07-06 11:30:00',1),(9,'2018-07-06 12:00:00',1),(9,'2018-07-06 12:30:00',1),(9,'2018-07-06 13:00:00',1),(9,'2018-07-06 13:30:00',1),(9,'2018-07-06 14:00:00',1),(9,'2018-07-06 16:30:00',1),(9,'2018-07-06 17:00:00',1),(9,'2018-07-06 17:30:00',1),(9,'2018-07-06 18:00:00',1),(9,'2018-07-06 18:30:00',1),(9,'2018-07-06 19:00:00',1),(9,'2018-07-09 08:30:00',1),(9,'2018-07-09 09:00:00',1),(9,'2018-07-09 09:30:00',1),(9,'2018-07-09 10:00:00',1),(9,'2018-07-09 10:30:00',1),(9,'2018-07-09 11:00:00',1),(9,'2018-07-09 11:30:00',1),(9,'2018-07-09 12:00:00',1),(9,'2018-07-09 12:30:00',1),(9,'2018-07-09 13:00:00',1),(9,'2018-07-09 13:30:00',1),(9,'2018-07-09 14:00:00',1),(9,'2018-07-09 16:30:00',1),(9,'2018-07-09 17:00:00',1),(9,'2018-07-09 17:30:00',1),(9,'2018-07-09 18:00:00',1),(9,'2018-07-09 18:30:00',1),(9,'2018-07-09 19:00:00',1),(9,'2018-07-11 08:30:00',1),(9,'2018-07-11 09:00:00',1),(9,'2018-07-11 09:30:00',1),(9,'2018-07-11 10:00:00',1),(9,'2018-07-11 10:30:00',1),(9,'2018-07-11 11:00:00',1),(9,'2018-07-11 11:30:00',1),(9,'2018-07-11 12:00:00',1),(9,'2018-07-11 12:30:00',1),(9,'2018-07-11 13:00:00',1),(9,'2018-07-11 13:30:00',1),(9,'2018-07-11 14:00:00',1),(9,'2018-07-11 16:30:00',1),(9,'2018-07-11 17:00:00',1),(9,'2018-07-11 17:30:00',1),(9,'2018-07-11 18:00:00',1),(9,'2018-07-11 18:30:00',1),(9,'2018-07-11 19:00:00',1),(9,'2018-07-13 08:30:00',1),(9,'2018-07-13 09:00:00',1),(9,'2018-07-13 09:30:00',1),(9,'2018-07-13 10:00:00',1),(9,'2018-07-13 10:30:00',1),(9,'2018-07-13 11:00:00',1),(9,'2018-07-13 11:30:00',1),(9,'2018-07-13 12:00:00',1),(9,'2018-07-13 12:30:00',1),(9,'2018-07-13 13:00:00',1),(9,'2018-07-13 13:30:00',1),(9,'2018-07-13 14:00:00',1),(9,'2018-07-13 16:30:00',1),(9,'2018-07-13 17:00:00',1),(9,'2018-07-13 17:30:00',1),(9,'2018-07-13 18:00:00',1),(9,'2018-07-13 18:30:00',1),(9,'2018-07-13 19:00:00',1),(9,'2018-07-16 08:30:00',1),(9,'2018-07-16 09:00:00',1),(9,'2018-07-16 09:30:00',1),(9,'2018-07-16 10:00:00',1),(9,'2018-07-16 10:30:00',1),(9,'2018-07-16 11:00:00',1),(9,'2018-07-16 11:30:00',1),(9,'2018-07-16 12:00:00',1),(9,'2018-07-16 12:30:00',1),(9,'2018-07-16 13:00:00',1),(9,'2018-07-16 13:30:00',1),(9,'2018-07-16 14:00:00',1),(9,'2018-07-16 16:30:00',1),(9,'2018-07-16 17:00:00',1),(9,'2018-07-16 17:30:00',1),(9,'2018-07-16 18:00:00',1),(9,'2018-07-16 18:30:00',1),(9,'2018-07-16 19:00:00',1),(9,'2018-07-18 08:30:00',1),(9,'2018-07-18 09:00:00',1),(9,'2018-07-18 09:30:00',1),(9,'2018-07-18 10:00:00',1),(9,'2018-07-18 10:30:00',1),(9,'2018-07-18 11:00:00',1),(9,'2018-07-18 11:30:00',1),(9,'2018-07-18 12:00:00',1),(9,'2018-07-18 12:30:00',1),(9,'2018-07-18 13:00:00',1),(9,'2018-07-18 13:30:00',1),(9,'2018-07-18 14:00:00',1),(9,'2018-07-18 16:30:00',1),(9,'2018-07-18 17:00:00',1),(9,'2018-07-18 17:30:00',1),(9,'2018-07-18 18:00:00',1),(9,'2018-07-18 18:30:00',1),(9,'2018-07-18 19:00:00',1),(9,'2018-07-20 08:30:00',1),(9,'2018-07-20 09:00:00',1),(9,'2018-07-20 09:30:00',1),(9,'2018-07-20 10:00:00',1),(9,'2018-07-20 10:30:00',1),(9,'2018-07-20 11:00:00',1),(9,'2018-07-20 11:30:00',1),(9,'2018-07-20 12:00:00',1),(9,'2018-07-20 12:30:00',1),(9,'2018-07-20 13:00:00',1),(9,'2018-07-20 13:30:00',1),(9,'2018-07-20 14:00:00',1),(9,'2018-07-20 16:30:00',1),(9,'2018-07-20 17:00:00',1),(9,'2018-07-20 17:30:00',1),(9,'2018-07-20 18:00:00',1),(9,'2018-07-20 18:30:00',1),(9,'2018-07-20 19:00:00',1),(9,'2018-07-23 08:30:00',1),(9,'2018-07-23 09:00:00',1),(9,'2018-07-23 09:30:00',1),(9,'2018-07-23 10:00:00',1),(9,'2018-07-23 10:30:00',1),(9,'2018-07-23 11:00:00',1),(9,'2018-07-23 11:30:00',1),(9,'2018-07-23 12:00:00',1),(9,'2018-07-23 12:30:00',1),(9,'2018-07-23 13:00:00',1),(9,'2018-07-23 13:30:00',1),(9,'2018-07-23 14:00:00',1),(9,'2018-07-23 16:30:00',1),(9,'2018-07-23 17:00:00',1),(9,'2018-07-23 17:30:00',1),(9,'2018-07-23 18:00:00',1),(9,'2018-07-23 18:30:00',1),(9,'2018-07-23 19:00:00',1),(9,'2018-07-25 08:30:00',1),(9,'2018-07-25 09:00:00',1),(9,'2018-07-25 09:30:00',1),(9,'2018-07-25 10:00:00',1),(9,'2018-07-25 10:30:00',1),(9,'2018-07-25 11:00:00',1),(9,'2018-07-25 11:30:00',1),(9,'2018-07-25 12:00:00',1),(9,'2018-07-25 12:30:00',1),(9,'2018-07-25 13:00:00',1),(9,'2018-07-25 13:30:00',1),(9,'2018-07-25 14:00:00',1),(9,'2018-07-25 16:30:00',1),(9,'2018-07-25 17:00:00',1),(9,'2018-07-25 17:30:00',1),(9,'2018-07-25 18:00:00',1),(9,'2018-07-25 18:30:00',1),(9,'2018-07-25 19:00:00',1),(9,'2018-07-27 08:30:00',1),(9,'2018-07-27 09:00:00',1),(9,'2018-07-27 09:30:00',1),(9,'2018-07-27 10:00:00',1),(9,'2018-07-27 10:30:00',1),(9,'2018-07-27 11:00:00',1),(9,'2018-07-27 11:30:00',1),(9,'2018-07-27 12:00:00',1),(9,'2018-07-27 12:30:00',1),(9,'2018-07-27 13:00:00',1),(9,'2018-07-27 13:30:00',1),(9,'2018-07-27 14:00:00',1),(9,'2018-07-27 16:30:00',1),(9,'2018-07-27 17:00:00',1),(9,'2018-07-27 17:30:00',1),(9,'2018-07-27 18:00:00',1),(9,'2018-07-27 18:30:00',1),(9,'2018-07-27 19:00:00',1),(9,'2018-07-30 08:30:00',1),(9,'2018-07-30 09:00:00',1),(9,'2018-07-30 09:30:00',1),(9,'2018-07-30 10:00:00',1),(9,'2018-07-30 10:30:00',1),(9,'2018-07-30 11:00:00',1),(9,'2018-07-30 11:30:00',1),(9,'2018-07-30 12:00:00',1),(9,'2018-07-30 12:30:00',1),(9,'2018-07-30 13:00:00',1),(9,'2018-07-30 13:30:00',1),(9,'2018-07-30 14:00:00',1),(9,'2018-07-30 16:30:00',1),(9,'2018-07-30 17:00:00',1),(9,'2018-07-30 17:30:00',1),(9,'2018-07-30 18:00:00',1),(9,'2018-07-30 18:30:00',1),(9,'2018-07-30 19:00:00',1),(9,'2018-08-01 08:30:00',1),(9,'2018-08-01 09:00:00',1),(9,'2018-08-01 09:30:00',1),(9,'2018-08-01 10:00:00',1),(9,'2018-08-01 10:30:00',1),(9,'2018-08-01 11:00:00',1),(9,'2018-08-01 11:30:00',1),(9,'2018-08-01 12:00:00',1),(9,'2018-08-01 12:30:00',1),(9,'2018-08-01 13:00:00',1),(9,'2018-08-01 13:30:00',1),(9,'2018-08-01 14:00:00',1),(9,'2018-08-01 16:30:00',1),(9,'2018-08-01 17:00:00',1),(9,'2018-08-01 17:30:00',1),(9,'2018-08-01 18:00:00',1),(9,'2018-08-01 18:30:00',1),(9,'2018-08-01 19:00:00',1),(9,'2018-08-03 08:30:00',1),(9,'2018-08-03 09:00:00',1),(9,'2018-08-03 09:30:00',1),(9,'2018-08-03 10:00:00',1),(9,'2018-08-03 10:30:00',1),(9,'2018-08-03 11:00:00',1),(9,'2018-08-03 11:30:00',1),(9,'2018-08-03 12:00:00',1),(9,'2018-08-03 12:30:00',1),(9,'2018-08-03 13:00:00',1),(9,'2018-08-03 13:30:00',1),(9,'2018-08-03 14:00:00',1),(9,'2018-08-03 16:30:00',1),(9,'2018-08-03 17:00:00',1),(9,'2018-08-03 17:30:00',1),(9,'2018-08-03 18:00:00',1),(9,'2018-08-03 18:30:00',1),(9,'2018-08-03 19:00:00',1),(9,'2018-08-06 08:30:00',1),(9,'2018-08-06 09:00:00',1),(9,'2018-08-06 09:30:00',1),(9,'2018-08-06 10:00:00',1),(9,'2018-08-06 10:30:00',1),(9,'2018-08-06 11:00:00',1),(9,'2018-08-06 11:30:00',1),(9,'2018-08-06 12:00:00',1),(9,'2018-08-06 12:30:00',1),(9,'2018-08-06 13:00:00',1),(9,'2018-08-06 13:30:00',1),(9,'2018-08-06 14:00:00',1),(9,'2018-08-06 16:30:00',1),(9,'2018-08-06 17:00:00',1),(9,'2018-08-06 17:30:00',1),(9,'2018-08-06 18:00:00',1),(9,'2018-08-06 18:30:00',1),(9,'2018-08-06 19:00:00',1),(9,'2018-08-08 08:30:00',1),(9,'2018-08-08 09:00:00',1),(9,'2018-08-08 09:30:00',1),(9,'2018-08-08 10:00:00',1),(9,'2018-08-08 10:30:00',1),(9,'2018-08-08 11:00:00',1),(9,'2018-08-08 11:30:00',1),(9,'2018-08-08 12:00:00',1),(9,'2018-08-08 12:30:00',1),(9,'2018-08-08 13:00:00',1),(9,'2018-08-08 13:30:00',1),(9,'2018-08-08 14:00:00',1),(9,'2018-08-08 16:30:00',1),(9,'2018-08-08 17:00:00',1),(9,'2018-08-08 17:30:00',1),(9,'2018-08-08 18:00:00',1),(9,'2018-08-08 18:30:00',1),(9,'2018-08-08 19:00:00',1),(9,'2018-08-10 08:30:00',1),(9,'2018-08-10 09:00:00',1),(9,'2018-08-10 09:30:00',1),(9,'2018-08-10 10:00:00',1),(9,'2018-08-10 10:30:00',1),(9,'2018-08-10 11:00:00',1),(9,'2018-08-10 11:30:00',1),(9,'2018-08-10 12:00:00',1),(9,'2018-08-10 12:30:00',1),(9,'2018-08-10 13:00:00',1),(9,'2018-08-10 13:30:00',1),(9,'2018-08-10 14:00:00',1),(9,'2018-08-10 16:30:00',1),(9,'2018-08-10 17:00:00',1),(9,'2018-08-10 17:30:00',1),(9,'2018-08-10 18:00:00',1),(9,'2018-08-10 18:30:00',1),(9,'2018-08-10 19:00:00',1),(9,'2018-08-13 08:30:00',1),(9,'2018-08-13 09:00:00',1),(9,'2018-08-13 09:30:00',1),(9,'2018-08-13 10:00:00',1),(9,'2018-08-13 10:30:00',1),(9,'2018-08-13 11:00:00',1),(9,'2018-08-13 11:30:00',1),(9,'2018-08-13 12:00:00',1),(9,'2018-08-13 12:30:00',1),(9,'2018-08-13 13:00:00',1),(9,'2018-08-13 13:30:00',1),(9,'2018-08-13 14:00:00',1),(9,'2018-08-13 16:30:00',1),(9,'2018-08-13 17:00:00',1),(9,'2018-08-13 17:30:00',1),(9,'2018-08-13 18:00:00',1),(9,'2018-08-13 18:30:00',1),(9,'2018-08-13 19:00:00',1),(9,'2018-08-15 08:30:00',1),(9,'2018-08-15 09:00:00',1),(9,'2018-08-15 09:30:00',1),(9,'2018-08-15 10:00:00',1),(9,'2018-08-15 10:30:00',1),(9,'2018-08-15 11:00:00',1),(9,'2018-08-15 11:30:00',1),(9,'2018-08-15 12:00:00',1),(9,'2018-08-15 12:30:00',1),(9,'2018-08-15 13:00:00',1),(9,'2018-08-15 13:30:00',1),(9,'2018-08-15 14:00:00',1),(9,'2018-08-15 16:30:00',1),(9,'2018-08-15 17:00:00',1),(9,'2018-08-15 17:30:00',1),(9,'2018-08-15 18:00:00',1),(9,'2018-08-15 18:30:00',1),(9,'2018-08-15 19:00:00',1),(9,'2018-08-17 08:30:00',1),(9,'2018-08-17 09:00:00',1),(9,'2018-08-17 09:30:00',1),(9,'2018-08-17 10:00:00',1),(9,'2018-08-17 10:30:00',1),(9,'2018-08-17 11:00:00',1),(9,'2018-08-17 11:30:00',1),(9,'2018-08-17 12:00:00',1),(9,'2018-08-17 12:30:00',1),(9,'2018-08-17 13:00:00',1),(9,'2018-08-17 13:30:00',1),(9,'2018-08-17 14:00:00',1),(9,'2018-08-17 16:30:00',1),(9,'2018-08-17 17:00:00',1),(9,'2018-08-17 17:30:00',1),(9,'2018-08-17 18:00:00',1),(9,'2018-08-17 18:30:00',1),(9,'2018-08-17 19:00:00',1),(9,'2018-08-20 08:30:00',1),(9,'2018-08-20 09:00:00',1),(9,'2018-08-20 09:30:00',1),(9,'2018-08-20 10:00:00',1),(9,'2018-08-20 10:30:00',1),(9,'2018-08-20 11:00:00',1),(9,'2018-08-20 11:30:00',1),(9,'2018-08-20 12:00:00',1),(9,'2018-08-20 12:30:00',1),(9,'2018-08-20 13:00:00',1),(9,'2018-08-20 13:30:00',1),(9,'2018-08-20 14:00:00',1),(9,'2018-08-20 16:30:00',1),(9,'2018-08-20 17:00:00',1),(9,'2018-08-20 17:30:00',1),(9,'2018-08-20 18:00:00',1),(9,'2018-08-20 18:30:00',1),(9,'2018-08-20 19:00:00',1),(9,'2018-08-22 08:30:00',1),(9,'2018-08-22 09:00:00',1),(9,'2018-08-22 09:30:00',1),(9,'2018-08-22 10:00:00',1),(9,'2018-08-22 10:30:00',1),(9,'2018-08-22 11:00:00',1),(9,'2018-08-22 11:30:00',1),(9,'2018-08-22 12:00:00',1),(9,'2018-08-22 12:30:00',1),(9,'2018-08-22 13:00:00',1),(9,'2018-08-22 13:30:00',1),(9,'2018-08-22 14:00:00',1),(9,'2018-08-22 16:30:00',1),(9,'2018-08-22 17:00:00',1),(9,'2018-08-22 17:30:00',1),(9,'2018-08-22 18:00:00',1),(9,'2018-08-22 18:30:00',1),(9,'2018-08-22 19:00:00',1),(9,'2018-08-24 08:30:00',1),(9,'2018-08-24 09:00:00',1),(9,'2018-08-24 09:30:00',1),(9,'2018-08-24 10:00:00',1),(9,'2018-08-24 10:30:00',1),(9,'2018-08-24 11:00:00',1),(9,'2018-08-24 11:30:00',1),(9,'2018-08-24 12:00:00',1),(9,'2018-08-24 12:30:00',1),(9,'2018-08-24 13:00:00',1),(9,'2018-08-24 13:30:00',1),(9,'2018-08-24 14:00:00',1),(9,'2018-08-24 16:30:00',1),(9,'2018-08-24 17:00:00',1),(9,'2018-08-24 17:30:00',1),(9,'2018-08-24 18:00:00',1),(9,'2018-08-24 18:30:00',1),(9,'2018-08-24 19:00:00',1),(9,'2018-08-27 08:30:00',1),(9,'2018-08-27 09:00:00',1),(9,'2018-08-27 09:30:00',1),(9,'2018-08-27 10:00:00',1),(9,'2018-08-27 10:30:00',1),(9,'2018-08-27 11:00:00',1),(9,'2018-08-27 11:30:00',1),(9,'2018-08-27 12:00:00',1),(9,'2018-08-27 12:30:00',1),(9,'2018-08-27 13:00:00',1),(9,'2018-08-27 13:30:00',1),(9,'2018-08-27 14:00:00',1),(9,'2018-08-27 16:30:00',1),(9,'2018-08-27 17:00:00',1),(9,'2018-08-27 17:30:00',1),(9,'2018-08-27 18:00:00',1),(9,'2018-08-27 18:30:00',1),(9,'2018-08-27 19:00:00',1),(9,'2018-08-29 08:30:00',1),(9,'2018-08-29 09:00:00',1),(9,'2018-08-29 09:30:00',1),(9,'2018-08-29 10:00:00',1),(9,'2018-08-29 10:30:00',1),(9,'2018-08-29 11:00:00',1),(9,'2018-08-29 11:30:00',1),(9,'2018-08-29 12:00:00',1),(9,'2018-08-29 12:30:00',1),(9,'2018-08-29 13:00:00',1),(9,'2018-08-29 13:30:00',1),(9,'2018-08-29 14:00:00',1),(9,'2018-08-29 16:30:00',1),(9,'2018-08-29 17:00:00',1),(9,'2018-08-29 17:30:00',1),(9,'2018-08-29 18:00:00',1),(9,'2018-08-29 18:30:00',1),(9,'2018-08-29 19:00:00',1),(9,'2018-08-31 08:30:00',1),(9,'2018-08-31 09:00:00',1),(9,'2018-08-31 09:30:00',1),(9,'2018-08-31 10:00:00',1),(9,'2018-08-31 10:30:00',1),(9,'2018-08-31 11:00:00',1),(9,'2018-08-31 11:30:00',1),(9,'2018-08-31 12:00:00',1),(9,'2018-08-31 12:30:00',1),(9,'2018-08-31 13:00:00',1),(9,'2018-08-31 13:30:00',1),(9,'2018-08-31 14:00:00',1),(9,'2018-08-31 16:30:00',1),(9,'2018-08-31 17:00:00',1),(9,'2018-08-31 17:30:00',1),(9,'2018-08-31 18:00:00',1),(9,'2018-08-31 18:30:00',1),(9,'2018-08-31 19:00:00',1),(9,'2018-09-03 08:30:00',1),(9,'2018-09-03 09:00:00',1),(9,'2018-09-03 09:30:00',1),(9,'2018-09-03 10:00:00',1),(9,'2018-09-03 10:30:00',1),(9,'2018-09-03 11:00:00',1),(9,'2018-09-03 11:30:00',1),(9,'2018-09-03 12:00:00',1),(9,'2018-09-03 12:30:00',1),(9,'2018-09-03 13:00:00',1),(9,'2018-09-03 13:30:00',1),(9,'2018-09-03 14:00:00',1),(9,'2018-09-03 16:30:00',1),(9,'2018-09-03 17:00:00',1),(9,'2018-09-03 17:30:00',1),(9,'2018-09-03 18:00:00',1),(9,'2018-09-03 18:30:00',1),(9,'2018-09-03 19:00:00',1),(9,'2018-09-05 08:30:00',1),(9,'2018-09-05 09:00:00',1),(9,'2018-09-05 09:30:00',1),(9,'2018-09-05 10:00:00',1),(9,'2018-09-05 10:30:00',1),(9,'2018-09-05 11:00:00',1),(9,'2018-09-05 11:30:00',1),(9,'2018-09-05 12:00:00',1),(9,'2018-09-05 12:30:00',1),(9,'2018-09-05 13:00:00',1),(9,'2018-09-05 13:30:00',1),(9,'2018-09-05 14:00:00',1),(9,'2018-09-05 16:30:00',1),(9,'2018-09-05 17:00:00',1),(9,'2018-09-05 17:30:00',1),(9,'2018-09-05 18:00:00',1),(9,'2018-09-05 18:30:00',1),(9,'2018-09-05 19:00:00',1),(9,'2018-09-07 08:30:00',1),(9,'2018-09-07 09:00:00',1),(9,'2018-09-07 09:30:00',1),(9,'2018-09-07 10:00:00',1),(9,'2018-09-07 10:30:00',1),(9,'2018-09-07 11:00:00',1),(9,'2018-09-07 11:30:00',1),(9,'2018-09-07 12:00:00',1),(9,'2018-09-07 12:30:00',1),(9,'2018-09-07 13:00:00',1),(9,'2018-09-07 13:30:00',1),(9,'2018-09-07 14:00:00',1),(9,'2018-09-07 16:30:00',1),(9,'2018-09-07 17:00:00',1),(9,'2018-09-07 17:30:00',1),(9,'2018-09-07 18:00:00',1),(9,'2018-09-07 18:30:00',1),(9,'2018-09-07 19:00:00',1),(9,'2018-09-10 08:30:00',1),(9,'2018-09-10 09:00:00',1),(9,'2018-09-10 09:30:00',1),(9,'2018-09-10 10:00:00',1),(9,'2018-09-10 10:30:00',1),(9,'2018-09-10 11:00:00',1),(9,'2018-09-10 11:30:00',1),(9,'2018-09-10 12:00:00',1),(9,'2018-09-10 12:30:00',1),(9,'2018-09-10 13:00:00',1),(9,'2018-09-10 13:30:00',1),(9,'2018-09-10 14:00:00',1),(9,'2018-09-10 16:30:00',1),(9,'2018-09-10 17:00:00',1),(9,'2018-09-10 17:30:00',1),(9,'2018-09-10 18:00:00',1),(9,'2018-09-10 18:30:00',1),(9,'2018-09-10 19:00:00',1),(9,'2018-09-12 08:30:00',1),(9,'2018-09-12 09:00:00',1),(9,'2018-09-12 09:30:00',1),(9,'2018-09-12 10:00:00',1),(9,'2018-09-12 10:30:00',1),(9,'2018-09-12 11:00:00',1),(9,'2018-09-12 11:30:00',1),(9,'2018-09-12 12:00:00',1),(9,'2018-09-12 12:30:00',1),(9,'2018-09-12 13:00:00',1),(9,'2018-09-12 13:30:00',1),(9,'2018-09-12 14:00:00',1),(9,'2018-09-12 16:30:00',1),(9,'2018-09-12 17:00:00',1),(9,'2018-09-12 17:30:00',1),(9,'2018-09-12 18:00:00',1),(9,'2018-09-12 18:30:00',1),(9,'2018-09-12 19:00:00',1),(9,'2018-09-14 08:30:00',1),(9,'2018-09-14 09:00:00',1),(9,'2018-09-14 09:30:00',1),(9,'2018-09-14 10:00:00',1),(9,'2018-09-14 10:30:00',1),(9,'2018-09-14 11:00:00',1),(9,'2018-09-14 11:30:00',1),(9,'2018-09-14 12:00:00',1),(9,'2018-09-14 12:30:00',1),(9,'2018-09-14 13:00:00',1),(9,'2018-09-14 13:30:00',1),(9,'2018-09-14 14:00:00',1),(9,'2018-09-14 16:30:00',1),(9,'2018-09-14 17:00:00',1),(9,'2018-09-14 17:30:00',1),(9,'2018-09-14 18:00:00',1),(9,'2018-09-14 18:30:00',1),(9,'2018-09-14 19:00:00',1),(9,'2018-09-17 08:30:00',1),(9,'2018-09-17 09:00:00',1),(9,'2018-09-17 09:30:00',1),(9,'2018-09-17 10:00:00',1),(9,'2018-09-17 10:30:00',1),(9,'2018-09-17 11:00:00',1),(9,'2018-09-17 11:30:00',1),(9,'2018-09-17 12:00:00',1),(9,'2018-09-17 12:30:00',1),(9,'2018-09-17 13:00:00',1),(9,'2018-09-17 13:30:00',1),(9,'2018-09-17 14:00:00',1),(9,'2018-09-17 16:30:00',1),(9,'2018-09-17 17:00:00',1),(9,'2018-09-17 17:30:00',1),(9,'2018-09-17 18:00:00',1),(9,'2018-09-17 18:30:00',1),(9,'2018-09-17 19:00:00',1),(9,'2018-09-19 08:30:00',1),(9,'2018-09-19 09:00:00',1),(9,'2018-09-19 09:30:00',1),(9,'2018-09-19 10:00:00',1),(9,'2018-09-19 10:30:00',1),(9,'2018-09-19 11:00:00',1),(9,'2018-09-19 11:30:00',1),(9,'2018-09-19 12:00:00',1),(9,'2018-09-19 12:30:00',1),(9,'2018-09-19 13:00:00',1),(9,'2018-09-19 13:30:00',1),(9,'2018-09-19 14:00:00',1),(9,'2018-09-19 16:30:00',1),(9,'2018-09-19 17:00:00',1),(9,'2018-09-19 17:30:00',1),(9,'2018-09-19 18:00:00',1),(9,'2018-09-19 18:30:00',1),(9,'2018-09-19 19:00:00',1),(9,'2018-09-21 08:30:00',1),(9,'2018-09-21 09:00:00',1),(9,'2018-09-21 09:30:00',1),(9,'2018-09-21 10:00:00',1),(9,'2018-09-21 10:30:00',1),(9,'2018-09-21 11:00:00',1),(9,'2018-09-21 11:30:00',1),(9,'2018-09-21 12:00:00',1),(9,'2018-09-21 12:30:00',1),(9,'2018-09-21 13:00:00',1),(9,'2018-09-21 13:30:00',1),(9,'2018-09-21 14:00:00',1),(9,'2018-09-21 16:30:00',1),(9,'2018-09-21 17:00:00',1),(9,'2018-09-21 17:30:00',1),(9,'2018-09-21 18:00:00',1),(9,'2018-09-21 18:30:00',1),(9,'2018-09-21 19:00:00',1),(9,'2018-09-24 08:30:00',1),(9,'2018-09-24 09:00:00',1),(9,'2018-09-24 09:30:00',1),(9,'2018-09-24 10:00:00',1),(9,'2018-09-24 10:30:00',1),(9,'2018-09-24 11:00:00',1),(9,'2018-09-24 11:30:00',1),(9,'2018-09-24 12:00:00',1),(9,'2018-09-24 12:30:00',1),(9,'2018-09-24 13:00:00',1),(9,'2018-09-24 13:30:00',1),(9,'2018-09-24 14:00:00',1),(9,'2018-09-24 16:30:00',1),(9,'2018-09-24 17:00:00',1),(9,'2018-09-24 17:30:00',1),(9,'2018-09-24 18:00:00',1),(9,'2018-09-24 18:30:00',1),(9,'2018-09-24 19:00:00',1),(9,'2018-09-26 08:30:00',1),(9,'2018-09-26 09:00:00',1),(9,'2018-09-26 09:30:00',1),(9,'2018-09-26 10:00:00',1),(9,'2018-09-26 10:30:00',1),(9,'2018-09-26 11:00:00',1),(9,'2018-09-26 11:30:00',1),(9,'2018-09-26 12:00:00',1),(9,'2018-09-26 12:30:00',1),(9,'2018-09-26 13:00:00',1),(9,'2018-09-26 13:30:00',1),(9,'2018-09-26 14:00:00',1),(9,'2018-09-26 16:30:00',1),(9,'2018-09-26 17:00:00',1),(9,'2018-09-26 17:30:00',1),(9,'2018-09-26 18:00:00',1),(9,'2018-09-26 18:30:00',1),(9,'2018-09-26 19:00:00',1),(9,'2018-09-28 08:30:00',1),(9,'2018-09-28 09:00:00',1),(9,'2018-09-28 09:30:00',1),(9,'2018-09-28 10:00:00',1),(9,'2018-09-28 10:30:00',1),(9,'2018-09-28 11:00:00',1),(9,'2018-09-28 11:30:00',1),(9,'2018-09-28 12:00:00',1),(9,'2018-09-28 12:30:00',1),(9,'2018-09-28 13:00:00',1),(9,'2018-09-28 13:30:00',1),(9,'2018-09-28 14:00:00',1),(9,'2018-09-28 16:30:00',1),(9,'2018-09-28 17:00:00',1),(9,'2018-09-28 17:30:00',1),(9,'2018-09-28 18:00:00',1),(9,'2018-09-28 18:30:00',1),(9,'2018-09-28 19:00:00',1),(9,'2018-10-01 08:30:00',1),(9,'2018-10-01 09:00:00',1),(9,'2018-10-01 09:30:00',1),(9,'2018-10-01 10:00:00',1),(9,'2018-10-01 10:30:00',1),(9,'2018-10-01 11:00:00',1),(9,'2018-10-01 11:30:00',1),(9,'2018-10-01 12:00:00',1),(9,'2018-10-01 12:30:00',1),(9,'2018-10-01 13:00:00',1),(9,'2018-10-01 13:30:00',1),(9,'2018-10-01 14:00:00',1),(9,'2018-10-01 16:30:00',1),(9,'2018-10-01 17:00:00',1),(9,'2018-10-01 17:30:00',1),(9,'2018-10-01 18:00:00',1),(9,'2018-10-01 18:30:00',1),(9,'2018-10-01 19:00:00',1),(9,'2018-10-03 08:30:00',1),(9,'2018-10-03 09:00:00',1),(9,'2018-10-03 09:30:00',1),(9,'2018-10-03 10:00:00',1),(9,'2018-10-03 10:30:00',1),(9,'2018-10-03 11:00:00',1),(9,'2018-10-03 11:30:00',1),(9,'2018-10-03 12:00:00',1),(9,'2018-10-03 12:30:00',1),(9,'2018-10-03 13:00:00',1),(9,'2018-10-03 13:30:00',1),(9,'2018-10-03 14:00:00',1),(9,'2018-10-03 16:30:00',1),(9,'2018-10-03 17:00:00',1),(9,'2018-10-03 17:30:00',1),(9,'2018-10-03 18:00:00',1),(9,'2018-10-03 18:30:00',1),(9,'2018-10-03 19:00:00',1),(9,'2018-10-05 08:30:00',1),(9,'2018-10-05 09:00:00',1),(9,'2018-10-05 09:30:00',1),(9,'2018-10-05 10:00:00',1),(9,'2018-10-05 10:30:00',1),(9,'2018-10-05 11:00:00',1),(9,'2018-10-05 11:30:00',1),(9,'2018-10-05 12:00:00',1),(9,'2018-10-05 12:30:00',1),(9,'2018-10-05 13:00:00',1),(9,'2018-10-05 13:30:00',1),(9,'2018-10-05 14:00:00',1),(9,'2018-10-05 16:30:00',1),(9,'2018-10-05 17:00:00',1),(9,'2018-10-05 17:30:00',1),(9,'2018-10-05 18:00:00',1),(9,'2018-10-05 18:30:00',1),(9,'2018-10-05 19:00:00',1),(9,'2018-10-08 08:30:00',1),(9,'2018-10-08 09:00:00',1),(9,'2018-10-08 09:30:00',1),(9,'2018-10-08 10:00:00',1),(9,'2018-10-08 10:30:00',1),(9,'2018-10-08 11:00:00',1),(9,'2018-10-08 11:30:00',1),(9,'2018-10-08 12:00:00',1),(9,'2018-10-08 12:30:00',1),(9,'2018-10-08 13:00:00',1),(9,'2018-10-08 13:30:00',1),(9,'2018-10-08 14:00:00',1),(9,'2018-10-08 16:30:00',1),(9,'2018-10-08 17:00:00',1),(9,'2018-10-08 17:30:00',1),(9,'2018-10-08 18:00:00',1),(9,'2018-10-08 18:30:00',1),(9,'2018-10-08 19:00:00',1),(9,'2018-10-10 08:30:00',1),(9,'2018-10-10 09:00:00',1),(9,'2018-10-10 09:30:00',1),(9,'2018-10-10 10:00:00',1),(9,'2018-10-10 10:30:00',1),(9,'2018-10-10 11:00:00',1),(9,'2018-10-10 11:30:00',1),(9,'2018-10-10 12:00:00',1),(9,'2018-10-10 12:30:00',1),(9,'2018-10-10 13:00:00',1),(9,'2018-10-10 13:30:00',1),(9,'2018-10-10 14:00:00',1),(9,'2018-10-10 16:30:00',1),(9,'2018-10-10 17:00:00',1),(9,'2018-10-10 17:30:00',1),(9,'2018-10-10 18:00:00',1),(9,'2018-10-10 18:30:00',1),(9,'2018-10-10 19:00:00',1),(9,'2018-10-12 08:30:00',1),(9,'2018-10-12 09:00:00',1),(9,'2018-10-12 09:30:00',1),(9,'2018-10-12 10:00:00',1),(9,'2018-10-12 10:30:00',1),(9,'2018-10-12 11:00:00',1),(9,'2018-10-12 11:30:00',1),(9,'2018-10-12 12:00:00',1),(9,'2018-10-12 12:30:00',1),(9,'2018-10-12 13:00:00',1),(9,'2018-10-12 13:30:00',1),(9,'2018-10-12 14:00:00',1),(9,'2018-10-12 16:30:00',1),(9,'2018-10-12 17:00:00',1),(9,'2018-10-12 17:30:00',1),(9,'2018-10-12 18:00:00',1),(9,'2018-10-12 18:30:00',1),(9,'2018-10-12 19:00:00',1),(9,'2018-10-15 08:30:00',1),(9,'2018-10-15 09:00:00',1),(9,'2018-10-15 09:30:00',1),(9,'2018-10-15 10:00:00',1),(9,'2018-10-15 10:30:00',1),(9,'2018-10-15 11:00:00',1),(9,'2018-10-15 11:30:00',1),(9,'2018-10-15 12:00:00',1),(9,'2018-10-15 12:30:00',1),(9,'2018-10-15 13:00:00',1),(9,'2018-10-15 13:30:00',1),(9,'2018-10-15 14:00:00',1),(9,'2018-10-15 16:30:00',1),(9,'2018-10-15 17:00:00',1),(9,'2018-10-15 17:30:00',1),(9,'2018-10-15 18:00:00',1),(9,'2018-10-15 18:30:00',1),(9,'2018-10-15 19:00:00',1),(9,'2018-10-17 08:30:00',1),(9,'2018-10-17 09:00:00',1),(9,'2018-10-17 09:30:00',1),(9,'2018-10-17 10:00:00',1),(9,'2018-10-17 10:30:00',1),(9,'2018-10-17 11:00:00',1),(9,'2018-10-17 11:30:00',1),(9,'2018-10-17 12:00:00',1),(9,'2018-10-17 12:30:00',1),(9,'2018-10-17 13:00:00',1),(9,'2018-10-17 13:30:00',1),(9,'2018-10-17 14:00:00',1),(9,'2018-10-17 16:30:00',1),(9,'2018-10-17 17:00:00',1),(9,'2018-10-17 17:30:00',1),(9,'2018-10-17 18:00:00',1),(9,'2018-10-17 18:30:00',1),(9,'2018-10-17 19:00:00',1),(9,'2018-10-19 08:30:00',1),(9,'2018-10-19 09:00:00',1),(9,'2018-10-19 09:30:00',1),(9,'2018-10-19 10:00:00',1),(9,'2018-10-19 10:30:00',1),(9,'2018-10-19 11:00:00',1),(9,'2018-10-19 11:30:00',1),(9,'2018-10-19 12:00:00',1),(9,'2018-10-19 12:30:00',1),(9,'2018-10-19 13:00:00',1),(9,'2018-10-19 13:30:00',1),(9,'2018-10-19 14:00:00',1),(9,'2018-10-19 16:30:00',1),(9,'2018-10-19 17:00:00',1),(9,'2018-10-19 17:30:00',1),(9,'2018-10-19 18:00:00',1),(9,'2018-10-19 18:30:00',1),(9,'2018-10-19 19:00:00',1),(9,'2018-10-22 08:30:00',1),(9,'2018-10-22 09:00:00',1),(9,'2018-10-22 09:30:00',1),(9,'2018-10-22 10:00:00',1),(9,'2018-10-22 10:30:00',1),(9,'2018-10-22 11:00:00',1),(9,'2018-10-22 11:30:00',1),(9,'2018-10-22 12:00:00',1),(9,'2018-10-22 12:30:00',1),(9,'2018-10-22 13:00:00',1),(9,'2018-10-22 13:30:00',1),(9,'2018-10-22 14:00:00',1),(9,'2018-10-22 16:30:00',1),(9,'2018-10-22 17:00:00',1),(9,'2018-10-22 17:30:00',1),(9,'2018-10-22 18:00:00',1),(9,'2018-10-22 18:30:00',1),(9,'2018-10-22 19:00:00',1),(9,'2018-10-24 08:30:00',1),(9,'2018-10-24 09:00:00',1),(9,'2018-10-24 09:30:00',1),(9,'2018-10-24 10:00:00',1),(9,'2018-10-24 10:30:00',1),(9,'2018-10-24 11:00:00',1),(9,'2018-10-24 11:30:00',1),(9,'2018-10-24 12:00:00',1),(9,'2018-10-24 12:30:00',1),(9,'2018-10-24 13:00:00',1),(9,'2018-10-24 13:30:00',1),(9,'2018-10-24 14:00:00',1),(9,'2018-10-24 16:30:00',1),(9,'2018-10-24 17:00:00',1),(9,'2018-10-24 17:30:00',1),(9,'2018-10-24 18:00:00',1),(9,'2018-10-24 18:30:00',1),(9,'2018-10-24 19:00:00',1),(9,'2018-10-26 08:30:00',1),(9,'2018-10-26 09:00:00',1),(9,'2018-10-26 09:30:00',1),(9,'2018-10-26 10:00:00',1),(9,'2018-10-26 10:30:00',1),(9,'2018-10-26 11:00:00',1),(9,'2018-10-26 11:30:00',1),(9,'2018-10-26 12:00:00',1),(9,'2018-10-26 12:30:00',1),(9,'2018-10-26 13:00:00',1),(9,'2018-10-26 13:30:00',1),(9,'2018-10-26 14:00:00',1),(9,'2018-10-26 16:30:00',1),(9,'2018-10-26 17:00:00',1),(9,'2018-10-26 17:30:00',1),(9,'2018-10-26 18:00:00',1),(9,'2018-10-26 18:30:00',1),(9,'2018-10-26 19:00:00',1),(9,'2018-10-29 08:30:00',1),(9,'2018-10-29 09:00:00',1),(9,'2018-10-29 09:30:00',1),(9,'2018-10-29 10:00:00',1),(9,'2018-10-29 10:30:00',1),(9,'2018-10-29 11:00:00',1),(9,'2018-10-29 11:30:00',1),(9,'2018-10-29 12:00:00',1),(9,'2018-10-29 12:30:00',1),(9,'2018-10-29 13:00:00',1),(9,'2018-10-29 13:30:00',1),(9,'2018-10-29 14:00:00',1),(9,'2018-10-29 16:30:00',1),(9,'2018-10-29 17:00:00',1),(9,'2018-10-29 17:30:00',1),(9,'2018-10-29 18:00:00',1),(9,'2018-10-29 18:30:00',1),(9,'2018-10-29 19:00:00',1),(9,'2018-10-31 08:30:00',1),(9,'2018-10-31 09:00:00',1),(9,'2018-10-31 09:30:00',1),(9,'2018-10-31 10:00:00',1),(9,'2018-10-31 10:30:00',1),(9,'2018-10-31 11:00:00',1),(9,'2018-10-31 11:30:00',1),(9,'2018-10-31 12:00:00',1),(9,'2018-10-31 12:30:00',1),(9,'2018-10-31 13:00:00',1),(9,'2018-10-31 13:30:00',1),(9,'2018-10-31 14:00:00',1),(9,'2018-10-31 16:30:00',1),(9,'2018-10-31 17:00:00',1),(9,'2018-10-31 17:30:00',1),(9,'2018-10-31 18:00:00',1),(9,'2018-10-31 18:30:00',1),(9,'2018-10-31 19:00:00',1),(9,'2018-11-02 08:30:00',1),(9,'2018-11-02 09:00:00',1),(9,'2018-11-02 09:30:00',1),(9,'2018-11-02 10:00:00',1),(9,'2018-11-02 10:30:00',1),(9,'2018-11-02 11:00:00',1),(9,'2018-11-02 11:30:00',1),(9,'2018-11-02 12:00:00',1),(9,'2018-11-02 12:30:00',1),(9,'2018-11-02 13:00:00',1),(9,'2018-11-02 13:30:00',1),(9,'2018-11-02 14:00:00',1),(9,'2018-11-02 16:30:00',1),(9,'2018-11-02 17:00:00',1),(9,'2018-11-02 17:30:00',1),(9,'2018-11-02 18:00:00',1),(9,'2018-11-02 18:30:00',1),(9,'2018-11-02 19:00:00',1),(9,'2018-11-05 08:30:00',1),(9,'2018-11-05 09:00:00',1),(9,'2018-11-05 09:30:00',1),(9,'2018-11-05 10:00:00',1),(9,'2018-11-05 10:30:00',1),(9,'2018-11-05 11:00:00',1),(9,'2018-11-05 11:30:00',1),(9,'2018-11-05 12:00:00',1),(9,'2018-11-05 12:30:00',1),(9,'2018-11-05 13:00:00',1),(9,'2018-11-05 13:30:00',1),(9,'2018-11-05 14:00:00',1),(9,'2018-11-05 16:30:00',1),(9,'2018-11-05 17:00:00',1),(9,'2018-11-05 17:30:00',1),(9,'2018-11-05 18:00:00',1),(9,'2018-11-05 18:30:00',1),(9,'2018-11-05 19:00:00',1),(9,'2018-11-07 08:30:00',1),(9,'2018-11-07 09:00:00',1),(9,'2018-11-07 09:30:00',1),(9,'2018-11-07 10:00:00',1),(9,'2018-11-07 10:30:00',1),(9,'2018-11-07 11:00:00',1),(9,'2018-11-07 11:30:00',1),(9,'2018-11-07 12:00:00',1),(9,'2018-11-07 12:30:00',1),(9,'2018-11-07 13:00:00',1),(9,'2018-11-07 13:30:00',1),(9,'2018-11-07 14:00:00',1),(9,'2018-11-07 16:30:00',1),(9,'2018-11-07 17:00:00',1),(9,'2018-11-07 17:30:00',1),(9,'2018-11-07 18:00:00',1),(9,'2018-11-07 18:30:00',1),(9,'2018-11-07 19:00:00',1),(9,'2018-11-09 08:30:00',1),(9,'2018-11-09 09:00:00',1),(9,'2018-11-09 09:30:00',1),(9,'2018-11-09 10:00:00',1),(9,'2018-11-09 10:30:00',1),(9,'2018-11-09 11:00:00',1),(9,'2018-11-09 11:30:00',1),(9,'2018-11-09 12:00:00',1),(9,'2018-11-09 12:30:00',1),(9,'2018-11-09 13:00:00',1),(9,'2018-11-09 13:30:00',1),(9,'2018-11-09 14:00:00',1),(9,'2018-11-09 16:30:00',1),(9,'2018-11-09 17:00:00',1),(9,'2018-11-09 17:30:00',1),(9,'2018-11-09 18:00:00',1),(9,'2018-11-09 18:30:00',1),(9,'2018-11-09 19:00:00',1),(9,'2018-11-12 08:30:00',1),(9,'2018-11-12 09:00:00',1),(9,'2018-11-12 09:30:00',1),(9,'2018-11-12 10:00:00',1),(9,'2018-11-12 10:30:00',1),(9,'2018-11-12 11:00:00',1),(9,'2018-11-12 11:30:00',1),(9,'2018-11-12 12:00:00',1),(9,'2018-11-12 12:30:00',1),(9,'2018-11-12 13:00:00',1),(9,'2018-11-12 13:30:00',1),(9,'2018-11-12 14:00:00',1),(9,'2018-11-12 16:30:00',1),(9,'2018-11-12 17:00:00',1),(9,'2018-11-12 17:30:00',1),(9,'2018-11-12 18:00:00',1),(9,'2018-11-12 18:30:00',1),(9,'2018-11-12 19:00:00',1),(9,'2018-11-14 08:30:00',1),(9,'2018-11-14 09:00:00',1),(9,'2018-11-14 09:30:00',1),(9,'2018-11-14 10:00:00',1),(9,'2018-11-14 10:30:00',1),(9,'2018-11-14 11:00:00',1),(9,'2018-11-14 11:30:00',1),(9,'2018-11-14 12:00:00',1),(9,'2018-11-14 12:30:00',1),(9,'2018-11-14 13:00:00',1),(9,'2018-11-14 13:30:00',1),(9,'2018-11-14 14:00:00',1),(9,'2018-11-14 16:30:00',1),(9,'2018-11-14 17:00:00',1),(9,'2018-11-14 17:30:00',1),(9,'2018-11-14 18:00:00',1),(9,'2018-11-14 18:30:00',1),(9,'2018-11-14 19:00:00',1),(9,'2018-11-16 08:30:00',1),(9,'2018-11-16 09:00:00',1),(9,'2018-11-16 09:30:00',1),(9,'2018-11-16 10:00:00',1),(9,'2018-11-16 10:30:00',1),(9,'2018-11-16 11:00:00',1),(9,'2018-11-16 11:30:00',1),(9,'2018-11-16 12:00:00',1),(9,'2018-11-16 12:30:00',1),(9,'2018-11-16 13:00:00',1),(9,'2018-11-16 13:30:00',1),(9,'2018-11-16 14:00:00',1),(9,'2018-11-16 16:30:00',1),(9,'2018-11-16 17:00:00',1),(9,'2018-11-16 17:30:00',1),(9,'2018-11-16 18:00:00',1),(9,'2018-11-16 18:30:00',1),(9,'2018-11-16 19:00:00',1),(9,'2018-11-19 08:30:00',1),(9,'2018-11-19 09:00:00',1),(9,'2018-11-19 09:30:00',1),(9,'2018-11-19 10:00:00',1),(9,'2018-11-19 10:30:00',1),(9,'2018-11-19 11:00:00',1),(9,'2018-11-19 11:30:00',1),(9,'2018-11-19 12:00:00',1),(9,'2018-11-19 12:30:00',1),(9,'2018-11-19 13:00:00',1),(9,'2018-11-19 13:30:00',1),(9,'2018-11-19 14:00:00',1),(9,'2018-11-19 16:30:00',1),(9,'2018-11-19 17:00:00',1),(9,'2018-11-19 17:30:00',1),(9,'2018-11-19 18:00:00',1),(9,'2018-11-19 18:30:00',1),(9,'2018-11-19 19:00:00',1),(9,'2018-11-21 08:30:00',1),(9,'2018-11-21 09:00:00',1),(9,'2018-11-21 09:30:00',1),(9,'2018-11-21 10:00:00',1),(9,'2018-11-21 10:30:00',1),(9,'2018-11-21 11:00:00',1),(9,'2018-11-21 11:30:00',1),(9,'2018-11-21 12:00:00',1),(9,'2018-11-21 12:30:00',1),(9,'2018-11-21 13:00:00',1),(9,'2018-11-21 13:30:00',1),(9,'2018-11-21 14:00:00',1),(9,'2018-11-21 16:30:00',1),(9,'2018-11-21 17:00:00',1),(9,'2018-11-21 17:30:00',1),(9,'2018-11-21 18:00:00',1),(9,'2018-11-21 18:30:00',1),(9,'2018-11-21 19:00:00',1),(9,'2018-11-23 08:30:00',1),(9,'2018-11-23 09:00:00',1),(9,'2018-11-23 09:30:00',1),(9,'2018-11-23 10:00:00',1),(9,'2018-11-23 10:30:00',1),(9,'2018-11-23 11:00:00',1),(9,'2018-11-23 11:30:00',1),(9,'2018-11-23 12:00:00',1),(9,'2018-11-23 12:30:00',1),(9,'2018-11-23 13:00:00',1),(9,'2018-11-23 13:30:00',1),(9,'2018-11-23 14:00:00',1),(9,'2018-11-23 16:30:00',1),(9,'2018-11-23 17:00:00',1),(9,'2018-11-23 17:30:00',1),(9,'2018-11-23 18:00:00',1),(9,'2018-11-23 18:30:00',1),(9,'2018-11-23 19:00:00',1),(9,'2018-11-26 08:30:00',1),(9,'2018-11-26 09:00:00',1),(9,'2018-11-26 09:30:00',1),(9,'2018-11-26 10:00:00',1),(9,'2018-11-26 10:30:00',1),(9,'2018-11-26 11:00:00',1),(9,'2018-11-26 11:30:00',1),(9,'2018-11-26 12:00:00',1),(9,'2018-11-26 12:30:00',1),(9,'2018-11-26 13:00:00',1),(9,'2018-11-26 13:30:00',1),(9,'2018-11-26 14:00:00',1),(9,'2018-11-26 16:30:00',1),(9,'2018-11-26 17:00:00',1),(9,'2018-11-26 17:30:00',1),(9,'2018-11-26 18:00:00',1),(9,'2018-11-26 18:30:00',1),(9,'2018-11-26 19:00:00',1),(9,'2018-11-28 08:30:00',1),(9,'2018-11-28 09:00:00',1),(9,'2018-11-28 09:30:00',1),(9,'2018-11-28 10:00:00',1),(9,'2018-11-28 10:30:00',1),(9,'2018-11-28 11:00:00',1),(9,'2018-11-28 11:30:00',1),(9,'2018-11-28 12:00:00',1),(9,'2018-11-28 12:30:00',1),(9,'2018-11-28 13:00:00',1),(9,'2018-11-28 13:30:00',1),(9,'2018-11-28 14:00:00',1),(9,'2018-11-28 16:30:00',1),(9,'2018-11-28 17:00:00',1),(9,'2018-11-28 17:30:00',1),(9,'2018-11-28 18:00:00',1),(9,'2018-11-28 18:30:00',1),(9,'2018-11-28 19:00:00',1),(9,'2018-11-30 08:30:00',1),(9,'2018-11-30 09:00:00',1),(9,'2018-11-30 09:30:00',1),(9,'2018-11-30 10:00:00',1),(9,'2018-11-30 10:30:00',1),(9,'2018-11-30 11:00:00',1),(9,'2018-11-30 11:30:00',1),(9,'2018-11-30 12:00:00',1),(9,'2018-11-30 12:30:00',1),(9,'2018-11-30 13:00:00',1),(9,'2018-11-30 13:30:00',1),(9,'2018-11-30 14:00:00',1),(9,'2018-11-30 16:30:00',1),(9,'2018-11-30 17:00:00',1),(9,'2018-11-30 17:30:00',1),(9,'2018-11-30 18:00:00',1),(9,'2018-11-30 18:30:00',1),(9,'2018-11-30 19:00:00',1),(9,'2018-12-03 08:30:00',1),(9,'2018-12-03 09:00:00',1),(9,'2018-12-03 09:30:00',1),(9,'2018-12-03 10:00:00',1),(9,'2018-12-03 10:30:00',1),(9,'2018-12-03 11:00:00',1),(9,'2018-12-03 11:30:00',1),(9,'2018-12-03 12:00:00',1),(9,'2018-12-03 12:30:00',1),(9,'2018-12-03 13:00:00',1),(9,'2018-12-03 13:30:00',1),(9,'2018-12-03 14:00:00',1),(9,'2018-12-03 16:30:00',1),(9,'2018-12-03 17:00:00',1),(9,'2018-12-03 17:30:00',1),(9,'2018-12-03 18:00:00',1),(9,'2018-12-03 18:30:00',1),(9,'2018-12-03 19:00:00',1),(9,'2018-12-05 08:30:00',1),(9,'2018-12-05 09:00:00',1),(9,'2018-12-05 09:30:00',1),(9,'2018-12-05 10:00:00',1),(9,'2018-12-05 10:30:00',1),(9,'2018-12-05 11:00:00',1),(9,'2018-12-05 11:30:00',1),(9,'2018-12-05 12:00:00',1),(9,'2018-12-05 12:30:00',1),(9,'2018-12-05 13:00:00',1),(9,'2018-12-05 13:30:00',1),(9,'2018-12-05 14:00:00',1),(9,'2018-12-05 16:30:00',1),(9,'2018-12-05 17:00:00',1),(9,'2018-12-05 17:30:00',1),(9,'2018-12-05 18:00:00',1),(9,'2018-12-05 18:30:00',1),(9,'2018-12-05 19:00:00',1),(9,'2018-12-07 08:30:00',1),(9,'2018-12-07 09:00:00',1),(9,'2018-12-07 09:30:00',1),(9,'2018-12-07 10:00:00',1),(9,'2018-12-07 10:30:00',1),(9,'2018-12-07 11:00:00',1),(9,'2018-12-07 11:30:00',1),(9,'2018-12-07 12:00:00',1),(9,'2018-12-07 12:30:00',1),(9,'2018-12-07 13:00:00',1),(9,'2018-12-07 13:30:00',1),(9,'2018-12-07 14:00:00',1),(9,'2018-12-07 16:30:00',1),(9,'2018-12-07 17:00:00',1),(9,'2018-12-07 17:30:00',1),(9,'2018-12-07 18:00:00',1),(9,'2018-12-07 18:30:00',1),(9,'2018-12-07 19:00:00',1),(9,'2018-12-10 08:30:00',1),(9,'2018-12-10 09:00:00',1),(9,'2018-12-10 09:30:00',1),(9,'2018-12-10 10:00:00',1),(9,'2018-12-10 10:30:00',1),(9,'2018-12-10 11:00:00',1),(9,'2018-12-10 11:30:00',1),(9,'2018-12-10 12:00:00',1),(9,'2018-12-10 12:30:00',1),(9,'2018-12-10 13:00:00',1),(9,'2018-12-10 13:30:00',1),(9,'2018-12-10 14:00:00',1),(9,'2018-12-10 16:30:00',1),(9,'2018-12-10 17:00:00',1),(9,'2018-12-10 17:30:00',1),(9,'2018-12-10 18:00:00',1),(9,'2018-12-10 18:30:00',1),(9,'2018-12-10 19:00:00',1),(9,'2018-12-12 08:30:00',1),(9,'2018-12-12 09:00:00',1),(9,'2018-12-12 09:30:00',1),(9,'2018-12-12 10:00:00',1),(9,'2018-12-12 10:30:00',1),(9,'2018-12-12 11:00:00',1),(9,'2018-12-12 11:30:00',1),(9,'2018-12-12 12:00:00',1),(9,'2018-12-12 12:30:00',1),(9,'2018-12-12 13:00:00',1),(9,'2018-12-12 13:30:00',1),(9,'2018-12-12 14:00:00',1),(9,'2018-12-12 16:30:00',1),(9,'2018-12-12 17:00:00',1),(9,'2018-12-12 17:30:00',1),(9,'2018-12-12 18:00:00',1),(9,'2018-12-12 18:30:00',1),(9,'2018-12-12 19:00:00',1),(9,'2018-12-14 08:30:00',1),(9,'2018-12-14 09:00:00',1),(9,'2018-12-14 09:30:00',1),(9,'2018-12-14 10:00:00',1),(9,'2018-12-14 10:30:00',1),(9,'2018-12-14 11:00:00',1),(9,'2018-12-14 11:30:00',1),(9,'2018-12-14 12:00:00',1),(9,'2018-12-14 12:30:00',1),(9,'2018-12-14 13:00:00',1),(9,'2018-12-14 13:30:00',1),(9,'2018-12-14 14:00:00',1),(9,'2018-12-14 16:30:00',1),(9,'2018-12-14 17:00:00',1),(9,'2018-12-14 17:30:00',1),(9,'2018-12-14 18:00:00',1),(9,'2018-12-14 18:30:00',1),(9,'2018-12-14 19:00:00',1),(9,'2018-12-17 08:30:00',1),(9,'2018-12-17 09:00:00',1),(9,'2018-12-17 09:30:00',1),(9,'2018-12-17 10:00:00',1),(9,'2018-12-17 10:30:00',1),(9,'2018-12-17 11:00:00',1),(9,'2018-12-17 11:30:00',1),(9,'2018-12-17 12:00:00',1),(9,'2018-12-17 12:30:00',1),(9,'2018-12-17 13:00:00',1),(9,'2018-12-17 13:30:00',1),(9,'2018-12-17 14:00:00',1),(9,'2018-12-17 16:30:00',1),(9,'2018-12-17 17:00:00',1),(9,'2018-12-17 17:30:00',1),(9,'2018-12-17 18:00:00',1),(9,'2018-12-17 18:30:00',1),(9,'2018-12-17 19:00:00',1),(9,'2018-12-19 08:30:00',1),(9,'2018-12-19 09:00:00',1),(9,'2018-12-19 09:30:00',1),(9,'2018-12-19 10:00:00',1),(9,'2018-12-19 10:30:00',1),(9,'2018-12-19 11:00:00',1),(9,'2018-12-19 11:30:00',1),(9,'2018-12-19 12:00:00',1),(9,'2018-12-19 12:30:00',1),(9,'2018-12-19 13:00:00',1),(9,'2018-12-19 13:30:00',1),(9,'2018-12-19 14:00:00',1),(9,'2018-12-19 16:30:00',1),(9,'2018-12-19 17:00:00',1),(9,'2018-12-19 17:30:00',1),(9,'2018-12-19 18:00:00',1),(9,'2018-12-19 18:30:00',1),(9,'2018-12-19 19:00:00',1),(9,'2018-12-21 08:30:00',1),(9,'2018-12-21 09:00:00',1),(9,'2018-12-21 09:30:00',1),(9,'2018-12-21 10:00:00',1),(9,'2018-12-21 10:30:00',1),(9,'2018-12-21 11:00:00',1),(9,'2018-12-21 11:30:00',1),(9,'2018-12-21 12:00:00',1),(9,'2018-12-21 12:30:00',1),(9,'2018-12-21 13:00:00',1),(9,'2018-12-21 13:30:00',1),(9,'2018-12-21 14:00:00',1),(9,'2018-12-21 16:30:00',1),(9,'2018-12-21 17:00:00',1),(9,'2018-12-21 17:30:00',1),(9,'2018-12-21 18:00:00',1),(9,'2018-12-21 18:30:00',1),(9,'2018-12-21 19:00:00',1),(9,'2018-12-24 08:30:00',1),(9,'2018-12-24 09:00:00',1),(9,'2018-12-24 09:30:00',1),(9,'2018-12-24 10:00:00',1),(9,'2018-12-24 10:30:00',1),(9,'2018-12-24 11:00:00',1),(9,'2018-12-24 11:30:00',1),(9,'2018-12-24 12:00:00',1),(9,'2018-12-24 12:30:00',1),(9,'2018-12-24 13:00:00',1),(9,'2018-12-24 13:30:00',1),(9,'2018-12-24 14:00:00',1),(9,'2018-12-24 16:30:00',1),(9,'2018-12-24 17:00:00',1),(9,'2018-12-24 17:30:00',1),(9,'2018-12-24 18:00:00',1),(9,'2018-12-24 18:30:00',1),(9,'2018-12-24 19:00:00',1),(9,'2018-12-26 08:30:00',1),(9,'2018-12-26 09:00:00',1),(9,'2018-12-26 09:30:00',1),(9,'2018-12-26 10:00:00',1),(9,'2018-12-26 10:30:00',1),(9,'2018-12-26 11:00:00',1),(9,'2018-12-26 11:30:00',1),(9,'2018-12-26 12:00:00',1),(9,'2018-12-26 12:30:00',1),(9,'2018-12-26 13:00:00',1),(9,'2018-12-26 13:30:00',1),(9,'2018-12-26 14:00:00',1),(9,'2018-12-26 16:30:00',1),(9,'2018-12-26 17:00:00',1),(9,'2018-12-26 17:30:00',1),(9,'2018-12-26 18:00:00',1),(9,'2018-12-26 18:30:00',1),(9,'2018-12-26 19:00:00',1),(9,'2018-12-28 08:30:00',1),(9,'2018-12-28 09:00:00',1),(9,'2018-12-28 09:30:00',1),(9,'2018-12-28 10:00:00',1),(9,'2018-12-28 10:30:00',1),(9,'2018-12-28 11:00:00',1),(9,'2018-12-28 11:30:00',1),(9,'2018-12-28 12:00:00',1),(9,'2018-12-28 12:30:00',1),(9,'2018-12-28 13:00:00',1),(9,'2018-12-28 13:30:00',1),(9,'2018-12-28 14:00:00',1),(9,'2018-12-28 16:30:00',1),(9,'2018-12-28 17:00:00',1),(9,'2018-12-28 17:30:00',1),(9,'2018-12-28 18:00:00',1),(9,'2018-12-28 18:30:00',1),(9,'2018-12-28 19:00:00',1),(9,'2018-12-31 08:30:00',1),(9,'2018-12-31 09:00:00',1),(9,'2018-12-31 09:30:00',1),(9,'2018-12-31 10:00:00',1),(9,'2018-12-31 10:30:00',1),(9,'2018-12-31 11:00:00',1),(9,'2018-12-31 11:30:00',1),(9,'2018-12-31 12:00:00',1),(9,'2018-12-31 12:30:00',1),(9,'2018-12-31 13:00:00',1),(9,'2018-12-31 13:30:00',1),(9,'2018-12-31 14:00:00',1),(9,'2018-12-31 16:30:00',1),(9,'2018-12-31 17:00:00',1),(9,'2018-12-31 17:30:00',1),(9,'2018-12-31 18:00:00',1),(9,'2018-12-31 18:30:00',1),(9,'2018-12-31 19:00:00',1),(12,'2018-03-02 08:30:00',1),(12,'2018-03-02 09:00:00',1),(12,'2018-03-02 09:30:00',1),(12,'2018-03-02 10:00:00',1),(12,'2018-03-02 10:30:00',1),(12,'2018-03-02 11:00:00',1),(12,'2018-03-02 11:30:00',1),(12,'2018-03-02 12:00:00',1),(12,'2018-03-02 12:30:00',1),(12,'2018-03-02 13:00:00',1),(12,'2018-03-02 13:30:00',1),(12,'2018-03-02 14:00:00',1),(12,'2018-03-02 16:30:00',1),(12,'2018-03-02 17:00:00',1),(12,'2018-03-02 17:30:00',1),(12,'2018-03-02 18:00:00',1),(12,'2018-03-02 18:30:00',1),(12,'2018-03-02 19:00:00',1),(12,'2018-03-05 08:30:00',1),(12,'2018-03-05 09:00:00',1),(12,'2018-03-05 09:30:00',1),(12,'2018-03-05 10:00:00',1),(12,'2018-03-05 10:30:00',1),(12,'2018-03-05 11:00:00',1),(12,'2018-03-05 11:30:00',1),(12,'2018-03-05 12:00:00',1),(12,'2018-03-05 12:30:00',1),(12,'2018-03-05 13:00:00',1),(12,'2018-03-05 13:30:00',1),(12,'2018-03-05 14:00:00',1),(12,'2018-03-05 16:30:00',1),(12,'2018-03-05 17:00:00',1),(12,'2018-03-05 17:30:00',1),(12,'2018-03-05 18:00:00',1),(12,'2018-03-05 18:30:00',1),(12,'2018-03-05 19:00:00',1),(12,'2018-03-07 08:30:00',1),(12,'2018-03-07 09:00:00',1),(12,'2018-03-07 09:30:00',1),(12,'2018-03-07 10:00:00',1),(12,'2018-03-07 10:30:00',1),(12,'2018-03-07 11:00:00',1),(12,'2018-03-07 11:30:00',1),(12,'2018-03-07 12:00:00',1),(12,'2018-03-07 12:30:00',1),(12,'2018-03-07 13:00:00',1),(12,'2018-03-07 13:30:00',1),(12,'2018-03-07 14:00:00',1),(12,'2018-03-07 16:30:00',1),(12,'2018-03-07 17:00:00',1),(12,'2018-03-07 17:30:00',1),(12,'2018-03-07 18:00:00',1),(12,'2018-03-07 18:30:00',1),(12,'2018-03-07 19:00:00',1),(12,'2018-03-09 08:30:00',1),(12,'2018-03-09 09:00:00',1),(12,'2018-03-09 09:30:00',1),(12,'2018-03-09 10:00:00',1),(12,'2018-03-09 10:30:00',1),(12,'2018-03-09 11:00:00',1),(12,'2018-03-09 11:30:00',1),(12,'2018-03-09 12:00:00',1),(12,'2018-03-09 12:30:00',1),(12,'2018-03-09 13:00:00',1),(12,'2018-03-09 13:30:00',1),(12,'2018-03-09 14:00:00',1),(12,'2018-03-09 16:30:00',1),(12,'2018-03-09 17:00:00',1),(12,'2018-03-09 17:30:00',1),(12,'2018-03-09 18:00:00',1),(12,'2018-03-09 18:30:00',1),(12,'2018-03-09 19:00:00',1),(12,'2018-03-12 08:30:00',1),(12,'2018-03-12 09:00:00',1),(12,'2018-03-12 09:30:00',1),(12,'2018-03-12 10:00:00',1),(12,'2018-03-12 10:30:00',1),(12,'2018-03-12 11:00:00',1),(12,'2018-03-12 11:30:00',1),(12,'2018-03-12 12:00:00',1),(12,'2018-03-12 12:30:00',1),(12,'2018-03-12 13:00:00',1),(12,'2018-03-12 13:30:00',1),(12,'2018-03-12 14:00:00',1),(12,'2018-03-12 16:30:00',1),(12,'2018-03-12 17:00:00',1),(12,'2018-03-12 17:30:00',1),(12,'2018-03-12 18:00:00',1),(12,'2018-03-12 18:30:00',1),(12,'2018-03-12 19:00:00',1),(12,'2018-03-14 08:30:00',1),(12,'2018-03-14 09:00:00',1),(12,'2018-03-14 09:30:00',1),(12,'2018-03-14 10:00:00',1),(12,'2018-03-14 10:30:00',1),(12,'2018-03-14 11:00:00',1),(12,'2018-03-14 11:30:00',1),(12,'2018-03-14 12:00:00',1),(12,'2018-03-14 12:30:00',1),(12,'2018-03-14 13:00:00',1),(12,'2018-03-14 13:30:00',1),(12,'2018-03-14 14:00:00',1),(12,'2018-03-14 16:30:00',1),(12,'2018-03-14 17:00:00',1),(12,'2018-03-14 17:30:00',1),(12,'2018-03-14 18:00:00',1),(12,'2018-03-14 18:30:00',1),(12,'2018-03-14 19:00:00',1),(12,'2018-03-16 08:30:00',1),(12,'2018-03-16 09:00:00',1),(12,'2018-03-16 09:30:00',1),(12,'2018-03-16 10:00:00',1),(12,'2018-03-16 10:30:00',1),(12,'2018-03-16 11:00:00',1),(12,'2018-03-16 11:30:00',1),(12,'2018-03-16 12:00:00',1),(12,'2018-03-16 12:30:00',1),(12,'2018-03-16 13:00:00',1),(12,'2018-03-16 13:30:00',1),(12,'2018-03-16 14:00:00',1),(12,'2018-03-16 16:30:00',1),(12,'2018-03-16 17:00:00',1),(12,'2018-03-16 17:30:00',1),(12,'2018-03-16 18:00:00',1),(12,'2018-03-16 18:30:00',1),(12,'2018-03-16 19:00:00',1),(12,'2018-03-19 08:30:00',1),(12,'2018-03-19 09:00:00',1),(12,'2018-03-19 09:30:00',1),(12,'2018-03-19 10:00:00',1),(12,'2018-03-19 10:30:00',1),(12,'2018-03-19 11:00:00',1),(12,'2018-03-19 11:30:00',1),(12,'2018-03-19 12:00:00',1),(12,'2018-03-19 12:30:00',1),(12,'2018-03-19 13:00:00',1),(12,'2018-03-19 13:30:00',1),(12,'2018-03-19 14:00:00',1),(12,'2018-03-19 16:30:00',1),(12,'2018-03-19 17:00:00',1),(12,'2018-03-19 17:30:00',1),(12,'2018-03-19 18:00:00',1),(12,'2018-03-19 18:30:00',1),(12,'2018-03-19 19:00:00',1),(12,'2018-03-21 08:30:00',1),(12,'2018-03-21 09:00:00',1),(12,'2018-03-21 09:30:00',1),(12,'2018-03-21 10:00:00',1),(12,'2018-03-21 10:30:00',1),(12,'2018-03-21 11:00:00',1),(12,'2018-03-21 11:30:00',1),(12,'2018-03-21 12:00:00',1),(12,'2018-03-21 12:30:00',1),(12,'2018-03-21 13:00:00',1),(12,'2018-03-21 13:30:00',1),(12,'2018-03-21 14:00:00',1),(12,'2018-03-21 16:30:00',1),(12,'2018-03-21 17:00:00',1),(12,'2018-03-21 17:30:00',1),(12,'2018-03-21 18:00:00',1),(12,'2018-03-21 18:30:00',1),(12,'2018-03-21 19:00:00',1),(12,'2018-03-23 08:30:00',1),(12,'2018-03-23 09:00:00',1),(12,'2018-03-23 09:30:00',1),(12,'2018-03-23 10:00:00',1),(12,'2018-03-23 10:30:00',1),(12,'2018-03-23 11:00:00',1),(12,'2018-03-23 11:30:00',1),(12,'2018-03-23 12:00:00',1),(12,'2018-03-23 12:30:00',1),(12,'2018-03-23 13:00:00',1),(12,'2018-03-23 13:30:00',1),(12,'2018-03-23 14:00:00',1),(12,'2018-03-23 16:30:00',1),(12,'2018-03-23 17:00:00',1),(12,'2018-03-23 17:30:00',1),(12,'2018-03-23 18:00:00',1),(12,'2018-03-23 18:30:00',1),(12,'2018-03-23 19:00:00',1),(12,'2018-03-26 08:30:00',1),(12,'2018-03-26 09:00:00',1),(12,'2018-03-26 09:30:00',1),(12,'2018-03-26 10:00:00',1),(12,'2018-03-26 10:30:00',1),(12,'2018-03-26 11:00:00',1),(12,'2018-03-26 11:30:00',1),(12,'2018-03-26 12:00:00',1),(12,'2018-03-26 12:30:00',1),(12,'2018-03-26 13:00:00',1),(12,'2018-03-26 13:30:00',1),(12,'2018-03-26 14:00:00',1),(12,'2018-03-26 16:30:00',1),(12,'2018-03-26 17:00:00',1),(12,'2018-03-26 17:30:00',1),(12,'2018-03-26 18:00:00',1),(12,'2018-03-26 18:30:00',1),(12,'2018-03-26 19:00:00',1),(12,'2018-03-28 08:30:00',1),(12,'2018-03-28 09:00:00',1),(12,'2018-03-28 09:30:00',1),(12,'2018-03-28 10:00:00',1),(12,'2018-03-28 10:30:00',1),(12,'2018-03-28 11:00:00',1),(12,'2018-03-28 11:30:00',1),(12,'2018-03-28 12:00:00',1),(12,'2018-03-28 12:30:00',1),(12,'2018-03-28 13:00:00',1),(12,'2018-03-28 13:30:00',1),(12,'2018-03-28 14:00:00',1),(12,'2018-03-28 16:30:00',1),(12,'2018-03-28 17:00:00',1),(12,'2018-03-28 17:30:00',1),(12,'2018-03-28 18:00:00',1),(12,'2018-03-28 18:30:00',1),(12,'2018-03-28 19:00:00',1),(12,'2018-03-30 08:30:00',1),(12,'2018-03-30 09:00:00',1),(12,'2018-03-30 09:30:00',1),(12,'2018-03-30 10:00:00',1),(12,'2018-03-30 10:30:00',1),(12,'2018-03-30 11:00:00',1),(12,'2018-03-30 11:30:00',1),(12,'2018-03-30 12:00:00',1),(12,'2018-03-30 12:30:00',1),(12,'2018-03-30 13:00:00',1),(12,'2018-03-30 13:30:00',1),(12,'2018-03-30 14:00:00',1),(12,'2018-03-30 16:30:00',1),(12,'2018-03-30 17:00:00',1),(12,'2018-03-30 17:30:00',1),(12,'2018-03-30 18:00:00',1),(12,'2018-03-30 18:30:00',1),(12,'2018-03-30 19:00:00',1),(12,'2018-04-02 08:30:00',1),(12,'2018-04-02 09:00:00',1),(12,'2018-04-02 09:30:00',1),(12,'2018-04-02 10:00:00',1),(12,'2018-04-02 10:30:00',1),(12,'2018-04-02 11:00:00',1),(12,'2018-04-02 11:30:00',1),(12,'2018-04-02 12:00:00',1),(12,'2018-04-02 12:30:00',1),(12,'2018-04-02 13:00:00',1),(12,'2018-04-02 13:30:00',1),(12,'2018-04-02 14:00:00',1),(12,'2018-04-02 16:30:00',1),(12,'2018-04-02 17:00:00',1),(12,'2018-04-02 17:30:00',1),(12,'2018-04-02 18:00:00',1),(12,'2018-04-02 18:30:00',1),(12,'2018-04-02 19:00:00',1),(12,'2018-04-04 08:30:00',1),(12,'2018-04-04 09:00:00',1),(12,'2018-04-04 09:30:00',1),(12,'2018-04-04 10:00:00',1),(12,'2018-04-04 10:30:00',1),(12,'2018-04-04 11:00:00',1),(12,'2018-04-04 11:30:00',1),(12,'2018-04-04 12:00:00',1),(12,'2018-04-04 12:30:00',1),(12,'2018-04-04 13:00:00',1),(12,'2018-04-04 13:30:00',1),(12,'2018-04-04 14:00:00',1),(12,'2018-04-04 16:30:00',1),(12,'2018-04-04 17:00:00',1),(12,'2018-04-04 17:30:00',1),(12,'2018-04-04 18:00:00',1),(12,'2018-04-04 18:30:00',1),(12,'2018-04-04 19:00:00',1),(12,'2018-04-06 08:30:00',1),(12,'2018-04-06 09:00:00',1),(12,'2018-04-06 09:30:00',1),(12,'2018-04-06 10:00:00',1),(12,'2018-04-06 10:30:00',1),(12,'2018-04-06 11:00:00',1),(12,'2018-04-06 11:30:00',1),(12,'2018-04-06 12:00:00',1),(12,'2018-04-06 12:30:00',1),(12,'2018-04-06 13:00:00',1),(12,'2018-04-06 13:30:00',1),(12,'2018-04-06 14:00:00',1),(12,'2018-04-06 16:30:00',1),(12,'2018-04-06 17:00:00',1),(12,'2018-04-06 17:30:00',1),(12,'2018-04-06 18:00:00',1),(12,'2018-04-06 18:30:00',1),(12,'2018-04-06 19:00:00',1),(12,'2018-04-09 08:30:00',1),(12,'2018-04-09 09:00:00',1),(12,'2018-04-09 09:30:00',1),(12,'2018-04-09 10:00:00',1),(12,'2018-04-09 10:30:00',1),(12,'2018-04-09 11:00:00',1),(12,'2018-04-09 11:30:00',1),(12,'2018-04-09 12:00:00',1),(12,'2018-04-09 12:30:00',1),(12,'2018-04-09 13:00:00',1),(12,'2018-04-09 13:30:00',1),(12,'2018-04-09 14:00:00',1),(12,'2018-04-09 16:30:00',1),(12,'2018-04-09 17:00:00',1),(12,'2018-04-09 17:30:00',1),(12,'2018-04-09 18:00:00',1),(12,'2018-04-09 18:30:00',1),(12,'2018-04-09 19:00:00',1),(12,'2018-04-11 08:30:00',1),(12,'2018-04-11 09:00:00',1),(12,'2018-04-11 09:30:00',1),(12,'2018-04-11 10:00:00',1),(12,'2018-04-11 10:30:00',1),(12,'2018-04-11 11:00:00',1),(12,'2018-04-11 11:30:00',1),(12,'2018-04-11 12:00:00',1),(12,'2018-04-11 12:30:00',1),(12,'2018-04-11 13:00:00',1),(12,'2018-04-11 13:30:00',1),(12,'2018-04-11 14:00:00',1),(12,'2018-04-11 16:30:00',1),(12,'2018-04-11 17:00:00',1),(12,'2018-04-11 17:30:00',1),(12,'2018-04-11 18:00:00',1),(12,'2018-04-11 18:30:00',1),(12,'2018-04-11 19:00:00',1),(12,'2018-04-13 08:30:00',1),(12,'2018-04-13 09:00:00',1),(12,'2018-04-13 09:30:00',1),(12,'2018-04-13 10:00:00',1),(12,'2018-04-13 10:30:00',1),(12,'2018-04-13 11:00:00',1),(12,'2018-04-13 11:30:00',1),(12,'2018-04-13 12:00:00',1),(12,'2018-04-13 12:30:00',1),(12,'2018-04-13 13:00:00',1),(12,'2018-04-13 13:30:00',1),(12,'2018-04-13 14:00:00',1),(12,'2018-04-13 16:30:00',1),(12,'2018-04-13 17:00:00',1),(12,'2018-04-13 17:30:00',1),(12,'2018-04-13 18:00:00',1),(12,'2018-04-13 18:30:00',1),(12,'2018-04-13 19:00:00',1),(12,'2018-04-16 08:30:00',1),(12,'2018-04-16 09:00:00',1),(12,'2018-04-16 09:30:00',1),(12,'2018-04-16 10:00:00',1),(12,'2018-04-16 10:30:00',1),(12,'2018-04-16 11:00:00',1),(12,'2018-04-16 11:30:00',1),(12,'2018-04-16 12:00:00',1),(12,'2018-04-16 12:30:00',1),(12,'2018-04-16 13:00:00',1),(12,'2018-04-16 13:30:00',1),(12,'2018-04-16 14:00:00',1),(12,'2018-04-16 16:30:00',1),(12,'2018-04-16 17:00:00',1),(12,'2018-04-16 17:30:00',1),(12,'2018-04-16 18:00:00',1),(12,'2018-04-16 18:30:00',1),(12,'2018-04-16 19:00:00',1),(12,'2018-04-18 08:30:00',1),(12,'2018-04-18 09:00:00',1),(12,'2018-04-18 09:30:00',1),(12,'2018-04-18 10:00:00',1),(12,'2018-04-18 10:30:00',1),(12,'2018-04-18 11:00:00',1),(12,'2018-04-18 11:30:00',1),(12,'2018-04-18 12:00:00',1),(12,'2018-04-18 12:30:00',1),(12,'2018-04-18 13:00:00',1),(12,'2018-04-18 13:30:00',1),(12,'2018-04-18 14:00:00',1),(12,'2018-04-18 16:30:00',1),(12,'2018-04-18 17:00:00',1),(12,'2018-04-18 17:30:00',1),(12,'2018-04-18 18:00:00',1),(12,'2018-04-18 18:30:00',1),(12,'2018-04-18 19:00:00',1),(12,'2018-04-20 08:30:00',1),(12,'2018-04-20 09:00:00',1),(12,'2018-04-20 09:30:00',1),(12,'2018-04-20 10:00:00',1),(12,'2018-04-20 10:30:00',1),(12,'2018-04-20 11:00:00',1),(12,'2018-04-20 11:30:00',1),(12,'2018-04-20 12:00:00',1),(12,'2018-04-20 12:30:00',1),(12,'2018-04-20 13:00:00',1),(12,'2018-04-20 13:30:00',1),(12,'2018-04-20 14:00:00',1),(12,'2018-04-20 16:30:00',1),(12,'2018-04-20 17:00:00',1),(12,'2018-04-20 17:30:00',1),(12,'2018-04-20 18:00:00',1),(12,'2018-04-20 18:30:00',1),(12,'2018-04-20 19:00:00',1),(12,'2018-04-23 08:30:00',1),(12,'2018-04-23 09:00:00',1),(12,'2018-04-23 09:30:00',1),(12,'2018-04-23 10:00:00',1),(12,'2018-04-23 10:30:00',1),(12,'2018-04-23 11:00:00',1),(12,'2018-04-23 11:30:00',1),(12,'2018-04-23 12:00:00',1),(12,'2018-04-23 12:30:00',1),(12,'2018-04-23 13:00:00',1),(12,'2018-04-23 13:30:00',1),(12,'2018-04-23 14:00:00',1),(12,'2018-04-23 16:30:00',1),(12,'2018-04-23 17:00:00',1),(12,'2018-04-23 17:30:00',1),(12,'2018-04-23 18:00:00',1),(12,'2018-04-23 18:30:00',1),(12,'2018-04-23 19:00:00',1),(12,'2018-04-25 08:30:00',1),(12,'2018-04-25 09:00:00',1),(12,'2018-04-25 09:30:00',1),(12,'2018-04-25 10:00:00',1),(12,'2018-04-25 10:30:00',1),(12,'2018-04-25 11:00:00',1),(12,'2018-04-25 11:30:00',1),(12,'2018-04-25 12:00:00',1),(12,'2018-04-25 12:30:00',1),(12,'2018-04-25 13:00:00',1),(12,'2018-04-25 13:30:00',1),(12,'2018-04-25 14:00:00',1),(12,'2018-04-25 16:30:00',1),(12,'2018-04-25 17:00:00',1),(12,'2018-04-25 17:30:00',1),(12,'2018-04-25 18:00:00',1),(12,'2018-04-25 18:30:00',1),(12,'2018-04-25 19:00:00',1),(12,'2018-04-27 08:30:00',1),(12,'2018-04-27 09:00:00',1),(12,'2018-04-27 09:30:00',1),(12,'2018-04-27 10:00:00',1),(12,'2018-04-27 10:30:00',1),(12,'2018-04-27 11:00:00',1),(12,'2018-04-27 11:30:00',1),(12,'2018-04-27 12:00:00',1),(12,'2018-04-27 12:30:00',1),(12,'2018-04-27 13:00:00',1),(12,'2018-04-27 13:30:00',1),(12,'2018-04-27 14:00:00',1),(12,'2018-04-27 16:30:00',1),(12,'2018-04-27 17:00:00',1),(12,'2018-04-27 17:30:00',1),(12,'2018-04-27 18:00:00',1),(12,'2018-04-27 18:30:00',1),(12,'2018-04-27 19:00:00',1),(12,'2018-04-30 08:30:00',1),(12,'2018-04-30 09:00:00',1),(12,'2018-04-30 09:30:00',1),(12,'2018-04-30 10:00:00',1),(12,'2018-04-30 10:30:00',1),(12,'2018-04-30 11:00:00',1),(12,'2018-04-30 11:30:00',1),(12,'2018-04-30 12:00:00',1),(12,'2018-04-30 12:30:00',1),(12,'2018-04-30 13:00:00',1),(12,'2018-04-30 13:30:00',1),(12,'2018-04-30 14:00:00',1),(12,'2018-04-30 16:30:00',1),(12,'2018-04-30 17:00:00',1),(12,'2018-04-30 17:30:00',1),(12,'2018-04-30 18:00:00',1),(12,'2018-04-30 18:30:00',1),(12,'2018-04-30 19:00:00',1),(12,'2018-05-02 08:30:00',1),(12,'2018-05-02 09:00:00',1),(12,'2018-05-02 09:30:00',1),(12,'2018-05-02 10:00:00',1),(12,'2018-05-02 10:30:00',1),(12,'2018-05-02 11:00:00',1),(12,'2018-05-02 11:30:00',1),(12,'2018-05-02 12:00:00',1),(12,'2018-05-02 12:30:00',1),(12,'2018-05-02 13:00:00',1),(12,'2018-05-02 13:30:00',1),(12,'2018-05-02 14:00:00',1),(12,'2018-05-02 16:30:00',1),(12,'2018-05-02 17:00:00',1),(12,'2018-05-02 17:30:00',1),(12,'2018-05-02 18:00:00',1),(12,'2018-05-02 18:30:00',1),(12,'2018-05-02 19:00:00',1),(12,'2018-05-04 08:30:00',1),(12,'2018-05-04 09:00:00',1),(12,'2018-05-04 09:30:00',1),(12,'2018-05-04 10:00:00',1),(12,'2018-05-04 10:30:00',1),(12,'2018-05-04 11:00:00',1),(12,'2018-05-04 11:30:00',1),(12,'2018-05-04 12:00:00',1),(12,'2018-05-04 12:30:00',1),(12,'2018-05-04 13:00:00',1),(12,'2018-05-04 13:30:00',1),(12,'2018-05-04 14:00:00',1),(12,'2018-05-04 16:30:00',1),(12,'2018-05-04 17:00:00',1),(12,'2018-05-04 17:30:00',1),(12,'2018-05-04 18:00:00',1),(12,'2018-05-04 18:30:00',1),(12,'2018-05-04 19:00:00',1),(12,'2018-05-07 08:30:00',1),(12,'2018-05-07 09:00:00',1),(12,'2018-05-07 09:30:00',1),(12,'2018-05-07 10:00:00',1),(12,'2018-05-07 10:30:00',1),(12,'2018-05-07 11:00:00',1),(12,'2018-05-07 11:30:00',1),(12,'2018-05-07 12:00:00',1),(12,'2018-05-07 12:30:00',1),(12,'2018-05-07 13:00:00',1),(12,'2018-05-07 13:30:00',1),(12,'2018-05-07 14:00:00',1),(12,'2018-05-07 16:30:00',1),(12,'2018-05-07 17:00:00',1),(12,'2018-05-07 17:30:00',1),(12,'2018-05-07 18:00:00',1),(12,'2018-05-07 18:30:00',1),(12,'2018-05-07 19:00:00',1),(12,'2018-05-09 08:30:00',1),(12,'2018-05-09 09:00:00',1),(12,'2018-05-09 09:30:00',1),(12,'2018-05-09 10:00:00',1),(12,'2018-05-09 10:30:00',1),(12,'2018-05-09 11:00:00',1),(12,'2018-05-09 11:30:00',1),(12,'2018-05-09 12:00:00',1),(12,'2018-05-09 12:30:00',1),(12,'2018-05-09 13:00:00',1),(12,'2018-05-09 13:30:00',1),(12,'2018-05-09 14:00:00',1),(12,'2018-05-09 16:30:00',1),(12,'2018-05-09 17:00:00',1),(12,'2018-05-09 17:30:00',1),(12,'2018-05-09 18:00:00',1),(12,'2018-05-09 18:30:00',1),(12,'2018-05-09 19:00:00',1),(12,'2018-05-11 08:30:00',1),(12,'2018-05-11 09:00:00',1),(12,'2018-05-11 09:30:00',1),(12,'2018-05-11 10:00:00',1),(12,'2018-05-11 10:30:00',1),(12,'2018-05-11 11:00:00',1),(12,'2018-05-11 11:30:00',1),(12,'2018-05-11 12:00:00',1),(12,'2018-05-11 12:30:00',1),(12,'2018-05-11 13:00:00',1),(12,'2018-05-11 13:30:00',1),(12,'2018-05-11 14:00:00',1),(12,'2018-05-11 16:30:00',1),(12,'2018-05-11 17:00:00',1),(12,'2018-05-11 17:30:00',1),(12,'2018-05-11 18:00:00',1),(12,'2018-05-11 18:30:00',1),(12,'2018-05-11 19:00:00',1),(12,'2018-05-14 08:30:00',1),(12,'2018-05-14 09:00:00',1),(12,'2018-05-14 09:30:00',1),(12,'2018-05-14 10:00:00',1),(12,'2018-05-14 10:30:00',1),(12,'2018-05-14 11:00:00',1),(12,'2018-05-14 11:30:00',1),(12,'2018-05-14 12:00:00',1),(12,'2018-05-14 12:30:00',1),(12,'2018-05-14 13:00:00',1),(12,'2018-05-14 13:30:00',1),(12,'2018-05-14 14:00:00',1),(12,'2018-05-14 16:30:00',1),(12,'2018-05-14 17:00:00',1),(12,'2018-05-14 17:30:00',1),(12,'2018-05-14 18:00:00',1),(12,'2018-05-14 18:30:00',1),(12,'2018-05-14 19:00:00',1),(12,'2018-05-16 08:30:00',1),(12,'2018-05-16 09:00:00',1),(12,'2018-05-16 09:30:00',1),(12,'2018-05-16 10:00:00',1),(12,'2018-05-16 10:30:00',1),(12,'2018-05-16 11:00:00',1),(12,'2018-05-16 11:30:00',1),(12,'2018-05-16 12:00:00',1),(12,'2018-05-16 12:30:00',1),(12,'2018-05-16 13:00:00',1),(12,'2018-05-16 13:30:00',1),(12,'2018-05-16 14:00:00',1),(12,'2018-05-16 16:30:00',1),(12,'2018-05-16 17:00:00',1),(12,'2018-05-16 17:30:00',1),(12,'2018-05-16 18:00:00',1),(12,'2018-05-16 18:30:00',1),(12,'2018-05-16 19:00:00',1),(12,'2018-05-18 08:30:00',1),(12,'2018-05-18 09:00:00',1),(12,'2018-05-18 09:30:00',1),(12,'2018-05-18 10:00:00',1),(12,'2018-05-18 10:30:00',1),(12,'2018-05-18 11:00:00',1),(12,'2018-05-18 11:30:00',1),(12,'2018-05-18 12:00:00',1),(12,'2018-05-18 12:30:00',1),(12,'2018-05-18 13:00:00',1),(12,'2018-05-18 13:30:00',1),(12,'2018-05-18 14:00:00',1),(12,'2018-05-18 16:30:00',1),(12,'2018-05-18 17:00:00',1),(12,'2018-05-18 17:30:00',1),(12,'2018-05-18 18:00:00',1),(12,'2018-05-18 18:30:00',1),(12,'2018-05-18 19:00:00',1),(12,'2018-05-21 08:30:00',1),(12,'2018-05-21 09:00:00',1),(12,'2018-05-21 09:30:00',1),(12,'2018-05-21 10:00:00',1),(12,'2018-05-21 10:30:00',1),(12,'2018-05-21 11:00:00',1),(12,'2018-05-21 11:30:00',1),(12,'2018-05-21 12:00:00',1),(12,'2018-05-21 12:30:00',1),(12,'2018-05-21 13:00:00',1),(12,'2018-05-21 13:30:00',1),(12,'2018-05-21 14:00:00',1),(12,'2018-05-21 16:30:00',1),(12,'2018-05-21 17:00:00',1),(12,'2018-05-21 17:30:00',1),(12,'2018-05-21 18:00:00',1),(12,'2018-05-21 18:30:00',1),(12,'2018-05-21 19:00:00',1),(12,'2018-05-23 08:30:00',1),(12,'2018-05-23 09:00:00',1),(12,'2018-05-23 09:30:00',1),(12,'2018-05-23 10:00:00',1),(12,'2018-05-23 10:30:00',1),(12,'2018-05-23 11:00:00',1),(12,'2018-05-23 11:30:00',1),(12,'2018-05-23 12:00:00',1),(12,'2018-05-23 12:30:00',1),(12,'2018-05-23 13:00:00',1),(12,'2018-05-23 13:30:00',1),(12,'2018-05-23 14:00:00',1),(12,'2018-05-23 16:30:00',1),(12,'2018-05-23 17:00:00',1),(12,'2018-05-23 17:30:00',1),(12,'2018-05-23 18:00:00',1),(12,'2018-05-23 18:30:00',1),(12,'2018-05-23 19:00:00',1),(12,'2018-05-25 08:30:00',1),(12,'2018-05-25 09:00:00',1),(12,'2018-05-25 09:30:00',1),(12,'2018-05-25 10:00:00',1),(12,'2018-05-25 10:30:00',1),(12,'2018-05-25 11:00:00',1),(12,'2018-05-25 11:30:00',1),(12,'2018-05-25 12:00:00',1),(12,'2018-05-25 12:30:00',1),(12,'2018-05-25 13:00:00',1),(12,'2018-05-25 13:30:00',1),(12,'2018-05-25 14:00:00',1),(12,'2018-05-25 16:30:00',1),(12,'2018-05-25 17:00:00',1),(12,'2018-05-25 17:30:00',1),(12,'2018-05-25 18:00:00',1),(12,'2018-05-25 18:30:00',1),(12,'2018-05-25 19:00:00',1),(12,'2018-05-28 08:30:00',1),(12,'2018-05-28 09:00:00',1),(12,'2018-05-28 09:30:00',1),(12,'2018-05-28 10:00:00',1),(12,'2018-05-28 10:30:00',1),(12,'2018-05-28 11:00:00',1),(12,'2018-05-28 11:30:00',1),(12,'2018-05-28 12:00:00',1),(12,'2018-05-28 12:30:00',1),(12,'2018-05-28 13:00:00',1),(12,'2018-05-28 13:30:00',1),(12,'2018-05-28 14:00:00',1),(12,'2018-05-28 16:30:00',1),(12,'2018-05-28 17:00:00',1),(12,'2018-05-28 17:30:00',1),(12,'2018-05-28 18:00:00',1),(12,'2018-05-28 18:30:00',1),(12,'2018-05-28 19:00:00',1),(12,'2018-05-30 08:30:00',1),(12,'2018-05-30 09:00:00',1),(12,'2018-05-30 09:30:00',1),(12,'2018-05-30 10:00:00',1),(12,'2018-05-30 10:30:00',1),(12,'2018-05-30 11:00:00',1),(12,'2018-05-30 11:30:00',1),(12,'2018-05-30 12:00:00',1),(12,'2018-05-30 12:30:00',1),(12,'2018-05-30 13:00:00',1),(12,'2018-05-30 13:30:00',1),(12,'2018-05-30 14:00:00',1),(12,'2018-05-30 16:30:00',1),(12,'2018-05-30 17:00:00',1),(12,'2018-05-30 17:30:00',1),(12,'2018-05-30 18:00:00',1),(12,'2018-05-30 18:30:00',1),(12,'2018-05-30 19:00:00',1),(12,'2018-06-01 08:30:00',1),(12,'2018-06-01 09:00:00',1),(12,'2018-06-01 09:30:00',1),(12,'2018-06-01 10:00:00',1),(12,'2018-06-01 10:30:00',1),(12,'2018-06-01 11:00:00',1),(12,'2018-06-01 11:30:00',1),(12,'2018-06-01 12:00:00',1),(12,'2018-06-01 12:30:00',1),(12,'2018-06-01 13:00:00',1),(12,'2018-06-01 13:30:00',1),(12,'2018-06-01 14:00:00',1),(12,'2018-06-01 16:30:00',1),(12,'2018-06-01 17:00:00',1),(12,'2018-06-01 17:30:00',1),(12,'2018-06-01 18:00:00',1),(12,'2018-06-01 18:30:00',1),(12,'2018-06-01 19:00:00',1),(12,'2018-06-04 08:30:00',1),(12,'2018-06-04 09:00:00',1),(12,'2018-06-04 09:30:00',1),(12,'2018-06-04 10:00:00',1),(12,'2018-06-04 10:30:00',1),(12,'2018-06-04 11:00:00',1),(12,'2018-06-04 11:30:00',1),(12,'2018-06-04 12:00:00',1),(12,'2018-06-04 12:30:00',1),(12,'2018-06-04 13:00:00',1),(12,'2018-06-04 13:30:00',1),(12,'2018-06-04 14:00:00',1),(12,'2018-06-04 16:30:00',1),(12,'2018-06-04 17:00:00',1),(12,'2018-06-04 17:30:00',1),(12,'2018-06-04 18:00:00',1),(12,'2018-06-04 18:30:00',1),(12,'2018-06-04 19:00:00',1),(12,'2018-06-06 08:30:00',1),(12,'2018-06-06 09:00:00',1),(12,'2018-06-06 09:30:00',1),(12,'2018-06-06 10:00:00',1),(12,'2018-06-06 10:30:00',1),(12,'2018-06-06 11:00:00',1),(12,'2018-06-06 11:30:00',1),(12,'2018-06-06 12:00:00',1),(12,'2018-06-06 12:30:00',1),(12,'2018-06-06 13:00:00',1),(12,'2018-06-06 13:30:00',1),(12,'2018-06-06 14:00:00',1),(12,'2018-06-06 16:30:00',1),(12,'2018-06-06 17:00:00',1),(12,'2018-06-06 17:30:00',1),(12,'2018-06-06 18:00:00',1),(12,'2018-06-06 18:30:00',1),(12,'2018-06-06 19:00:00',1),(12,'2018-06-08 08:30:00',1),(12,'2018-06-08 09:00:00',1),(12,'2018-06-08 09:30:00',1),(12,'2018-06-08 10:00:00',1),(12,'2018-06-08 10:30:00',1),(12,'2018-06-08 11:00:00',1),(12,'2018-06-08 11:30:00',1),(12,'2018-06-08 12:00:00',1),(12,'2018-06-08 12:30:00',1),(12,'2018-06-08 13:00:00',1),(12,'2018-06-08 13:30:00',1),(12,'2018-06-08 14:00:00',1),(12,'2018-06-08 16:30:00',1),(12,'2018-06-08 17:00:00',1),(12,'2018-06-08 17:30:00',1),(12,'2018-06-08 18:00:00',1),(12,'2018-06-08 18:30:00',1),(12,'2018-06-08 19:00:00',1),(12,'2018-06-11 08:30:00',1),(12,'2018-06-11 09:00:00',1),(12,'2018-06-11 09:30:00',1),(12,'2018-06-11 10:00:00',1),(12,'2018-06-11 10:30:00',1),(12,'2018-06-11 11:00:00',1),(12,'2018-06-11 11:30:00',1),(12,'2018-06-11 12:00:00',1),(12,'2018-06-11 12:30:00',1),(12,'2018-06-11 13:00:00',1),(12,'2018-06-11 13:30:00',1),(12,'2018-06-11 14:00:00',1),(12,'2018-06-11 16:30:00',1),(12,'2018-06-11 17:00:00',1),(12,'2018-06-11 17:30:00',1),(12,'2018-06-11 18:00:00',1),(12,'2018-06-11 18:30:00',1),(12,'2018-06-11 19:00:00',1),(12,'2018-06-13 08:30:00',1),(12,'2018-06-13 09:00:00',1),(12,'2018-06-13 09:30:00',1),(12,'2018-06-13 10:00:00',1),(12,'2018-06-13 10:30:00',1),(12,'2018-06-13 11:00:00',1),(12,'2018-06-13 11:30:00',1),(12,'2018-06-13 12:00:00',1),(12,'2018-06-13 12:30:00',1),(12,'2018-06-13 13:00:00',1),(12,'2018-06-13 13:30:00',1),(12,'2018-06-13 14:00:00',1),(12,'2018-06-13 16:30:00',1),(12,'2018-06-13 17:00:00',1),(12,'2018-06-13 17:30:00',1),(12,'2018-06-13 18:00:00',1),(12,'2018-06-13 18:30:00',1),(12,'2018-06-13 19:00:00',1),(12,'2018-06-15 08:30:00',1),(12,'2018-06-15 09:00:00',1),(12,'2018-06-15 09:30:00',1),(12,'2018-06-15 10:00:00',1),(12,'2018-06-15 10:30:00',1),(12,'2018-06-15 11:00:00',1),(12,'2018-06-15 11:30:00',1),(12,'2018-06-15 12:00:00',1),(12,'2018-06-15 12:30:00',1),(12,'2018-06-15 13:00:00',1),(12,'2018-06-15 13:30:00',1),(12,'2018-06-15 14:00:00',1),(12,'2018-06-15 16:30:00',1),(12,'2018-06-15 17:00:00',1),(12,'2018-06-15 17:30:00',1),(12,'2018-06-15 18:00:00',1),(12,'2018-06-15 18:30:00',1),(12,'2018-06-15 19:00:00',1),(12,'2018-06-18 08:30:00',1),(12,'2018-06-18 09:00:00',1),(12,'2018-06-18 09:30:00',1),(12,'2018-06-18 10:00:00',1),(12,'2018-06-18 10:30:00',1),(12,'2018-06-18 11:00:00',1),(12,'2018-06-18 11:30:00',1),(12,'2018-06-18 12:00:00',1),(12,'2018-06-18 12:30:00',1),(12,'2018-06-18 13:00:00',1),(12,'2018-06-18 13:30:00',1),(12,'2018-06-18 14:00:00',1),(12,'2018-06-18 16:30:00',1),(12,'2018-06-18 17:00:00',1),(12,'2018-06-18 17:30:00',1),(12,'2018-06-18 18:00:00',1),(12,'2018-06-18 18:30:00',1),(12,'2018-06-18 19:00:00',1),(12,'2018-06-20 08:30:00',1),(12,'2018-06-20 09:00:00',1),(12,'2018-06-20 09:30:00',1),(12,'2018-06-20 10:00:00',1),(12,'2018-06-20 10:30:00',1),(12,'2018-06-20 11:00:00',1),(12,'2018-06-20 11:30:00',1),(12,'2018-06-20 12:00:00',1),(12,'2018-06-20 12:30:00',1),(12,'2018-06-20 13:00:00',1),(12,'2018-06-20 13:30:00',1),(12,'2018-06-20 14:00:00',1),(12,'2018-06-20 16:30:00',1),(12,'2018-06-20 17:00:00',1),(12,'2018-06-20 17:30:00',1),(12,'2018-06-20 18:00:00',1),(12,'2018-06-20 18:30:00',1),(12,'2018-06-20 19:00:00',1),(12,'2018-06-22 08:30:00',1),(12,'2018-06-22 09:00:00',1),(12,'2018-06-22 09:30:00',1),(12,'2018-06-22 10:00:00',1),(12,'2018-06-22 10:30:00',1),(12,'2018-06-22 11:00:00',1),(12,'2018-06-22 11:30:00',1),(12,'2018-06-22 12:00:00',1),(12,'2018-06-22 12:30:00',1),(12,'2018-06-22 13:00:00',1),(12,'2018-06-22 13:30:00',1),(12,'2018-06-22 14:00:00',1),(12,'2018-06-22 16:30:00',1),(12,'2018-06-22 17:00:00',1),(12,'2018-06-22 17:30:00',1),(12,'2018-06-22 18:00:00',1),(12,'2018-06-22 18:30:00',1),(12,'2018-06-22 19:00:00',1),(12,'2018-06-25 08:30:00',1),(12,'2018-06-25 09:00:00',1),(12,'2018-06-25 09:30:00',1),(12,'2018-06-25 10:00:00',1),(12,'2018-06-25 10:30:00',1),(12,'2018-06-25 11:00:00',1),(12,'2018-06-25 11:30:00',1),(12,'2018-06-25 12:00:00',1),(12,'2018-06-25 12:30:00',1),(12,'2018-06-25 13:00:00',1),(12,'2018-06-25 13:30:00',1),(12,'2018-06-25 14:00:00',1),(12,'2018-06-25 16:30:00',1),(12,'2018-06-25 17:00:00',1),(12,'2018-06-25 17:30:00',1),(12,'2018-06-25 18:00:00',1),(12,'2018-06-25 18:30:00',1),(12,'2018-06-25 19:00:00',1),(12,'2018-06-27 08:30:00',1),(12,'2018-06-27 09:00:00',1),(12,'2018-06-27 09:30:00',1),(12,'2018-06-27 10:00:00',1),(12,'2018-06-27 10:30:00',1),(12,'2018-06-27 11:00:00',1),(12,'2018-06-27 11:30:00',1),(12,'2018-06-27 12:00:00',1),(12,'2018-06-27 12:30:00',1),(12,'2018-06-27 13:00:00',1),(12,'2018-06-27 13:30:00',1),(12,'2018-06-27 14:00:00',1),(12,'2018-06-27 16:30:00',1),(12,'2018-06-27 17:00:00',1),(12,'2018-06-27 17:30:00',1),(12,'2018-06-27 18:00:00',1),(12,'2018-06-27 18:30:00',1),(12,'2018-06-27 19:00:00',1),(12,'2018-06-29 08:30:00',1),(12,'2018-06-29 09:00:00',1),(12,'2018-06-29 09:30:00',1),(12,'2018-06-29 10:00:00',1),(12,'2018-06-29 10:30:00',1),(12,'2018-06-29 11:00:00',1),(12,'2018-06-29 11:30:00',1),(12,'2018-06-29 12:00:00',1),(12,'2018-06-29 12:30:00',1),(12,'2018-06-29 13:00:00',1),(12,'2018-06-29 13:30:00',1),(12,'2018-06-29 14:00:00',1),(12,'2018-06-29 16:30:00',1),(12,'2018-06-29 17:00:00',1),(12,'2018-06-29 17:30:00',1),(12,'2018-06-29 18:00:00',1),(12,'2018-06-29 18:30:00',1),(12,'2018-06-29 19:00:00',1),(12,'2018-07-02 08:30:00',1),(12,'2018-07-02 09:00:00',1),(12,'2018-07-02 09:30:00',1),(12,'2018-07-02 10:00:00',1),(12,'2018-07-02 10:30:00',1),(12,'2018-07-02 11:00:00',1),(12,'2018-07-02 11:30:00',1),(12,'2018-07-02 12:00:00',1),(12,'2018-07-02 12:30:00',1),(12,'2018-07-02 13:00:00',1),(12,'2018-07-02 13:30:00',1),(12,'2018-07-02 14:00:00',1),(12,'2018-07-02 16:30:00',1),(12,'2018-07-02 17:00:00',1),(12,'2018-07-02 17:30:00',1),(12,'2018-07-02 18:00:00',1),(12,'2018-07-02 18:30:00',1),(12,'2018-07-02 19:00:00',1),(12,'2018-07-04 08:30:00',1),(12,'2018-07-04 09:00:00',1),(12,'2018-07-04 09:30:00',1),(12,'2018-07-04 10:00:00',1),(12,'2018-07-04 10:30:00',1),(12,'2018-07-04 11:00:00',1),(12,'2018-07-04 11:30:00',1),(12,'2018-07-04 12:00:00',1),(12,'2018-07-04 12:30:00',1),(12,'2018-07-04 13:00:00',1),(12,'2018-07-04 13:30:00',1),(12,'2018-07-04 14:00:00',1),(12,'2018-07-04 16:30:00',1),(12,'2018-07-04 17:00:00',1),(12,'2018-07-04 17:30:00',1),(12,'2018-07-04 18:00:00',1),(12,'2018-07-04 18:30:00',1),(12,'2018-07-04 19:00:00',1),(12,'2018-07-06 08:30:00',1),(12,'2018-07-06 09:00:00',1),(12,'2018-07-06 09:30:00',1),(12,'2018-07-06 10:00:00',1),(12,'2018-07-06 10:30:00',1),(12,'2018-07-06 11:00:00',1),(12,'2018-07-06 11:30:00',1),(12,'2018-07-06 12:00:00',1),(12,'2018-07-06 12:30:00',1),(12,'2018-07-06 13:00:00',1),(12,'2018-07-06 13:30:00',1),(12,'2018-07-06 14:00:00',1),(12,'2018-07-06 16:30:00',1),(12,'2018-07-06 17:00:00',1),(12,'2018-07-06 17:30:00',1),(12,'2018-07-06 18:00:00',1),(12,'2018-07-06 18:30:00',1),(12,'2018-07-06 19:00:00',1),(12,'2018-07-09 08:30:00',1),(12,'2018-07-09 09:00:00',1),(12,'2018-07-09 09:30:00',1),(12,'2018-07-09 10:00:00',1),(12,'2018-07-09 10:30:00',1),(12,'2018-07-09 11:00:00',1),(12,'2018-07-09 11:30:00',1),(12,'2018-07-09 12:00:00',1),(12,'2018-07-09 12:30:00',1),(12,'2018-07-09 13:00:00',1),(12,'2018-07-09 13:30:00',1),(12,'2018-07-09 14:00:00',1),(12,'2018-07-09 16:30:00',1),(12,'2018-07-09 17:00:00',1),(12,'2018-07-09 17:30:00',1),(12,'2018-07-09 18:00:00',1),(12,'2018-07-09 18:30:00',1),(12,'2018-07-09 19:00:00',1),(12,'2018-07-11 08:30:00',1),(12,'2018-07-11 09:00:00',1),(12,'2018-07-11 09:30:00',1),(12,'2018-07-11 10:00:00',1),(12,'2018-07-11 10:30:00',1),(12,'2018-07-11 11:00:00',1),(12,'2018-07-11 11:30:00',1),(12,'2018-07-11 12:00:00',1),(12,'2018-07-11 12:30:00',1),(12,'2018-07-11 13:00:00',1),(12,'2018-07-11 13:30:00',1),(12,'2018-07-11 14:00:00',1),(12,'2018-07-11 16:30:00',1),(12,'2018-07-11 17:00:00',1),(12,'2018-07-11 17:30:00',1),(12,'2018-07-11 18:00:00',1),(12,'2018-07-11 18:30:00',1),(12,'2018-07-11 19:00:00',1),(12,'2018-07-13 08:30:00',1),(12,'2018-07-13 09:00:00',1),(12,'2018-07-13 09:30:00',1),(12,'2018-07-13 10:00:00',1),(12,'2018-07-13 10:30:00',1),(12,'2018-07-13 11:00:00',1),(12,'2018-07-13 11:30:00',1),(12,'2018-07-13 12:00:00',1),(12,'2018-07-13 12:30:00',1),(12,'2018-07-13 13:00:00',1),(12,'2018-07-13 13:30:00',1),(12,'2018-07-13 14:00:00',1),(12,'2018-07-13 16:30:00',1),(12,'2018-07-13 17:00:00',1),(12,'2018-07-13 17:30:00',1),(12,'2018-07-13 18:00:00',1),(12,'2018-07-13 18:30:00',1),(12,'2018-07-13 19:00:00',1),(12,'2018-07-16 08:30:00',1),(12,'2018-07-16 09:00:00',1),(12,'2018-07-16 09:30:00',1),(12,'2018-07-16 10:00:00',1),(12,'2018-07-16 10:30:00',1),(12,'2018-07-16 11:00:00',1),(12,'2018-07-16 11:30:00',1),(12,'2018-07-16 12:00:00',1),(12,'2018-07-16 12:30:00',1),(12,'2018-07-16 13:00:00',1),(12,'2018-07-16 13:30:00',1),(12,'2018-07-16 14:00:00',1),(12,'2018-07-16 16:30:00',1),(12,'2018-07-16 17:00:00',1),(12,'2018-07-16 17:30:00',1),(12,'2018-07-16 18:00:00',1),(12,'2018-07-16 18:30:00',1),(12,'2018-07-16 19:00:00',1),(12,'2018-07-18 08:30:00',1),(12,'2018-07-18 09:00:00',1),(12,'2018-07-18 09:30:00',1),(12,'2018-07-18 10:00:00',1),(12,'2018-07-18 10:30:00',1),(12,'2018-07-18 11:00:00',1),(12,'2018-07-18 11:30:00',1),(12,'2018-07-18 12:00:00',1),(12,'2018-07-18 12:30:00',1),(12,'2018-07-18 13:00:00',1),(12,'2018-07-18 13:30:00',1),(12,'2018-07-18 14:00:00',1),(12,'2018-07-18 16:30:00',1),(12,'2018-07-18 17:00:00',1),(12,'2018-07-18 17:30:00',1),(12,'2018-07-18 18:00:00',1),(12,'2018-07-18 18:30:00',1),(12,'2018-07-18 19:00:00',1),(12,'2018-07-20 08:30:00',1),(12,'2018-07-20 09:00:00',1),(12,'2018-07-20 09:30:00',1),(12,'2018-07-20 10:00:00',1),(12,'2018-07-20 10:30:00',1),(12,'2018-07-20 11:00:00',1),(12,'2018-07-20 11:30:00',1),(12,'2018-07-20 12:00:00',1),(12,'2018-07-20 12:30:00',1),(12,'2018-07-20 13:00:00',1),(12,'2018-07-20 13:30:00',1),(12,'2018-07-20 14:00:00',1),(12,'2018-07-20 16:30:00',1),(12,'2018-07-20 17:00:00',1),(12,'2018-07-20 17:30:00',1),(12,'2018-07-20 18:00:00',1),(12,'2018-07-20 18:30:00',1),(12,'2018-07-20 19:00:00',1),(12,'2018-07-23 08:30:00',1),(12,'2018-07-23 09:00:00',1),(12,'2018-07-23 09:30:00',1),(12,'2018-07-23 10:00:00',1),(12,'2018-07-23 10:30:00',1),(12,'2018-07-23 11:00:00',1),(12,'2018-07-23 11:30:00',1),(12,'2018-07-23 12:00:00',1),(12,'2018-07-23 12:30:00',1),(12,'2018-07-23 13:00:00',1),(12,'2018-07-23 13:30:00',1),(12,'2018-07-23 14:00:00',1),(12,'2018-07-23 16:30:00',1),(12,'2018-07-23 17:00:00',1),(12,'2018-07-23 17:30:00',1),(12,'2018-07-23 18:00:00',1),(12,'2018-07-23 18:30:00',1),(12,'2018-07-23 19:00:00',1),(12,'2018-07-25 08:30:00',1),(12,'2018-07-25 09:00:00',1),(12,'2018-07-25 09:30:00',1),(12,'2018-07-25 10:00:00',1),(12,'2018-07-25 10:30:00',1),(12,'2018-07-25 11:00:00',1),(12,'2018-07-25 11:30:00',1),(12,'2018-07-25 12:00:00',1),(12,'2018-07-25 12:30:00',1),(12,'2018-07-25 13:00:00',1),(12,'2018-07-25 13:30:00',1),(12,'2018-07-25 14:00:00',1),(12,'2018-07-25 16:30:00',1),(12,'2018-07-25 17:00:00',1),(12,'2018-07-25 17:30:00',1),(12,'2018-07-25 18:00:00',1),(12,'2018-07-25 18:30:00',1),(12,'2018-07-25 19:00:00',1),(12,'2018-07-27 08:30:00',1),(12,'2018-07-27 09:00:00',1),(12,'2018-07-27 09:30:00',1),(12,'2018-07-27 10:00:00',1),(12,'2018-07-27 10:30:00',1),(12,'2018-07-27 11:00:00',1),(12,'2018-07-27 11:30:00',1),(12,'2018-07-27 12:00:00',1),(12,'2018-07-27 12:30:00',1),(12,'2018-07-27 13:00:00',1),(12,'2018-07-27 13:30:00',1),(12,'2018-07-27 14:00:00',1),(12,'2018-07-27 16:30:00',1),(12,'2018-07-27 17:00:00',1),(12,'2018-07-27 17:30:00',1),(12,'2018-07-27 18:00:00',1),(12,'2018-07-27 18:30:00',1),(12,'2018-07-27 19:00:00',1),(12,'2018-07-30 08:30:00',1),(12,'2018-07-30 09:00:00',1),(12,'2018-07-30 09:30:00',1),(12,'2018-07-30 10:00:00',1),(12,'2018-07-30 10:30:00',1),(12,'2018-07-30 11:00:00',1),(12,'2018-07-30 11:30:00',1),(12,'2018-07-30 12:00:00',1),(12,'2018-07-30 12:30:00',1),(12,'2018-07-30 13:00:00',1),(12,'2018-07-30 13:30:00',1),(12,'2018-07-30 14:00:00',1),(12,'2018-07-30 16:30:00',1),(12,'2018-07-30 17:00:00',1),(12,'2018-07-30 17:30:00',1),(12,'2018-07-30 18:00:00',1),(12,'2018-07-30 18:30:00',1),(12,'2018-07-30 19:00:00',1),(12,'2018-08-01 08:30:00',1),(12,'2018-08-01 09:00:00',1),(12,'2018-08-01 09:30:00',1),(12,'2018-08-01 10:00:00',1),(12,'2018-08-01 10:30:00',1),(12,'2018-08-01 11:00:00',1),(12,'2018-08-01 11:30:00',1),(12,'2018-08-01 12:00:00',1),(12,'2018-08-01 12:30:00',1),(12,'2018-08-01 13:00:00',1),(12,'2018-08-01 13:30:00',1),(12,'2018-08-01 14:00:00',1),(12,'2018-08-01 16:30:00',1),(12,'2018-08-01 17:00:00',1),(12,'2018-08-01 17:30:00',1),(12,'2018-08-01 18:00:00',1),(12,'2018-08-01 18:30:00',1),(12,'2018-08-01 19:00:00',1),(12,'2018-08-03 08:30:00',1),(12,'2018-08-03 09:00:00',1),(12,'2018-08-03 09:30:00',1),(12,'2018-08-03 10:00:00',1),(12,'2018-08-03 10:30:00',1),(12,'2018-08-03 11:00:00',1),(12,'2018-08-03 11:30:00',1),(12,'2018-08-03 12:00:00',1),(12,'2018-08-03 12:30:00',1),(12,'2018-08-03 13:00:00',1),(12,'2018-08-03 13:30:00',1),(12,'2018-08-03 14:00:00',1),(12,'2018-08-03 16:30:00',1),(12,'2018-08-03 17:00:00',1),(12,'2018-08-03 17:30:00',1),(12,'2018-08-03 18:00:00',1),(12,'2018-08-03 18:30:00',1),(12,'2018-08-03 19:00:00',1),(12,'2018-08-06 08:30:00',1),(12,'2018-08-06 09:00:00',1),(12,'2018-08-06 09:30:00',1),(12,'2018-08-06 10:00:00',1),(12,'2018-08-06 10:30:00',1),(12,'2018-08-06 11:00:00',1),(12,'2018-08-06 11:30:00',1),(12,'2018-08-06 12:00:00',1),(12,'2018-08-06 12:30:00',1),(12,'2018-08-06 13:00:00',1),(12,'2018-08-06 13:30:00',1),(12,'2018-08-06 14:00:00',1),(12,'2018-08-06 16:30:00',1),(12,'2018-08-06 17:00:00',1),(12,'2018-08-06 17:30:00',1),(12,'2018-08-06 18:00:00',1),(12,'2018-08-06 18:30:00',1),(12,'2018-08-06 19:00:00',1),(12,'2018-08-08 08:30:00',1),(12,'2018-08-08 09:00:00',1),(12,'2018-08-08 09:30:00',1),(12,'2018-08-08 10:00:00',1),(12,'2018-08-08 10:30:00',1),(12,'2018-08-08 11:00:00',1),(12,'2018-08-08 11:30:00',1),(12,'2018-08-08 12:00:00',1),(12,'2018-08-08 12:30:00',1),(12,'2018-08-08 13:00:00',1),(12,'2018-08-08 13:30:00',1),(12,'2018-08-08 14:00:00',1),(12,'2018-08-08 16:30:00',1),(12,'2018-08-08 17:00:00',1),(12,'2018-08-08 17:30:00',1),(12,'2018-08-08 18:00:00',1),(12,'2018-08-08 18:30:00',1),(12,'2018-08-08 19:00:00',1),(12,'2018-08-10 08:30:00',1),(12,'2018-08-10 09:00:00',1),(12,'2018-08-10 09:30:00',1),(12,'2018-08-10 10:00:00',1),(12,'2018-08-10 10:30:00',1),(12,'2018-08-10 11:00:00',1),(12,'2018-08-10 11:30:00',1),(12,'2018-08-10 12:00:00',1),(12,'2018-08-10 12:30:00',1),(12,'2018-08-10 13:00:00',1),(12,'2018-08-10 13:30:00',1),(12,'2018-08-10 14:00:00',1),(12,'2018-08-10 16:30:00',1),(12,'2018-08-10 17:00:00',1),(12,'2018-08-10 17:30:00',1),(12,'2018-08-10 18:00:00',1),(12,'2018-08-10 18:30:00',1),(12,'2018-08-10 19:00:00',1),(12,'2018-08-13 08:30:00',1),(12,'2018-08-13 09:00:00',1),(12,'2018-08-13 09:30:00',1),(12,'2018-08-13 10:00:00',1),(12,'2018-08-13 10:30:00',1),(12,'2018-08-13 11:00:00',1),(12,'2018-08-13 11:30:00',1),(12,'2018-08-13 12:00:00',1),(12,'2018-08-13 12:30:00',1),(12,'2018-08-13 13:00:00',1),(12,'2018-08-13 13:30:00',1),(12,'2018-08-13 14:00:00',1),(12,'2018-08-13 16:30:00',1),(12,'2018-08-13 17:00:00',1),(12,'2018-08-13 17:30:00',1),(12,'2018-08-13 18:00:00',1),(12,'2018-08-13 18:30:00',1),(12,'2018-08-13 19:00:00',1),(12,'2018-08-15 08:30:00',1),(12,'2018-08-15 09:00:00',1),(12,'2018-08-15 09:30:00',1),(12,'2018-08-15 10:00:00',1),(12,'2018-08-15 10:30:00',1),(12,'2018-08-15 11:00:00',1),(12,'2018-08-15 11:30:00',1),(12,'2018-08-15 12:00:00',1),(12,'2018-08-15 12:30:00',1),(12,'2018-08-15 13:00:00',1),(12,'2018-08-15 13:30:00',1),(12,'2018-08-15 14:00:00',1),(12,'2018-08-15 16:30:00',1),(12,'2018-08-15 17:00:00',1),(12,'2018-08-15 17:30:00',1),(12,'2018-08-15 18:00:00',1),(12,'2018-08-15 18:30:00',1),(12,'2018-08-15 19:00:00',1),(12,'2018-08-17 08:30:00',1),(12,'2018-08-17 09:00:00',1),(12,'2018-08-17 09:30:00',1),(12,'2018-08-17 10:00:00',1),(12,'2018-08-17 10:30:00',1),(12,'2018-08-17 11:00:00',1),(12,'2018-08-17 11:30:00',1),(12,'2018-08-17 12:00:00',1),(12,'2018-08-17 12:30:00',1),(12,'2018-08-17 13:00:00',1),(12,'2018-08-17 13:30:00',1),(12,'2018-08-17 14:00:00',1),(12,'2018-08-17 16:30:00',1),(12,'2018-08-17 17:00:00',1),(12,'2018-08-17 17:30:00',1),(12,'2018-08-17 18:00:00',1),(12,'2018-08-17 18:30:00',1),(12,'2018-08-17 19:00:00',1),(12,'2018-08-20 08:30:00',1),(12,'2018-08-20 09:00:00',1),(12,'2018-08-20 09:30:00',1),(12,'2018-08-20 10:00:00',1),(12,'2018-08-20 10:30:00',1),(12,'2018-08-20 11:00:00',1),(12,'2018-08-20 11:30:00',1),(12,'2018-08-20 12:00:00',1),(12,'2018-08-20 12:30:00',1),(12,'2018-08-20 13:00:00',1),(12,'2018-08-20 13:30:00',1),(12,'2018-08-20 14:00:00',1),(12,'2018-08-20 16:30:00',1),(12,'2018-08-20 17:00:00',1),(12,'2018-08-20 17:30:00',1),(12,'2018-08-20 18:00:00',1),(12,'2018-08-20 18:30:00',1),(12,'2018-08-20 19:00:00',1),(12,'2018-08-22 08:30:00',1),(12,'2018-08-22 09:00:00',1),(12,'2018-08-22 09:30:00',1),(12,'2018-08-22 10:00:00',1),(12,'2018-08-22 10:30:00',1),(12,'2018-08-22 11:00:00',1),(12,'2018-08-22 11:30:00',1),(12,'2018-08-22 12:00:00',1),(12,'2018-08-22 12:30:00',1),(12,'2018-08-22 13:00:00',1),(12,'2018-08-22 13:30:00',1),(12,'2018-08-22 14:00:00',1),(12,'2018-08-22 16:30:00',1),(12,'2018-08-22 17:00:00',1),(12,'2018-08-22 17:30:00',1),(12,'2018-08-22 18:00:00',1),(12,'2018-08-22 18:30:00',1),(12,'2018-08-22 19:00:00',1),(12,'2018-08-24 08:30:00',1),(12,'2018-08-24 09:00:00',1),(12,'2018-08-24 09:30:00',1),(12,'2018-08-24 10:00:00',1),(12,'2018-08-24 10:30:00',1),(12,'2018-08-24 11:00:00',1),(12,'2018-08-24 11:30:00',1),(12,'2018-08-24 12:00:00',1),(12,'2018-08-24 12:30:00',1),(12,'2018-08-24 13:00:00',1),(12,'2018-08-24 13:30:00',1),(12,'2018-08-24 14:00:00',1),(12,'2018-08-24 16:30:00',1),(12,'2018-08-24 17:00:00',1),(12,'2018-08-24 17:30:00',1),(12,'2018-08-24 18:00:00',1),(12,'2018-08-24 18:30:00',1),(12,'2018-08-24 19:00:00',1),(12,'2018-08-27 08:30:00',1),(12,'2018-08-27 09:00:00',1),(12,'2018-08-27 09:30:00',1),(12,'2018-08-27 10:00:00',1),(12,'2018-08-27 10:30:00',1),(12,'2018-08-27 11:00:00',1),(12,'2018-08-27 11:30:00',1),(12,'2018-08-27 12:00:00',1),(12,'2018-08-27 12:30:00',1),(12,'2018-08-27 13:00:00',1),(12,'2018-08-27 13:30:00',1),(12,'2018-08-27 14:00:00',1),(12,'2018-08-27 16:30:00',1),(12,'2018-08-27 17:00:00',1),(12,'2018-08-27 17:30:00',1),(12,'2018-08-27 18:00:00',1),(12,'2018-08-27 18:30:00',1),(12,'2018-08-27 19:00:00',1),(12,'2018-08-29 08:30:00',1),(12,'2018-08-29 09:00:00',1),(12,'2018-08-29 09:30:00',1),(12,'2018-08-29 10:00:00',1),(12,'2018-08-29 10:30:00',1),(12,'2018-08-29 11:00:00',1),(12,'2018-08-29 11:30:00',1),(12,'2018-08-29 12:00:00',1),(12,'2018-08-29 12:30:00',1),(12,'2018-08-29 13:00:00',1),(12,'2018-08-29 13:30:00',1),(12,'2018-08-29 14:00:00',1),(12,'2018-08-29 16:30:00',1),(12,'2018-08-29 17:00:00',1),(12,'2018-08-29 17:30:00',1),(12,'2018-08-29 18:00:00',1),(12,'2018-08-29 18:30:00',1),(12,'2018-08-29 19:00:00',1),(12,'2018-08-31 08:30:00',1),(12,'2018-08-31 09:00:00',1),(12,'2018-08-31 09:30:00',1),(12,'2018-08-31 10:00:00',1),(12,'2018-08-31 10:30:00',1),(12,'2018-08-31 11:00:00',1),(12,'2018-08-31 11:30:00',1),(12,'2018-08-31 12:00:00',1),(12,'2018-08-31 12:30:00',1),(12,'2018-08-31 13:00:00',1),(12,'2018-08-31 13:30:00',1),(12,'2018-08-31 14:00:00',1),(12,'2018-08-31 16:30:00',1),(12,'2018-08-31 17:00:00',1),(12,'2018-08-31 17:30:00',1),(12,'2018-08-31 18:00:00',1),(12,'2018-08-31 18:30:00',1),(12,'2018-08-31 19:00:00',1),(12,'2018-09-03 08:30:00',1),(12,'2018-09-03 09:00:00',1),(12,'2018-09-03 09:30:00',1),(12,'2018-09-03 10:00:00',1),(12,'2018-09-03 10:30:00',1),(12,'2018-09-03 11:00:00',1),(12,'2018-09-03 11:30:00',1),(12,'2018-09-03 12:00:00',1),(12,'2018-09-03 12:30:00',1),(12,'2018-09-03 13:00:00',1),(12,'2018-09-03 13:30:00',1),(12,'2018-09-03 14:00:00',1),(12,'2018-09-03 16:30:00',1),(12,'2018-09-03 17:00:00',1),(12,'2018-09-03 17:30:00',1),(12,'2018-09-03 18:00:00',1),(12,'2018-09-03 18:30:00',1),(12,'2018-09-03 19:00:00',1),(12,'2018-09-05 08:30:00',1),(12,'2018-09-05 09:00:00',1),(12,'2018-09-05 09:30:00',1),(12,'2018-09-05 10:00:00',1),(12,'2018-09-05 10:30:00',1),(12,'2018-09-05 11:00:00',1),(12,'2018-09-05 11:30:00',1),(12,'2018-09-05 12:00:00',1),(12,'2018-09-05 12:30:00',1),(12,'2018-09-05 13:00:00',1),(12,'2018-09-05 13:30:00',1),(12,'2018-09-05 14:00:00',1),(12,'2018-09-05 16:30:00',1),(12,'2018-09-05 17:00:00',1),(12,'2018-09-05 17:30:00',1),(12,'2018-09-05 18:00:00',1),(12,'2018-09-05 18:30:00',1),(12,'2018-09-05 19:00:00',1),(12,'2018-09-07 08:30:00',1),(12,'2018-09-07 09:00:00',1),(12,'2018-09-07 09:30:00',1),(12,'2018-09-07 10:00:00',1),(12,'2018-09-07 10:30:00',1),(12,'2018-09-07 11:00:00',1),(12,'2018-09-07 11:30:00',1),(12,'2018-09-07 12:00:00',1),(12,'2018-09-07 12:30:00',1),(12,'2018-09-07 13:00:00',1),(12,'2018-09-07 13:30:00',1),(12,'2018-09-07 14:00:00',1),(12,'2018-09-07 16:30:00',1),(12,'2018-09-07 17:00:00',1),(12,'2018-09-07 17:30:00',1),(12,'2018-09-07 18:00:00',1),(12,'2018-09-07 18:30:00',1),(12,'2018-09-07 19:00:00',1),(12,'2018-09-10 08:30:00',1),(12,'2018-09-10 09:00:00',1),(12,'2018-09-10 09:30:00',1),(12,'2018-09-10 10:00:00',1),(12,'2018-09-10 10:30:00',1),(12,'2018-09-10 11:00:00',1),(12,'2018-09-10 11:30:00',1),(12,'2018-09-10 12:00:00',1),(12,'2018-09-10 12:30:00',1),(12,'2018-09-10 13:00:00',1),(12,'2018-09-10 13:30:00',1),(12,'2018-09-10 14:00:00',1),(12,'2018-09-10 16:30:00',1),(12,'2018-09-10 17:00:00',1),(12,'2018-09-10 17:30:00',1),(12,'2018-09-10 18:00:00',1),(12,'2018-09-10 18:30:00',1),(12,'2018-09-10 19:00:00',1),(12,'2018-09-12 08:30:00',1),(12,'2018-09-12 09:00:00',1),(12,'2018-09-12 09:30:00',1),(12,'2018-09-12 10:00:00',1),(12,'2018-09-12 10:30:00',1),(12,'2018-09-12 11:00:00',1),(12,'2018-09-12 11:30:00',1),(12,'2018-09-12 12:00:00',1),(12,'2018-09-12 12:30:00',1),(12,'2018-09-12 13:00:00',1),(12,'2018-09-12 13:30:00',1),(12,'2018-09-12 14:00:00',1),(12,'2018-09-12 16:30:00',1),(12,'2018-09-12 17:00:00',1),(12,'2018-09-12 17:30:00',1),(12,'2018-09-12 18:00:00',1),(12,'2018-09-12 18:30:00',1),(12,'2018-09-12 19:00:00',1),(12,'2018-09-14 08:30:00',1),(12,'2018-09-14 09:00:00',1),(12,'2018-09-14 09:30:00',1),(12,'2018-09-14 10:00:00',1),(12,'2018-09-14 10:30:00',1),(12,'2018-09-14 11:00:00',1),(12,'2018-09-14 11:30:00',1),(12,'2018-09-14 12:00:00',1),(12,'2018-09-14 12:30:00',1),(12,'2018-09-14 13:00:00',1),(12,'2018-09-14 13:30:00',1),(12,'2018-09-14 14:00:00',1),(12,'2018-09-14 16:30:00',1),(12,'2018-09-14 17:00:00',1),(12,'2018-09-14 17:30:00',1),(12,'2018-09-14 18:00:00',1),(12,'2018-09-14 18:30:00',1),(12,'2018-09-14 19:00:00',1),(12,'2018-09-17 08:30:00',1),(12,'2018-09-17 09:00:00',1),(12,'2018-09-17 09:30:00',1),(12,'2018-09-17 10:00:00',1),(12,'2018-09-17 10:30:00',1),(12,'2018-09-17 11:00:00',1),(12,'2018-09-17 11:30:00',1),(12,'2018-09-17 12:00:00',1),(12,'2018-09-17 12:30:00',1),(12,'2018-09-17 13:00:00',1),(12,'2018-09-17 13:30:00',1),(12,'2018-09-17 14:00:00',1),(12,'2018-09-17 16:30:00',1),(12,'2018-09-17 17:00:00',1),(12,'2018-09-17 17:30:00',1),(12,'2018-09-17 18:00:00',1),(12,'2018-09-17 18:30:00',1),(12,'2018-09-17 19:00:00',1),(12,'2018-09-19 08:30:00',1),(12,'2018-09-19 09:00:00',1),(12,'2018-09-19 09:30:00',1),(12,'2018-09-19 10:00:00',1),(12,'2018-09-19 10:30:00',1),(12,'2018-09-19 11:00:00',1),(12,'2018-09-19 11:30:00',1),(12,'2018-09-19 12:00:00',1),(12,'2018-09-19 12:30:00',1),(12,'2018-09-19 13:00:00',1),(12,'2018-09-19 13:30:00',1),(12,'2018-09-19 14:00:00',1),(12,'2018-09-19 16:30:00',1),(12,'2018-09-19 17:00:00',1),(12,'2018-09-19 17:30:00',1),(12,'2018-09-19 18:00:00',1),(12,'2018-09-19 18:30:00',1),(12,'2018-09-19 19:00:00',1),(12,'2018-09-21 08:30:00',1),(12,'2018-09-21 09:00:00',1),(12,'2018-09-21 09:30:00',1),(12,'2018-09-21 10:00:00',1),(12,'2018-09-21 10:30:00',1),(12,'2018-09-21 11:00:00',1),(12,'2018-09-21 11:30:00',1),(12,'2018-09-21 12:00:00',1),(12,'2018-09-21 12:30:00',1),(12,'2018-09-21 13:00:00',1),(12,'2018-09-21 13:30:00',1),(12,'2018-09-21 14:00:00',1),(12,'2018-09-21 16:30:00',1),(12,'2018-09-21 17:00:00',1),(12,'2018-09-21 17:30:00',1),(12,'2018-09-21 18:00:00',1),(12,'2018-09-21 18:30:00',1),(12,'2018-09-21 19:00:00',1),(12,'2018-09-24 08:30:00',1),(12,'2018-09-24 09:00:00',1),(12,'2018-09-24 09:30:00',1),(12,'2018-09-24 10:00:00',1),(12,'2018-09-24 10:30:00',1),(12,'2018-09-24 11:00:00',1),(12,'2018-09-24 11:30:00',1),(12,'2018-09-24 12:00:00',1),(12,'2018-09-24 12:30:00',1),(12,'2018-09-24 13:00:00',1),(12,'2018-09-24 13:30:00',1),(12,'2018-09-24 14:00:00',1),(12,'2018-09-24 16:30:00',1),(12,'2018-09-24 17:00:00',1),(12,'2018-09-24 17:30:00',1),(12,'2018-09-24 18:00:00',1),(12,'2018-09-24 18:30:00',1),(12,'2018-09-24 19:00:00',1),(12,'2018-09-26 08:30:00',1),(12,'2018-09-26 09:00:00',1),(12,'2018-09-26 09:30:00',1),(12,'2018-09-26 10:00:00',1),(12,'2018-09-26 10:30:00',1),(12,'2018-09-26 11:00:00',1),(12,'2018-09-26 11:30:00',1),(12,'2018-09-26 12:00:00',1),(12,'2018-09-26 12:30:00',1),(12,'2018-09-26 13:00:00',1),(12,'2018-09-26 13:30:00',1),(12,'2018-09-26 14:00:00',1),(12,'2018-09-26 16:30:00',1),(12,'2018-09-26 17:00:00',1),(12,'2018-09-26 17:30:00',1),(12,'2018-09-26 18:00:00',1),(12,'2018-09-26 18:30:00',1),(12,'2018-09-26 19:00:00',1),(12,'2018-09-28 08:30:00',1),(12,'2018-09-28 09:00:00',1),(12,'2018-09-28 09:30:00',1),(12,'2018-09-28 10:00:00',1),(12,'2018-09-28 10:30:00',1),(12,'2018-09-28 11:00:00',1),(12,'2018-09-28 11:30:00',1),(12,'2018-09-28 12:00:00',1),(12,'2018-09-28 12:30:00',1),(12,'2018-09-28 13:00:00',1),(12,'2018-09-28 13:30:00',1),(12,'2018-09-28 14:00:00',1),(12,'2018-09-28 16:30:00',1),(12,'2018-09-28 17:00:00',1),(12,'2018-09-28 17:30:00',1),(12,'2018-09-28 18:00:00',1),(12,'2018-09-28 18:30:00',1),(12,'2018-09-28 19:00:00',1),(12,'2018-10-01 08:30:00',1),(12,'2018-10-01 09:00:00',1),(12,'2018-10-01 09:30:00',1),(12,'2018-10-01 10:00:00',1),(12,'2018-10-01 10:30:00',1),(12,'2018-10-01 11:00:00',1),(12,'2018-10-01 11:30:00',1),(12,'2018-10-01 12:00:00',1),(12,'2018-10-01 12:30:00',1),(12,'2018-10-01 13:00:00',1),(12,'2018-10-01 13:30:00',1),(12,'2018-10-01 14:00:00',1),(12,'2018-10-01 16:30:00',1),(12,'2018-10-01 17:00:00',1),(12,'2018-10-01 17:30:00',1),(12,'2018-10-01 18:00:00',1),(12,'2018-10-01 18:30:00',1),(12,'2018-10-01 19:00:00',1),(12,'2018-10-03 08:30:00',1),(12,'2018-10-03 09:00:00',1),(12,'2018-10-03 09:30:00',1),(12,'2018-10-03 10:00:00',1),(12,'2018-10-03 10:30:00',1),(12,'2018-10-03 11:00:00',1),(12,'2018-10-03 11:30:00',1),(12,'2018-10-03 12:00:00',1),(12,'2018-10-03 12:30:00',1),(12,'2018-10-03 13:00:00',1),(12,'2018-10-03 13:30:00',1),(12,'2018-10-03 14:00:00',1),(12,'2018-10-03 16:30:00',1),(12,'2018-10-03 17:00:00',1),(12,'2018-10-03 17:30:00',1),(12,'2018-10-03 18:00:00',1),(12,'2018-10-03 18:30:00',1),(12,'2018-10-03 19:00:00',1),(12,'2018-10-05 08:30:00',1),(12,'2018-10-05 09:00:00',1),(12,'2018-10-05 09:30:00',1),(12,'2018-10-05 10:00:00',1),(12,'2018-10-05 10:30:00',1),(12,'2018-10-05 11:00:00',1),(12,'2018-10-05 11:30:00',1),(12,'2018-10-05 12:00:00',1),(12,'2018-10-05 12:30:00',1),(12,'2018-10-05 13:00:00',1),(12,'2018-10-05 13:30:00',1),(12,'2018-10-05 14:00:00',1),(12,'2018-10-05 16:30:00',1),(12,'2018-10-05 17:00:00',1),(12,'2018-10-05 17:30:00',1),(12,'2018-10-05 18:00:00',1),(12,'2018-10-05 18:30:00',1),(12,'2018-10-05 19:00:00',1),(12,'2018-10-08 08:30:00',1),(12,'2018-10-08 09:00:00',1),(12,'2018-10-08 09:30:00',1),(12,'2018-10-08 10:00:00',1),(12,'2018-10-08 10:30:00',1),(12,'2018-10-08 11:00:00',1),(12,'2018-10-08 11:30:00',1),(12,'2018-10-08 12:00:00',1),(12,'2018-10-08 12:30:00',1),(12,'2018-10-08 13:00:00',1),(12,'2018-10-08 13:30:00',1),(12,'2018-10-08 14:00:00',1),(12,'2018-10-08 16:30:00',1),(12,'2018-10-08 17:00:00',1),(12,'2018-10-08 17:30:00',1),(12,'2018-10-08 18:00:00',1),(12,'2018-10-08 18:30:00',1),(12,'2018-10-08 19:00:00',1),(12,'2018-10-10 08:30:00',1),(12,'2018-10-10 09:00:00',1),(12,'2018-10-10 09:30:00',1),(12,'2018-10-10 10:00:00',1),(12,'2018-10-10 10:30:00',1),(12,'2018-10-10 11:00:00',1),(12,'2018-10-10 11:30:00',1),(12,'2018-10-10 12:00:00',1),(12,'2018-10-10 12:30:00',1),(12,'2018-10-10 13:00:00',1),(12,'2018-10-10 13:30:00',1),(12,'2018-10-10 14:00:00',1),(12,'2018-10-10 16:30:00',1),(12,'2018-10-10 17:00:00',1),(12,'2018-10-10 17:30:00',1),(12,'2018-10-10 18:00:00',1),(12,'2018-10-10 18:30:00',1),(12,'2018-10-10 19:00:00',1),(12,'2018-10-12 08:30:00',1),(12,'2018-10-12 09:00:00',1),(12,'2018-10-12 09:30:00',1),(12,'2018-10-12 10:00:00',1),(12,'2018-10-12 10:30:00',1),(12,'2018-10-12 11:00:00',1),(12,'2018-10-12 11:30:00',1),(12,'2018-10-12 12:00:00',1),(12,'2018-10-12 12:30:00',1),(12,'2018-10-12 13:00:00',1),(12,'2018-10-12 13:30:00',1),(12,'2018-10-12 14:00:00',1),(12,'2018-10-12 16:30:00',1),(12,'2018-10-12 17:00:00',1),(12,'2018-10-12 17:30:00',1),(12,'2018-10-12 18:00:00',1),(12,'2018-10-12 18:30:00',1),(12,'2018-10-12 19:00:00',1),(12,'2018-10-15 08:30:00',1),(12,'2018-10-15 09:00:00',1),(12,'2018-10-15 09:30:00',1),(12,'2018-10-15 10:00:00',1),(12,'2018-10-15 10:30:00',1),(12,'2018-10-15 11:00:00',1),(12,'2018-10-15 11:30:00',1),(12,'2018-10-15 12:00:00',1),(12,'2018-10-15 12:30:00',1),(12,'2018-10-15 13:00:00',1),(12,'2018-10-15 13:30:00',1),(12,'2018-10-15 14:00:00',1),(12,'2018-10-15 16:30:00',1),(12,'2018-10-15 17:00:00',1),(12,'2018-10-15 17:30:00',1),(12,'2018-10-15 18:00:00',1),(12,'2018-10-15 18:30:00',1),(12,'2018-10-15 19:00:00',1),(12,'2018-10-17 08:30:00',1),(12,'2018-10-17 09:00:00',1),(12,'2018-10-17 09:30:00',1),(12,'2018-10-17 10:00:00',1),(12,'2018-10-17 10:30:00',1),(12,'2018-10-17 11:00:00',1),(12,'2018-10-17 11:30:00',1),(12,'2018-10-17 12:00:00',1),(12,'2018-10-17 12:30:00',1),(12,'2018-10-17 13:00:00',1),(12,'2018-10-17 13:30:00',1),(12,'2018-10-17 14:00:00',1),(12,'2018-10-17 16:30:00',1),(12,'2018-10-17 17:00:00',1),(12,'2018-10-17 17:30:00',1),(12,'2018-10-17 18:00:00',1),(12,'2018-10-17 18:30:00',1),(12,'2018-10-17 19:00:00',1),(12,'2018-10-19 08:30:00',1),(12,'2018-10-19 09:00:00',1),(12,'2018-10-19 09:30:00',1),(12,'2018-10-19 10:00:00',1),(12,'2018-10-19 10:30:00',1),(12,'2018-10-19 11:00:00',1),(12,'2018-10-19 11:30:00',1),(12,'2018-10-19 12:00:00',1),(12,'2018-10-19 12:30:00',1),(12,'2018-10-19 13:00:00',1),(12,'2018-10-19 13:30:00',1),(12,'2018-10-19 14:00:00',1),(12,'2018-10-19 16:30:00',1),(12,'2018-10-19 17:00:00',1),(12,'2018-10-19 17:30:00',1),(12,'2018-10-19 18:00:00',1),(12,'2018-10-19 18:30:00',1),(12,'2018-10-19 19:00:00',1),(12,'2018-10-22 08:30:00',1),(12,'2018-10-22 09:00:00',1),(12,'2018-10-22 09:30:00',1),(12,'2018-10-22 10:00:00',1),(12,'2018-10-22 10:30:00',1),(12,'2018-10-22 11:00:00',1),(12,'2018-10-22 11:30:00',1),(12,'2018-10-22 12:00:00',1),(12,'2018-10-22 12:30:00',1),(12,'2018-10-22 13:00:00',1),(12,'2018-10-22 13:30:00',1),(12,'2018-10-22 14:00:00',1),(12,'2018-10-22 16:30:00',1),(12,'2018-10-22 17:00:00',1),(12,'2018-10-22 17:30:00',1),(12,'2018-10-22 18:00:00',1),(12,'2018-10-22 18:30:00',1),(12,'2018-10-22 19:00:00',1),(12,'2018-10-24 08:30:00',1),(12,'2018-10-24 09:00:00',1),(12,'2018-10-24 09:30:00',1),(12,'2018-10-24 10:00:00',1),(12,'2018-10-24 10:30:00',1),(12,'2018-10-24 11:00:00',1),(12,'2018-10-24 11:30:00',1),(12,'2018-10-24 12:00:00',1),(12,'2018-10-24 12:30:00',1),(12,'2018-10-24 13:00:00',1),(12,'2018-10-24 13:30:00',1),(12,'2018-10-24 14:00:00',1),(12,'2018-10-24 16:30:00',1),(12,'2018-10-24 17:00:00',1),(12,'2018-10-24 17:30:00',1),(12,'2018-10-24 18:00:00',1),(12,'2018-10-24 18:30:00',1),(12,'2018-10-24 19:00:00',1),(12,'2018-10-26 08:30:00',1),(12,'2018-10-26 09:00:00',1),(12,'2018-10-26 09:30:00',1),(12,'2018-10-26 10:00:00',1),(12,'2018-10-26 10:30:00',1),(12,'2018-10-26 11:00:00',1),(12,'2018-10-26 11:30:00',1),(12,'2018-10-26 12:00:00',1),(12,'2018-10-26 12:30:00',1),(12,'2018-10-26 13:00:00',1),(12,'2018-10-26 13:30:00',1),(12,'2018-10-26 14:00:00',1),(12,'2018-10-26 16:30:00',1),(12,'2018-10-26 17:00:00',1),(12,'2018-10-26 17:30:00',1),(12,'2018-10-26 18:00:00',1),(12,'2018-10-26 18:30:00',1),(12,'2018-10-26 19:00:00',1),(12,'2018-10-29 08:30:00',1),(12,'2018-10-29 09:00:00',1),(12,'2018-10-29 09:30:00',1),(12,'2018-10-29 10:00:00',1),(12,'2018-10-29 10:30:00',1),(12,'2018-10-29 11:00:00',1),(12,'2018-10-29 11:30:00',1),(12,'2018-10-29 12:00:00',1),(12,'2018-10-29 12:30:00',1),(12,'2018-10-29 13:00:00',1),(12,'2018-10-29 13:30:00',1),(12,'2018-10-29 14:00:00',1),(12,'2018-10-29 16:30:00',1),(12,'2018-10-29 17:00:00',1),(12,'2018-10-29 17:30:00',1),(12,'2018-10-29 18:00:00',1),(12,'2018-10-29 18:30:00',1),(12,'2018-10-29 19:00:00',1),(12,'2018-10-31 08:30:00',1),(12,'2018-10-31 09:00:00',1),(12,'2018-10-31 09:30:00',1),(12,'2018-10-31 10:00:00',1),(12,'2018-10-31 10:30:00',1),(12,'2018-10-31 11:00:00',1),(12,'2018-10-31 11:30:00',1),(12,'2018-10-31 12:00:00',1),(12,'2018-10-31 12:30:00',1),(12,'2018-10-31 13:00:00',1),(12,'2018-10-31 13:30:00',1),(12,'2018-10-31 14:00:00',1),(12,'2018-10-31 16:30:00',1),(12,'2018-10-31 17:00:00',1),(12,'2018-10-31 17:30:00',1),(12,'2018-10-31 18:00:00',1),(12,'2018-10-31 18:30:00',1),(12,'2018-10-31 19:00:00',1),(12,'2018-11-02 08:30:00',1),(12,'2018-11-02 09:00:00',1),(12,'2018-11-02 09:30:00',1),(12,'2018-11-02 10:00:00',1),(12,'2018-11-02 10:30:00',1),(12,'2018-11-02 11:00:00',1),(12,'2018-11-02 11:30:00',1),(12,'2018-11-02 12:00:00',1),(12,'2018-11-02 12:30:00',1),(12,'2018-11-02 13:00:00',1),(12,'2018-11-02 13:30:00',1),(12,'2018-11-02 14:00:00',1),(12,'2018-11-02 16:30:00',1),(12,'2018-11-02 17:00:00',1),(12,'2018-11-02 17:30:00',1),(12,'2018-11-02 18:00:00',1),(12,'2018-11-02 18:30:00',1),(12,'2018-11-02 19:00:00',1),(12,'2018-11-05 08:30:00',1),(12,'2018-11-05 09:00:00',1),(12,'2018-11-05 09:30:00',1),(12,'2018-11-05 10:00:00',1),(12,'2018-11-05 10:30:00',1),(12,'2018-11-05 11:00:00',1),(12,'2018-11-05 11:30:00',1),(12,'2018-11-05 12:00:00',1),(12,'2018-11-05 12:30:00',1),(12,'2018-11-05 13:00:00',1),(12,'2018-11-05 13:30:00',1),(12,'2018-11-05 14:00:00',1),(12,'2018-11-05 16:30:00',1),(12,'2018-11-05 17:00:00',1),(12,'2018-11-05 17:30:00',1),(12,'2018-11-05 18:00:00',1),(12,'2018-11-05 18:30:00',1),(12,'2018-11-05 19:00:00',1),(12,'2018-11-07 08:30:00',1),(12,'2018-11-07 09:00:00',1),(12,'2018-11-07 09:30:00',1),(12,'2018-11-07 10:00:00',1),(12,'2018-11-07 10:30:00',1),(12,'2018-11-07 11:00:00',1),(12,'2018-11-07 11:30:00',1),(12,'2018-11-07 12:00:00',1),(12,'2018-11-07 12:30:00',1),(12,'2018-11-07 13:00:00',1),(12,'2018-11-07 13:30:00',1),(12,'2018-11-07 14:00:00',1),(12,'2018-11-07 16:30:00',1),(12,'2018-11-07 17:00:00',1),(12,'2018-11-07 17:30:00',1),(12,'2018-11-07 18:00:00',1),(12,'2018-11-07 18:30:00',1),(12,'2018-11-07 19:00:00',1),(12,'2018-11-09 08:30:00',1),(12,'2018-11-09 09:00:00',1),(12,'2018-11-09 09:30:00',1),(12,'2018-11-09 10:00:00',1),(12,'2018-11-09 10:30:00',1),(12,'2018-11-09 11:00:00',1),(12,'2018-11-09 11:30:00',1),(12,'2018-11-09 12:00:00',1),(12,'2018-11-09 12:30:00',1),(12,'2018-11-09 13:00:00',1),(12,'2018-11-09 13:30:00',1),(12,'2018-11-09 14:00:00',1),(12,'2018-11-09 16:30:00',1),(12,'2018-11-09 17:00:00',1),(12,'2018-11-09 17:30:00',1),(12,'2018-11-09 18:00:00',1),(12,'2018-11-09 18:30:00',1),(12,'2018-11-09 19:00:00',1),(12,'2018-11-12 08:30:00',1),(12,'2018-11-12 09:00:00',1),(12,'2018-11-12 09:30:00',1),(12,'2018-11-12 10:00:00',1),(12,'2018-11-12 10:30:00',1),(12,'2018-11-12 11:00:00',1),(12,'2018-11-12 11:30:00',1),(12,'2018-11-12 12:00:00',1),(12,'2018-11-12 12:30:00',1),(12,'2018-11-12 13:00:00',1),(12,'2018-11-12 13:30:00',1),(12,'2018-11-12 14:00:00',1),(12,'2018-11-12 16:30:00',1),(12,'2018-11-12 17:00:00',1),(12,'2018-11-12 17:30:00',1),(12,'2018-11-12 18:00:00',1),(12,'2018-11-12 18:30:00',1),(12,'2018-11-12 19:00:00',1),(12,'2018-11-14 08:30:00',1),(12,'2018-11-14 09:00:00',1),(12,'2018-11-14 09:30:00',1),(12,'2018-11-14 10:00:00',1),(12,'2018-11-14 10:30:00',1),(12,'2018-11-14 11:00:00',1),(12,'2018-11-14 11:30:00',1),(12,'2018-11-14 12:00:00',1),(12,'2018-11-14 12:30:00',1),(12,'2018-11-14 13:00:00',1),(12,'2018-11-14 13:30:00',1),(12,'2018-11-14 14:00:00',1),(12,'2018-11-14 16:30:00',1),(12,'2018-11-14 17:00:00',1),(12,'2018-11-14 17:30:00',1),(12,'2018-11-14 18:00:00',1),(12,'2018-11-14 18:30:00',1),(12,'2018-11-14 19:00:00',1),(12,'2018-11-16 08:30:00',1),(12,'2018-11-16 09:00:00',1),(12,'2018-11-16 09:30:00',1),(12,'2018-11-16 10:00:00',1),(12,'2018-11-16 10:30:00',1),(12,'2018-11-16 11:00:00',1),(12,'2018-11-16 11:30:00',1),(12,'2018-11-16 12:00:00',1),(12,'2018-11-16 12:30:00',1),(12,'2018-11-16 13:00:00',1),(12,'2018-11-16 13:30:00',1),(12,'2018-11-16 14:00:00',1),(12,'2018-11-16 16:30:00',1),(12,'2018-11-16 17:00:00',1),(12,'2018-11-16 17:30:00',1),(12,'2018-11-16 18:00:00',1),(12,'2018-11-16 18:30:00',1),(12,'2018-11-16 19:00:00',1),(12,'2018-11-19 08:30:00',1),(12,'2018-11-19 09:00:00',1),(12,'2018-11-19 09:30:00',1),(12,'2018-11-19 10:00:00',1),(12,'2018-11-19 10:30:00',1),(12,'2018-11-19 11:00:00',1),(12,'2018-11-19 11:30:00',1),(12,'2018-11-19 12:00:00',1),(12,'2018-11-19 12:30:00',1),(12,'2018-11-19 13:00:00',1),(12,'2018-11-19 13:30:00',1),(12,'2018-11-19 14:00:00',1),(12,'2018-11-19 16:30:00',1),(12,'2018-11-19 17:00:00',1),(12,'2018-11-19 17:30:00',1),(12,'2018-11-19 18:00:00',1),(12,'2018-11-19 18:30:00',1),(12,'2018-11-19 19:00:00',1),(12,'2018-11-21 08:30:00',1),(12,'2018-11-21 09:00:00',1),(12,'2018-11-21 09:30:00',1),(12,'2018-11-21 10:00:00',1),(12,'2018-11-21 10:30:00',1),(12,'2018-11-21 11:00:00',1),(12,'2018-11-21 11:30:00',1),(12,'2018-11-21 12:00:00',1),(12,'2018-11-21 12:30:00',1),(12,'2018-11-21 13:00:00',1),(12,'2018-11-21 13:30:00',1),(12,'2018-11-21 14:00:00',1),(12,'2018-11-21 16:30:00',1),(12,'2018-11-21 17:00:00',1),(12,'2018-11-21 17:30:00',1),(12,'2018-11-21 18:00:00',1),(12,'2018-11-21 18:30:00',1),(12,'2018-11-21 19:00:00',1),(12,'2018-11-23 08:30:00',1),(12,'2018-11-23 09:00:00',1),(12,'2018-11-23 09:30:00',1),(12,'2018-11-23 10:00:00',1),(12,'2018-11-23 10:30:00',1),(12,'2018-11-23 11:00:00',1),(12,'2018-11-23 11:30:00',1),(12,'2018-11-23 12:00:00',1),(12,'2018-11-23 12:30:00',1),(12,'2018-11-23 13:00:00',1),(12,'2018-11-23 13:30:00',1),(12,'2018-11-23 14:00:00',1),(12,'2018-11-23 16:30:00',1),(12,'2018-11-23 17:00:00',1),(12,'2018-11-23 17:30:00',1),(12,'2018-11-23 18:00:00',1),(12,'2018-11-23 18:30:00',1),(12,'2018-11-23 19:00:00',1),(12,'2018-11-26 08:30:00',1),(12,'2018-11-26 09:00:00',1),(12,'2018-11-26 09:30:00',1),(12,'2018-11-26 10:00:00',1),(12,'2018-11-26 10:30:00',1),(12,'2018-11-26 11:00:00',1),(12,'2018-11-26 11:30:00',1),(12,'2018-11-26 12:00:00',1),(12,'2018-11-26 12:30:00',1),(12,'2018-11-26 13:00:00',1),(12,'2018-11-26 13:30:00',1),(12,'2018-11-26 14:00:00',1),(12,'2018-11-26 16:30:00',1),(12,'2018-11-26 17:00:00',1),(12,'2018-11-26 17:30:00',1),(12,'2018-11-26 18:00:00',1),(12,'2018-11-26 18:30:00',1),(12,'2018-11-26 19:00:00',1),(12,'2018-11-28 08:30:00',1),(12,'2018-11-28 09:00:00',1),(12,'2018-11-28 09:30:00',1),(12,'2018-11-28 10:00:00',1),(12,'2018-11-28 10:30:00',1),(12,'2018-11-28 11:00:00',1),(12,'2018-11-28 11:30:00',1),(12,'2018-11-28 12:00:00',1),(12,'2018-11-28 12:30:00',1),(12,'2018-11-28 13:00:00',1),(12,'2018-11-28 13:30:00',1),(12,'2018-11-28 14:00:00',1),(12,'2018-11-28 16:30:00',1),(12,'2018-11-28 17:00:00',1),(12,'2018-11-28 17:30:00',1),(12,'2018-11-28 18:00:00',1),(12,'2018-11-28 18:30:00',1),(12,'2018-11-28 19:00:00',1),(12,'2018-11-30 08:30:00',1),(12,'2018-11-30 09:00:00',1),(12,'2018-11-30 09:30:00',1),(12,'2018-11-30 10:00:00',1),(12,'2018-11-30 10:30:00',1),(12,'2018-11-30 11:00:00',1),(12,'2018-11-30 11:30:00',1),(12,'2018-11-30 12:00:00',1),(12,'2018-11-30 12:30:00',1),(12,'2018-11-30 13:00:00',1),(12,'2018-11-30 13:30:00',1),(12,'2018-11-30 14:00:00',1),(12,'2018-11-30 16:30:00',1),(12,'2018-11-30 17:00:00',1),(12,'2018-11-30 17:30:00',1),(12,'2018-11-30 18:00:00',1),(12,'2018-11-30 18:30:00',1),(12,'2018-11-30 19:00:00',1),(12,'2018-12-03 08:30:00',1),(12,'2018-12-03 09:00:00',1),(12,'2018-12-03 09:30:00',1),(12,'2018-12-03 10:00:00',1),(12,'2018-12-03 10:30:00',1),(12,'2018-12-03 11:00:00',1),(12,'2018-12-03 11:30:00',1),(12,'2018-12-03 12:00:00',1),(12,'2018-12-03 12:30:00',1),(12,'2018-12-03 13:00:00',1),(12,'2018-12-03 13:30:00',1),(12,'2018-12-03 14:00:00',1),(12,'2018-12-03 16:30:00',1),(12,'2018-12-03 17:00:00',1),(12,'2018-12-03 17:30:00',1),(12,'2018-12-03 18:00:00',1),(12,'2018-12-03 18:30:00',1),(12,'2018-12-03 19:00:00',1),(12,'2018-12-05 08:30:00',1),(12,'2018-12-05 09:00:00',1),(12,'2018-12-05 09:30:00',1),(12,'2018-12-05 10:00:00',1),(12,'2018-12-05 10:30:00',1),(12,'2018-12-05 11:00:00',1),(12,'2018-12-05 11:30:00',1),(12,'2018-12-05 12:00:00',1),(12,'2018-12-05 12:30:00',1),(12,'2018-12-05 13:00:00',1),(12,'2018-12-05 13:30:00',1),(12,'2018-12-05 14:00:00',1),(12,'2018-12-05 16:30:00',1),(12,'2018-12-05 17:00:00',1),(12,'2018-12-05 17:30:00',1),(12,'2018-12-05 18:00:00',1),(12,'2018-12-05 18:30:00',1),(12,'2018-12-05 19:00:00',1),(12,'2018-12-07 08:30:00',1),(12,'2018-12-07 09:00:00',1),(12,'2018-12-07 09:30:00',1),(12,'2018-12-07 10:00:00',1),(12,'2018-12-07 10:30:00',1),(12,'2018-12-07 11:00:00',1),(12,'2018-12-07 11:30:00',1),(12,'2018-12-07 12:00:00',1),(12,'2018-12-07 12:30:00',1),(12,'2018-12-07 13:00:00',1),(12,'2018-12-07 13:30:00',1),(12,'2018-12-07 14:00:00',1),(12,'2018-12-07 16:30:00',1),(12,'2018-12-07 17:00:00',1),(12,'2018-12-07 17:30:00',1),(12,'2018-12-07 18:00:00',1),(12,'2018-12-07 18:30:00',1),(12,'2018-12-07 19:00:00',1),(12,'2018-12-10 08:30:00',1),(12,'2018-12-10 09:00:00',1),(12,'2018-12-10 09:30:00',1),(12,'2018-12-10 10:00:00',1),(12,'2018-12-10 10:30:00',1),(12,'2018-12-10 11:00:00',1),(12,'2018-12-10 11:30:00',1),(12,'2018-12-10 12:00:00',1),(12,'2018-12-10 12:30:00',1),(12,'2018-12-10 13:00:00',1),(12,'2018-12-10 13:30:00',1),(12,'2018-12-10 14:00:00',1),(12,'2018-12-10 16:30:00',1),(12,'2018-12-10 17:00:00',1),(12,'2018-12-10 17:30:00',1),(12,'2018-12-10 18:00:00',1),(12,'2018-12-10 18:30:00',1),(12,'2018-12-10 19:00:00',1),(12,'2018-12-12 08:30:00',1),(12,'2018-12-12 09:00:00',1),(12,'2018-12-12 09:30:00',1),(12,'2018-12-12 10:00:00',1),(12,'2018-12-12 10:30:00',1),(12,'2018-12-12 11:00:00',1),(12,'2018-12-12 11:30:00',1),(12,'2018-12-12 12:00:00',1),(12,'2018-12-12 12:30:00',1),(12,'2018-12-12 13:00:00',1),(12,'2018-12-12 13:30:00',1),(12,'2018-12-12 14:00:00',1),(12,'2018-12-12 16:30:00',1),(12,'2018-12-12 17:00:00',1),(12,'2018-12-12 17:30:00',1),(12,'2018-12-12 18:00:00',1),(12,'2018-12-12 18:30:00',1),(12,'2018-12-12 19:00:00',1),(12,'2018-12-14 08:30:00',1),(12,'2018-12-14 09:00:00',1),(12,'2018-12-14 09:30:00',1),(12,'2018-12-14 10:00:00',1),(12,'2018-12-14 10:30:00',1),(12,'2018-12-14 11:00:00',1),(12,'2018-12-14 11:30:00',1),(12,'2018-12-14 12:00:00',1),(12,'2018-12-14 12:30:00',1),(12,'2018-12-14 13:00:00',1),(12,'2018-12-14 13:30:00',1),(12,'2018-12-14 14:00:00',1),(12,'2018-12-14 16:30:00',1),(12,'2018-12-14 17:00:00',1),(12,'2018-12-14 17:30:00',1),(12,'2018-12-14 18:00:00',1),(12,'2018-12-14 18:30:00',1),(12,'2018-12-14 19:00:00',1),(12,'2018-12-17 08:30:00',1),(12,'2018-12-17 09:00:00',1),(12,'2018-12-17 09:30:00',1),(12,'2018-12-17 10:00:00',1),(12,'2018-12-17 10:30:00',1),(12,'2018-12-17 11:00:00',1),(12,'2018-12-17 11:30:00',1),(12,'2018-12-17 12:00:00',1),(12,'2018-12-17 12:30:00',1),(12,'2018-12-17 13:00:00',1),(12,'2018-12-17 13:30:00',1),(12,'2018-12-17 14:00:00',1),(12,'2018-12-17 16:30:00',1),(12,'2018-12-17 17:00:00',1),(12,'2018-12-17 17:30:00',1),(12,'2018-12-17 18:00:00',1),(12,'2018-12-17 18:30:00',1),(12,'2018-12-17 19:00:00',1),(12,'2018-12-19 08:30:00',1),(12,'2018-12-19 09:00:00',1),(12,'2018-12-19 09:30:00',1),(12,'2018-12-19 10:00:00',1),(12,'2018-12-19 10:30:00',1),(12,'2018-12-19 11:00:00',1),(12,'2018-12-19 11:30:00',1),(12,'2018-12-19 12:00:00',1),(12,'2018-12-19 12:30:00',1),(12,'2018-12-19 13:00:00',1),(12,'2018-12-19 13:30:00',1),(12,'2018-12-19 14:00:00',1),(12,'2018-12-19 16:30:00',1),(12,'2018-12-19 17:00:00',1),(12,'2018-12-19 17:30:00',1),(12,'2018-12-19 18:00:00',1),(12,'2018-12-19 18:30:00',1),(12,'2018-12-19 19:00:00',1),(12,'2018-12-21 08:30:00',1),(12,'2018-12-21 09:00:00',1),(12,'2018-12-21 09:30:00',1),(12,'2018-12-21 10:00:00',1),(12,'2018-12-21 10:30:00',1),(12,'2018-12-21 11:00:00',1),(12,'2018-12-21 11:30:00',1),(12,'2018-12-21 12:00:00',1),(12,'2018-12-21 12:30:00',1),(12,'2018-12-21 13:00:00',1),(12,'2018-12-21 13:30:00',1),(12,'2018-12-21 14:00:00',1),(12,'2018-12-21 16:30:00',1),(12,'2018-12-21 17:00:00',1),(12,'2018-12-21 17:30:00',1),(12,'2018-12-21 18:00:00',1),(12,'2018-12-21 18:30:00',1),(12,'2018-12-21 19:00:00',1),(12,'2018-12-24 08:30:00',1),(12,'2018-12-24 09:00:00',1),(12,'2018-12-24 09:30:00',1),(12,'2018-12-24 10:00:00',1),(12,'2018-12-24 10:30:00',1),(12,'2018-12-24 11:00:00',1),(12,'2018-12-24 11:30:00',1),(12,'2018-12-24 12:00:00',1),(12,'2018-12-24 12:30:00',1),(12,'2018-12-24 13:00:00',1),(12,'2018-12-24 13:30:00',1),(12,'2018-12-24 14:00:00',1),(12,'2018-12-24 16:30:00',1),(12,'2018-12-24 17:00:00',1),(12,'2018-12-24 17:30:00',1),(12,'2018-12-24 18:00:00',1),(12,'2018-12-24 18:30:00',1),(12,'2018-12-24 19:00:00',1),(12,'2018-12-26 08:30:00',1),(12,'2018-12-26 09:00:00',1),(12,'2018-12-26 09:30:00',1),(12,'2018-12-26 10:00:00',1),(12,'2018-12-26 10:30:00',1),(12,'2018-12-26 11:00:00',1),(12,'2018-12-26 11:30:00',1),(12,'2018-12-26 12:00:00',1),(12,'2018-12-26 12:30:00',1),(12,'2018-12-26 13:00:00',1),(12,'2018-12-26 13:30:00',1),(12,'2018-12-26 14:00:00',1),(12,'2018-12-26 16:30:00',1),(12,'2018-12-26 17:00:00',1),(12,'2018-12-26 17:30:00',1),(12,'2018-12-26 18:00:00',1),(12,'2018-12-26 18:30:00',1),(12,'2018-12-26 19:00:00',1),(12,'2018-12-28 08:30:00',1),(12,'2018-12-28 09:00:00',1),(12,'2018-12-28 09:30:00',1),(12,'2018-12-28 10:00:00',1),(12,'2018-12-28 10:30:00',1),(12,'2018-12-28 11:00:00',1),(12,'2018-12-28 11:30:00',1),(12,'2018-12-28 12:00:00',1),(12,'2018-12-28 12:30:00',1),(12,'2018-12-28 13:00:00',1),(12,'2018-12-28 13:30:00',1),(12,'2018-12-28 14:00:00',1),(12,'2018-12-28 16:30:00',1),(12,'2018-12-28 17:00:00',1),(12,'2018-12-28 17:30:00',1),(12,'2018-12-28 18:00:00',1),(12,'2018-12-28 18:30:00',1),(12,'2018-12-28 19:00:00',1),(12,'2018-12-31 08:30:00',1),(12,'2018-12-31 09:00:00',1),(12,'2018-12-31 09:30:00',1),(12,'2018-12-31 10:00:00',1),(12,'2018-12-31 10:30:00',1),(12,'2018-12-31 11:00:00',1),(12,'2018-12-31 11:30:00',1),(12,'2018-12-31 12:00:00',1),(12,'2018-12-31 12:30:00',1),(12,'2018-12-31 13:00:00',1),(12,'2018-12-31 13:30:00',1),(12,'2018-12-31 14:00:00',1),(12,'2018-12-31 16:30:00',1),(12,'2018-12-31 17:00:00',1),(12,'2018-12-31 17:30:00',1),(12,'2018-12-31 18:00:00',1),(12,'2018-12-31 18:30:00',1),(12,'2018-12-31 19:00:00',1),(23,'2018-03-01 13:00:00',1),(23,'2018-03-01 13:30:00',1),(23,'2018-03-01 14:00:00',1),(23,'2018-03-01 14:30:00',1),(23,'2018-03-01 15:00:00',1),(23,'2018-03-01 15:30:00',1),(23,'2018-03-01 16:00:00',1),(23,'2018-03-01 16:30:00',1),(23,'2018-03-01 17:00:00',1),(23,'2018-03-01 17:30:00',1),(23,'2018-03-01 18:00:00',1),(23,'2018-03-02 13:00:00',1),(23,'2018-03-02 13:30:00',1),(23,'2018-03-02 14:00:00',1),(23,'2018-03-02 14:30:00',1),(23,'2018-03-02 15:00:00',1),(23,'2018-03-02 15:30:00',1),(23,'2018-03-02 16:00:00',1),(23,'2018-03-02 16:30:00',1),(23,'2018-03-02 17:00:00',1),(23,'2018-03-02 17:30:00',1),(23,'2018-03-02 18:00:00',1),(23,'2018-03-08 13:00:00',1),(23,'2018-03-08 13:30:00',1),(23,'2018-03-08 14:00:00',1),(23,'2018-03-08 14:30:00',1),(23,'2018-03-08 15:00:00',1),(23,'2018-03-08 15:30:00',1),(23,'2018-03-08 16:00:00',1),(23,'2018-03-08 16:30:00',1),(23,'2018-03-08 17:00:00',1),(23,'2018-03-08 17:30:00',1),(23,'2018-03-08 18:00:00',1),(23,'2018-03-09 13:00:00',1),(23,'2018-03-09 13:30:00',1),(23,'2018-03-09 14:00:00',1),(23,'2018-03-09 14:30:00',1),(23,'2018-03-09 15:00:00',1),(23,'2018-03-09 15:30:00',1),(23,'2018-03-09 16:00:00',1),(23,'2018-03-09 16:30:00',1),(23,'2018-03-09 17:00:00',1),(23,'2018-03-09 17:30:00',1),(23,'2018-03-09 18:00:00',1),(23,'2018-03-15 13:00:00',1),(23,'2018-03-15 13:30:00',1),(23,'2018-03-15 14:00:00',1),(23,'2018-03-15 14:30:00',1),(23,'2018-03-15 15:00:00',1),(23,'2018-03-15 15:30:00',1),(23,'2018-03-15 16:00:00',1),(23,'2018-03-15 16:30:00',1),(23,'2018-03-15 17:00:00',1),(23,'2018-03-15 17:30:00',1),(23,'2018-03-15 18:00:00',1),(23,'2018-03-16 13:00:00',1),(23,'2018-03-16 13:30:00',1),(23,'2018-03-16 14:00:00',1),(23,'2018-03-16 14:30:00',1),(23,'2018-03-16 15:00:00',1),(23,'2018-03-16 15:30:00',1),(23,'2018-03-16 16:00:00',1),(23,'2018-03-16 16:30:00',1),(23,'2018-03-16 17:00:00',1),(23,'2018-03-16 17:30:00',1),(23,'2018-03-16 18:00:00',1),(23,'2018-03-22 13:00:00',1),(23,'2018-03-22 13:30:00',1),(23,'2018-03-22 14:00:00',1),(23,'2018-03-22 14:30:00',1),(23,'2018-03-22 15:00:00',1),(23,'2018-03-22 15:30:00',1),(23,'2018-03-22 16:00:00',1),(23,'2018-03-22 16:30:00',1),(23,'2018-03-22 17:00:00',1),(23,'2018-03-22 17:30:00',1),(23,'2018-03-22 18:00:00',1),(23,'2018-03-23 13:00:00',1),(23,'2018-03-23 13:30:00',1),(23,'2018-03-23 14:00:00',1),(23,'2018-03-23 14:30:00',1),(23,'2018-03-23 15:00:00',1),(23,'2018-03-23 15:30:00',1),(23,'2018-03-23 16:00:00',1),(23,'2018-03-23 16:30:00',1),(23,'2018-03-23 17:00:00',1),(23,'2018-03-23 17:30:00',1),(23,'2018-03-23 18:00:00',1),(23,'2018-03-29 13:00:00',1),(23,'2018-03-29 13:30:00',1),(23,'2018-03-29 14:00:00',1),(23,'2018-03-29 14:30:00',1),(23,'2018-03-29 15:00:00',1),(23,'2018-03-29 15:30:00',1),(23,'2018-03-29 16:00:00',1),(23,'2018-03-29 16:30:00',1),(23,'2018-03-29 17:00:00',1),(23,'2018-03-29 17:30:00',1),(23,'2018-03-29 18:00:00',1),(23,'2018-03-30 13:00:00',1),(23,'2018-03-30 13:30:00',1),(23,'2018-03-30 14:00:00',1),(23,'2018-03-30 14:30:00',1),(23,'2018-03-30 15:00:00',1),(23,'2018-03-30 15:30:00',1),(23,'2018-03-30 16:00:00',1),(23,'2018-03-30 16:30:00',1),(23,'2018-03-30 17:00:00',1),(23,'2018-03-30 17:30:00',1),(23,'2018-03-30 18:00:00',1),(23,'2018-04-05 13:00:00',1),(23,'2018-04-05 13:30:00',1),(23,'2018-04-05 14:00:00',1),(23,'2018-04-05 14:30:00',1),(23,'2018-04-05 15:00:00',1),(23,'2018-04-05 15:30:00',1),(23,'2018-04-05 16:00:00',1),(23,'2018-04-05 16:30:00',1),(23,'2018-04-05 17:00:00',1),(23,'2018-04-05 17:30:00',1),(23,'2018-04-05 18:00:00',1),(23,'2018-04-06 13:00:00',1),(23,'2018-04-06 13:30:00',1),(23,'2018-04-06 14:00:00',1),(23,'2018-04-06 14:30:00',1),(23,'2018-04-06 15:00:00',1),(23,'2018-04-06 15:30:00',1),(23,'2018-04-06 16:00:00',1),(23,'2018-04-06 16:30:00',1),(23,'2018-04-06 17:00:00',1),(23,'2018-04-06 17:30:00',1),(23,'2018-04-06 18:00:00',1),(23,'2018-04-12 13:00:00',1),(23,'2018-04-12 13:30:00',1),(23,'2018-04-12 14:00:00',1),(23,'2018-04-12 14:30:00',1),(23,'2018-04-12 15:00:00',1),(23,'2018-04-12 15:30:00',1),(23,'2018-04-12 16:00:00',1),(23,'2018-04-12 16:30:00',1),(23,'2018-04-12 17:00:00',1),(23,'2018-04-12 17:30:00',1),(23,'2018-04-12 18:00:00',1),(23,'2018-04-13 13:00:00',1),(23,'2018-04-13 13:30:00',1),(23,'2018-04-13 14:00:00',1),(23,'2018-04-13 14:30:00',1),(23,'2018-04-13 15:00:00',1),(23,'2018-04-13 15:30:00',1),(23,'2018-04-13 16:00:00',1),(23,'2018-04-13 16:30:00',1),(23,'2018-04-13 17:00:00',1),(23,'2018-04-13 17:30:00',1),(23,'2018-04-13 18:00:00',1),(23,'2018-04-19 13:00:00',1),(23,'2018-04-19 13:30:00',1),(23,'2018-04-19 14:00:00',1),(23,'2018-04-19 14:30:00',1),(23,'2018-04-19 15:00:00',1),(23,'2018-04-19 15:30:00',1),(23,'2018-04-19 16:00:00',1),(23,'2018-04-19 16:30:00',1),(23,'2018-04-19 17:00:00',1),(23,'2018-04-19 17:30:00',1),(23,'2018-04-19 18:00:00',1),(23,'2018-04-20 13:00:00',1),(23,'2018-04-20 13:30:00',1),(23,'2018-04-20 14:00:00',1),(23,'2018-04-20 14:30:00',1),(23,'2018-04-20 15:00:00',1),(23,'2018-04-20 15:30:00',1),(23,'2018-04-20 16:00:00',1),(23,'2018-04-20 16:30:00',1),(23,'2018-04-20 17:00:00',1),(23,'2018-04-20 17:30:00',1),(23,'2018-04-20 18:00:00',1),(23,'2018-04-26 13:00:00',1),(23,'2018-04-26 13:30:00',1),(23,'2018-04-26 14:00:00',1),(23,'2018-04-26 14:30:00',1),(23,'2018-04-26 15:00:00',1),(23,'2018-04-26 15:30:00',1),(23,'2018-04-26 16:00:00',1),(23,'2018-04-26 16:30:00',1),(23,'2018-04-26 17:00:00',1),(23,'2018-04-26 17:30:00',1),(23,'2018-04-26 18:00:00',1),(23,'2018-04-27 13:00:00',1),(23,'2018-04-27 13:30:00',1),(23,'2018-04-27 14:00:00',1),(23,'2018-04-27 14:30:00',1),(23,'2018-04-27 15:00:00',1),(23,'2018-04-27 15:30:00',1),(23,'2018-04-27 16:00:00',1),(23,'2018-04-27 16:30:00',1),(23,'2018-04-27 17:00:00',1),(23,'2018-04-27 17:30:00',1),(23,'2018-04-27 18:00:00',1),(23,'2018-05-03 13:00:00',1),(23,'2018-05-03 13:30:00',1),(23,'2018-05-03 14:00:00',1),(23,'2018-05-03 14:30:00',1),(23,'2018-05-03 15:00:00',1),(23,'2018-05-03 15:30:00',1),(23,'2018-05-03 16:00:00',1),(23,'2018-05-03 16:30:00',1),(23,'2018-05-03 17:00:00',1),(23,'2018-05-03 17:30:00',1),(23,'2018-05-03 18:00:00',1),(23,'2018-05-04 13:00:00',1),(23,'2018-05-04 13:30:00',1),(23,'2018-05-04 14:00:00',1),(23,'2018-05-04 14:30:00',1),(23,'2018-05-04 15:00:00',1),(23,'2018-05-04 15:30:00',1),(23,'2018-05-04 16:00:00',1),(23,'2018-05-04 16:30:00',1),(23,'2018-05-04 17:00:00',1),(23,'2018-05-04 17:30:00',1),(23,'2018-05-04 18:00:00',1),(23,'2018-05-10 13:00:00',1),(23,'2018-05-10 13:30:00',1),(23,'2018-05-10 14:00:00',1),(23,'2018-05-10 14:30:00',1),(23,'2018-05-10 15:00:00',1),(23,'2018-05-10 15:30:00',1),(23,'2018-05-10 16:00:00',1),(23,'2018-05-10 16:30:00',1),(23,'2018-05-10 17:00:00',1),(23,'2018-05-10 17:30:00',1),(23,'2018-05-10 18:00:00',1),(23,'2018-05-11 13:00:00',1),(23,'2018-05-11 13:30:00',1),(23,'2018-05-11 14:00:00',1),(23,'2018-05-11 14:30:00',1),(23,'2018-05-11 15:00:00',1),(23,'2018-05-11 15:30:00',1),(23,'2018-05-11 16:00:00',1),(23,'2018-05-11 16:30:00',1),(23,'2018-05-11 17:00:00',1),(23,'2018-05-11 17:30:00',1),(23,'2018-05-11 18:00:00',1),(23,'2018-05-17 13:00:00',1),(23,'2018-05-17 13:30:00',1),(23,'2018-05-17 14:00:00',1),(23,'2018-05-17 14:30:00',1),(23,'2018-05-17 15:00:00',1),(23,'2018-05-17 15:30:00',1),(23,'2018-05-17 16:00:00',1),(23,'2018-05-17 16:30:00',1),(23,'2018-05-17 17:00:00',1),(23,'2018-05-17 17:30:00',1),(23,'2018-05-17 18:00:00',1),(23,'2018-05-18 13:00:00',1),(23,'2018-05-18 13:30:00',1),(23,'2018-05-18 14:00:00',1),(23,'2018-05-18 14:30:00',1),(23,'2018-05-18 15:00:00',1),(23,'2018-05-18 15:30:00',1),(23,'2018-05-18 16:00:00',1),(23,'2018-05-18 16:30:00',1),(23,'2018-05-18 17:00:00',1),(23,'2018-05-18 17:30:00',1),(23,'2018-05-18 18:00:00',1),(23,'2018-05-24 13:00:00',1),(23,'2018-05-24 13:30:00',1),(23,'2018-05-24 14:00:00',1),(23,'2018-05-24 14:30:00',1),(23,'2018-05-24 15:00:00',1),(23,'2018-05-24 15:30:00',1),(23,'2018-05-24 16:00:00',1),(23,'2018-05-24 16:30:00',1),(23,'2018-05-24 17:00:00',1),(23,'2018-05-24 17:30:00',1),(23,'2018-05-24 18:00:00',1),(23,'2018-05-25 13:00:00',1),(23,'2018-05-25 13:30:00',1),(23,'2018-05-25 14:00:00',1),(23,'2018-05-25 14:30:00',1),(23,'2018-05-25 15:00:00',1),(23,'2018-05-25 15:30:00',1),(23,'2018-05-25 16:00:00',1),(23,'2018-05-25 16:30:00',1),(23,'2018-05-25 17:00:00',1),(23,'2018-05-25 17:30:00',1),(23,'2018-05-25 18:00:00',1),(23,'2018-05-31 13:00:00',1),(23,'2018-05-31 13:30:00',1),(23,'2018-05-31 14:00:00',1),(23,'2018-05-31 14:30:00',1),(23,'2018-05-31 15:00:00',1),(23,'2018-05-31 15:30:00',1),(23,'2018-05-31 16:00:00',1),(23,'2018-05-31 16:30:00',1),(23,'2018-05-31 17:00:00',1),(23,'2018-05-31 17:30:00',1),(23,'2018-05-31 18:00:00',1),(23,'2018-06-01 13:00:00',1),(23,'2018-06-01 13:30:00',1),(23,'2018-06-01 14:00:00',1),(23,'2018-06-01 14:30:00',1),(23,'2018-06-01 15:00:00',1),(23,'2018-06-01 15:30:00',1),(23,'2018-06-01 16:00:00',1),(23,'2018-06-01 16:30:00',1),(23,'2018-06-01 17:00:00',1),(23,'2018-06-01 17:30:00',1),(23,'2018-06-01 18:00:00',1),(23,'2018-06-07 13:00:00',1),(23,'2018-06-07 13:30:00',1),(23,'2018-06-07 14:00:00',1),(23,'2018-06-07 14:30:00',1),(23,'2018-06-07 15:00:00',1),(23,'2018-06-07 15:30:00',1),(23,'2018-06-07 16:00:00',1),(23,'2018-06-07 16:30:00',1),(23,'2018-06-07 17:00:00',1),(23,'2018-06-07 17:30:00',1),(23,'2018-06-07 18:00:00',1),(23,'2018-06-08 13:00:00',1),(23,'2018-06-08 13:30:00',1),(23,'2018-06-08 14:00:00',1),(23,'2018-06-08 14:30:00',1),(23,'2018-06-08 15:00:00',1),(23,'2018-06-08 15:30:00',1),(23,'2018-06-08 16:00:00',1),(23,'2018-06-08 16:30:00',1),(23,'2018-06-08 17:00:00',1),(23,'2018-06-08 17:30:00',1),(23,'2018-06-08 18:00:00',1),(23,'2018-06-14 13:00:00',1),(23,'2018-06-14 13:30:00',1),(23,'2018-06-14 14:00:00',1),(23,'2018-06-14 14:30:00',1),(23,'2018-06-14 15:00:00',1),(23,'2018-06-14 15:30:00',1),(23,'2018-06-14 16:00:00',1),(23,'2018-06-14 16:30:00',1),(23,'2018-06-14 17:00:00',1),(23,'2018-06-14 17:30:00',1),(23,'2018-06-14 18:00:00',1),(23,'2018-06-15 13:00:00',1),(23,'2018-06-15 13:30:00',1),(23,'2018-06-15 14:00:00',1),(23,'2018-06-15 14:30:00',1),(23,'2018-06-15 15:00:00',1),(23,'2018-06-15 15:30:00',1),(23,'2018-06-15 16:00:00',1),(23,'2018-06-15 16:30:00',1),(23,'2018-06-15 17:00:00',1),(23,'2018-06-15 17:30:00',1),(23,'2018-06-15 18:00:00',1),(23,'2018-06-21 13:00:00',1),(23,'2018-06-21 13:30:00',1),(23,'2018-06-21 14:00:00',1),(23,'2018-06-21 14:30:00',1),(23,'2018-06-21 15:00:00',1),(23,'2018-06-21 15:30:00',1),(23,'2018-06-21 16:00:00',1),(23,'2018-06-21 16:30:00',1),(23,'2018-06-21 17:00:00',1),(23,'2018-06-21 17:30:00',1),(23,'2018-06-21 18:00:00',1),(23,'2018-06-22 13:00:00',1),(23,'2018-06-22 13:30:00',1),(23,'2018-06-22 14:00:00',1),(23,'2018-06-22 14:30:00',1),(23,'2018-06-22 15:00:00',1),(23,'2018-06-22 15:30:00',1),(23,'2018-06-22 16:00:00',1),(23,'2018-06-22 16:30:00',1),(23,'2018-06-22 17:00:00',1),(23,'2018-06-22 17:30:00',1),(23,'2018-06-22 18:00:00',1),(23,'2018-06-28 13:00:00',1),(23,'2018-06-28 13:30:00',1),(23,'2018-06-28 14:00:00',1),(23,'2018-06-28 14:30:00',1),(23,'2018-06-28 15:00:00',1),(23,'2018-06-28 15:30:00',1),(23,'2018-06-28 16:00:00',1),(23,'2018-06-28 16:30:00',1),(23,'2018-06-28 17:00:00',1),(23,'2018-06-28 17:30:00',1),(23,'2018-06-28 18:00:00',1),(23,'2018-06-29 13:00:00',1),(23,'2018-06-29 13:30:00',1),(23,'2018-06-29 14:00:00',1),(23,'2018-06-29 14:30:00',1),(23,'2018-06-29 15:00:00',1),(23,'2018-06-29 15:30:00',1),(23,'2018-06-29 16:00:00',1),(23,'2018-06-29 16:30:00',1),(23,'2018-06-29 17:00:00',1),(23,'2018-06-29 17:30:00',1),(23,'2018-06-29 18:00:00',1),(23,'2018-07-05 13:00:00',1),(23,'2018-07-05 13:30:00',1),(23,'2018-07-05 14:00:00',1),(23,'2018-07-05 14:30:00',1),(23,'2018-07-05 15:00:00',1),(23,'2018-07-05 15:30:00',1),(23,'2018-07-05 16:00:00',1),(23,'2018-07-05 16:30:00',1),(23,'2018-07-05 17:00:00',1),(23,'2018-07-05 17:30:00',1),(23,'2018-07-05 18:00:00',1),(23,'2018-07-06 13:00:00',1),(23,'2018-07-06 13:30:00',1),(23,'2018-07-06 14:00:00',1),(23,'2018-07-06 14:30:00',1),(23,'2018-07-06 15:00:00',1),(23,'2018-07-06 15:30:00',1),(23,'2018-07-06 16:00:00',1),(23,'2018-07-06 16:30:00',1),(23,'2018-07-06 17:00:00',1),(23,'2018-07-06 17:30:00',1),(23,'2018-07-06 18:00:00',1),(23,'2018-07-12 13:00:00',1),(23,'2018-07-12 13:30:00',1),(23,'2018-07-12 14:00:00',1),(23,'2018-07-12 14:30:00',1),(23,'2018-07-12 15:00:00',1),(23,'2018-07-12 15:30:00',1),(23,'2018-07-12 16:00:00',1),(23,'2018-07-12 16:30:00',1),(23,'2018-07-12 17:00:00',1),(23,'2018-07-12 17:30:00',1),(23,'2018-07-12 18:00:00',1),(23,'2018-07-13 13:00:00',1),(23,'2018-07-13 13:30:00',1),(23,'2018-07-13 14:00:00',1),(23,'2018-07-13 14:30:00',1),(23,'2018-07-13 15:00:00',1),(23,'2018-07-13 15:30:00',1),(23,'2018-07-13 16:00:00',1),(23,'2018-07-13 16:30:00',1),(23,'2018-07-13 17:00:00',1),(23,'2018-07-13 17:30:00',1),(23,'2018-07-13 18:00:00',1),(23,'2018-07-19 13:00:00',1),(23,'2018-07-19 13:30:00',1),(23,'2018-07-19 14:00:00',1),(23,'2018-07-19 14:30:00',1),(23,'2018-07-19 15:00:00',1),(23,'2018-07-19 15:30:00',1),(23,'2018-07-19 16:00:00',1),(23,'2018-07-19 16:30:00',1),(23,'2018-07-19 17:00:00',1),(23,'2018-07-19 17:30:00',1),(23,'2018-07-19 18:00:00',1),(23,'2018-07-20 13:00:00',1),(23,'2018-07-20 13:30:00',1),(23,'2018-07-20 14:00:00',1),(23,'2018-07-20 14:30:00',1),(23,'2018-07-20 15:00:00',1),(23,'2018-07-20 15:30:00',1),(23,'2018-07-20 16:00:00',1),(23,'2018-07-20 16:30:00',1),(23,'2018-07-20 17:00:00',1),(23,'2018-07-20 17:30:00',1),(23,'2018-07-20 18:00:00',1),(23,'2018-07-26 13:00:00',1),(23,'2018-07-26 13:30:00',1),(23,'2018-07-26 14:00:00',1),(23,'2018-07-26 14:30:00',1),(23,'2018-07-26 15:00:00',1),(23,'2018-07-26 15:30:00',1),(23,'2018-07-26 16:00:00',1),(23,'2018-07-26 16:30:00',1),(23,'2018-07-26 17:00:00',1),(23,'2018-07-26 17:30:00',1),(23,'2018-07-26 18:00:00',1),(23,'2018-07-27 13:00:00',1),(23,'2018-07-27 13:30:00',1),(23,'2018-07-27 14:00:00',1),(23,'2018-07-27 14:30:00',1),(23,'2018-07-27 15:00:00',1),(23,'2018-07-27 15:30:00',1),(23,'2018-07-27 16:00:00',1),(23,'2018-07-27 16:30:00',1),(23,'2018-07-27 17:00:00',1),(23,'2018-07-27 17:30:00',1),(23,'2018-07-27 18:00:00',1),(23,'2018-08-02 13:00:00',1),(23,'2018-08-02 13:30:00',1),(23,'2018-08-02 14:00:00',1),(23,'2018-08-02 14:30:00',1),(23,'2018-08-02 15:00:00',1),(23,'2018-08-02 15:30:00',1),(23,'2018-08-02 16:00:00',1),(23,'2018-08-02 16:30:00',1),(23,'2018-08-02 17:00:00',1),(23,'2018-08-02 17:30:00',1),(23,'2018-08-02 18:00:00',1),(23,'2018-08-03 13:00:00',1),(23,'2018-08-03 13:30:00',1),(23,'2018-08-03 14:00:00',1),(23,'2018-08-03 14:30:00',1),(23,'2018-08-03 15:00:00',1),(23,'2018-08-03 15:30:00',1),(23,'2018-08-03 16:00:00',1),(23,'2018-08-03 16:30:00',1),(23,'2018-08-03 17:00:00',1),(23,'2018-08-03 17:30:00',1),(23,'2018-08-03 18:00:00',1),(23,'2018-08-09 13:00:00',1),(23,'2018-08-09 13:30:00',1),(23,'2018-08-09 14:00:00',1),(23,'2018-08-09 14:30:00',1),(23,'2018-08-09 15:00:00',1),(23,'2018-08-09 15:30:00',1),(23,'2018-08-09 16:00:00',1),(23,'2018-08-09 16:30:00',1),(23,'2018-08-09 17:00:00',1),(23,'2018-08-09 17:30:00',1),(23,'2018-08-09 18:00:00',1),(23,'2018-08-10 13:00:00',1),(23,'2018-08-10 13:30:00',1),(23,'2018-08-10 14:00:00',1),(23,'2018-08-10 14:30:00',1),(23,'2018-08-10 15:00:00',1),(23,'2018-08-10 15:30:00',1),(23,'2018-08-10 16:00:00',1),(23,'2018-08-10 16:30:00',1),(23,'2018-08-10 17:00:00',1),(23,'2018-08-10 17:30:00',1),(23,'2018-08-10 18:00:00',1),(23,'2018-08-16 13:00:00',1),(23,'2018-08-16 13:30:00',1),(23,'2018-08-16 14:00:00',1),(23,'2018-08-16 14:30:00',1),(23,'2018-08-16 15:00:00',1),(23,'2018-08-16 15:30:00',1),(23,'2018-08-16 16:00:00',1),(23,'2018-08-16 16:30:00',1),(23,'2018-08-16 17:00:00',1),(23,'2018-08-16 17:30:00',1),(23,'2018-08-16 18:00:00',1),(23,'2018-08-17 13:00:00',1),(23,'2018-08-17 13:30:00',1),(23,'2018-08-17 14:00:00',1),(23,'2018-08-17 14:30:00',1),(23,'2018-08-17 15:00:00',1),(23,'2018-08-17 15:30:00',1),(23,'2018-08-17 16:00:00',1),(23,'2018-08-17 16:30:00',1),(23,'2018-08-17 17:00:00',1),(23,'2018-08-17 17:30:00',1),(23,'2018-08-17 18:00:00',1),(23,'2018-08-23 13:00:00',1),(23,'2018-08-23 13:30:00',1),(23,'2018-08-23 14:00:00',1),(23,'2018-08-23 14:30:00',1),(23,'2018-08-23 15:00:00',1),(23,'2018-08-23 15:30:00',1),(23,'2018-08-23 16:00:00',1),(23,'2018-08-23 16:30:00',1),(23,'2018-08-23 17:00:00',1),(23,'2018-08-23 17:30:00',1),(23,'2018-08-23 18:00:00',1),(23,'2018-08-24 13:00:00',1),(23,'2018-08-24 13:30:00',1),(23,'2018-08-24 14:00:00',1),(23,'2018-08-24 14:30:00',1),(23,'2018-08-24 15:00:00',1),(23,'2018-08-24 15:30:00',1),(23,'2018-08-24 16:00:00',1),(23,'2018-08-24 16:30:00',1),(23,'2018-08-24 17:00:00',1),(23,'2018-08-24 17:30:00',1),(23,'2018-08-24 18:00:00',1),(23,'2018-08-30 13:00:00',1),(23,'2018-08-30 13:30:00',1),(23,'2018-08-30 14:00:00',1),(23,'2018-08-30 14:30:00',1),(23,'2018-08-30 15:00:00',1),(23,'2018-08-30 15:30:00',1),(23,'2018-08-30 16:00:00',1),(23,'2018-08-30 16:30:00',1),(23,'2018-08-30 17:00:00',1),(23,'2018-08-30 17:30:00',1),(23,'2018-08-30 18:00:00',1),(23,'2018-08-31 13:00:00',1),(23,'2018-08-31 13:30:00',1),(23,'2018-08-31 14:00:00',1),(23,'2018-08-31 14:30:00',1),(23,'2018-08-31 15:00:00',1),(23,'2018-08-31 15:30:00',1),(23,'2018-08-31 16:00:00',1),(23,'2018-08-31 16:30:00',1),(23,'2018-08-31 17:00:00',1),(23,'2018-08-31 17:30:00',1),(23,'2018-08-31 18:00:00',1),(23,'2018-09-06 13:00:00',1),(23,'2018-09-06 13:30:00',1),(23,'2018-09-06 14:00:00',1),(23,'2018-09-06 14:30:00',1),(23,'2018-09-06 15:00:00',1),(23,'2018-09-06 15:30:00',1),(23,'2018-09-06 16:00:00',1),(23,'2018-09-06 16:30:00',1),(23,'2018-09-06 17:00:00',1),(23,'2018-09-06 17:30:00',1),(23,'2018-09-06 18:00:00',1),(23,'2018-09-07 13:00:00',1),(23,'2018-09-07 13:30:00',1),(23,'2018-09-07 14:00:00',1),(23,'2018-09-07 14:30:00',1),(23,'2018-09-07 15:00:00',1),(23,'2018-09-07 15:30:00',1),(23,'2018-09-07 16:00:00',1),(23,'2018-09-07 16:30:00',1),(23,'2018-09-07 17:00:00',1),(23,'2018-09-07 17:30:00',1),(23,'2018-09-07 18:00:00',1),(23,'2018-09-13 13:00:00',1),(23,'2018-09-13 13:30:00',1),(23,'2018-09-13 14:00:00',1),(23,'2018-09-13 14:30:00',1),(23,'2018-09-13 15:00:00',1),(23,'2018-09-13 15:30:00',1),(23,'2018-09-13 16:00:00',1),(23,'2018-09-13 16:30:00',1),(23,'2018-09-13 17:00:00',1),(23,'2018-09-13 17:30:00',1),(23,'2018-09-13 18:00:00',1),(23,'2018-09-14 13:00:00',1),(23,'2018-09-14 13:30:00',1),(23,'2018-09-14 14:00:00',1),(23,'2018-09-14 14:30:00',1),(23,'2018-09-14 15:00:00',1),(23,'2018-09-14 15:30:00',1),(23,'2018-09-14 16:00:00',1),(23,'2018-09-14 16:30:00',1),(23,'2018-09-14 17:00:00',1),(23,'2018-09-14 17:30:00',1),(23,'2018-09-14 18:00:00',1),(23,'2018-09-20 13:00:00',1),(23,'2018-09-20 13:30:00',1),(23,'2018-09-20 14:00:00',1),(23,'2018-09-20 14:30:00',1),(23,'2018-09-20 15:00:00',1),(23,'2018-09-20 15:30:00',1),(23,'2018-09-20 16:00:00',1),(23,'2018-09-20 16:30:00',1),(23,'2018-09-20 17:00:00',1),(23,'2018-09-20 17:30:00',1),(23,'2018-09-20 18:00:00',1),(23,'2018-09-21 13:00:00',1),(23,'2018-09-21 13:30:00',1),(23,'2018-09-21 14:00:00',1),(23,'2018-09-21 14:30:00',1),(23,'2018-09-21 15:00:00',1),(23,'2018-09-21 15:30:00',1),(23,'2018-09-21 16:00:00',1),(23,'2018-09-21 16:30:00',1),(23,'2018-09-21 17:00:00',1),(23,'2018-09-21 17:30:00',1),(23,'2018-09-21 18:00:00',1),(23,'2018-09-27 13:00:00',1),(23,'2018-09-27 13:30:00',1),(23,'2018-09-27 14:00:00',1),(23,'2018-09-27 14:30:00',1),(23,'2018-09-27 15:00:00',1),(23,'2018-09-27 15:30:00',1),(23,'2018-09-27 16:00:00',1),(23,'2018-09-27 16:30:00',1),(23,'2018-09-27 17:00:00',1),(23,'2018-09-27 17:30:00',1),(23,'2018-09-27 18:00:00',1),(23,'2018-09-28 13:00:00',1),(23,'2018-09-28 13:30:00',1),(23,'2018-09-28 14:00:00',1),(23,'2018-09-28 14:30:00',1),(23,'2018-09-28 15:00:00',1),(23,'2018-09-28 15:30:00',1),(23,'2018-09-28 16:00:00',1),(23,'2018-09-28 16:30:00',1),(23,'2018-09-28 17:00:00',1),(23,'2018-09-28 17:30:00',1),(23,'2018-09-28 18:00:00',1),(23,'2018-10-04 13:00:00',1),(23,'2018-10-04 13:30:00',1),(23,'2018-10-04 14:00:00',1),(23,'2018-10-04 14:30:00',1),(23,'2018-10-04 15:00:00',1),(23,'2018-10-04 15:30:00',1),(23,'2018-10-04 16:00:00',1),(23,'2018-10-04 16:30:00',1),(23,'2018-10-04 17:00:00',1),(23,'2018-10-04 17:30:00',1),(23,'2018-10-04 18:00:00',1),(23,'2018-10-05 13:00:00',1),(23,'2018-10-05 13:30:00',1),(23,'2018-10-05 14:00:00',1),(23,'2018-10-05 14:30:00',1),(23,'2018-10-05 15:00:00',1),(23,'2018-10-05 15:30:00',1),(23,'2018-10-05 16:00:00',1),(23,'2018-10-05 16:30:00',1),(23,'2018-10-05 17:00:00',1),(23,'2018-10-05 17:30:00',1),(23,'2018-10-05 18:00:00',1),(23,'2018-10-11 13:00:00',1),(23,'2018-10-11 13:30:00',1),(23,'2018-10-11 14:00:00',1),(23,'2018-10-11 14:30:00',1),(23,'2018-10-11 15:00:00',1),(23,'2018-10-11 15:30:00',1),(23,'2018-10-11 16:00:00',1),(23,'2018-10-11 16:30:00',1),(23,'2018-10-11 17:00:00',1),(23,'2018-10-11 17:30:00',1),(23,'2018-10-11 18:00:00',1),(23,'2018-10-12 13:00:00',1),(23,'2018-10-12 13:30:00',1),(23,'2018-10-12 14:00:00',1),(23,'2018-10-12 14:30:00',1),(23,'2018-10-12 15:00:00',1),(23,'2018-10-12 15:30:00',1),(23,'2018-10-12 16:00:00',1),(23,'2018-10-12 16:30:00',1),(23,'2018-10-12 17:00:00',1),(23,'2018-10-12 17:30:00',1),(23,'2018-10-12 18:00:00',1),(23,'2018-10-18 13:00:00',1),(23,'2018-10-18 13:30:00',1),(23,'2018-10-18 14:00:00',1),(23,'2018-10-18 14:30:00',1),(23,'2018-10-18 15:00:00',1),(23,'2018-10-18 15:30:00',1),(23,'2018-10-18 16:00:00',1),(23,'2018-10-18 16:30:00',1),(23,'2018-10-18 17:00:00',1),(23,'2018-10-18 17:30:00',1),(23,'2018-10-18 18:00:00',1),(23,'2018-10-19 13:00:00',1),(23,'2018-10-19 13:30:00',1),(23,'2018-10-19 14:00:00',1),(23,'2018-10-19 14:30:00',1),(23,'2018-10-19 15:00:00',1),(23,'2018-10-19 15:30:00',1),(23,'2018-10-19 16:00:00',1),(23,'2018-10-19 16:30:00',1),(23,'2018-10-19 17:00:00',1),(23,'2018-10-19 17:30:00',1),(23,'2018-10-19 18:00:00',1),(23,'2018-10-25 13:00:00',1),(23,'2018-10-25 13:30:00',1),(23,'2018-10-25 14:00:00',1),(23,'2018-10-25 14:30:00',1),(23,'2018-10-25 15:00:00',1),(23,'2018-10-25 15:30:00',1),(23,'2018-10-25 16:00:00',1),(23,'2018-10-25 16:30:00',1),(23,'2018-10-25 17:00:00',1),(23,'2018-10-25 17:30:00',1),(23,'2018-10-25 18:00:00',1),(23,'2018-10-26 13:00:00',1),(23,'2018-10-26 13:30:00',1),(23,'2018-10-26 14:00:00',1),(23,'2018-10-26 14:30:00',1),(23,'2018-10-26 15:00:00',1),(23,'2018-10-26 15:30:00',1),(23,'2018-10-26 16:00:00',1),(23,'2018-10-26 16:30:00',1),(23,'2018-10-26 17:00:00',1),(23,'2018-10-26 17:30:00',1),(23,'2018-10-26 18:00:00',1),(23,'2018-11-01 13:00:00',1),(23,'2018-11-01 13:30:00',1),(23,'2018-11-01 14:00:00',1),(23,'2018-11-01 14:30:00',1),(23,'2018-11-01 15:00:00',1),(23,'2018-11-01 15:30:00',1),(23,'2018-11-01 16:00:00',1),(23,'2018-11-01 16:30:00',1),(23,'2018-11-01 17:00:00',1),(23,'2018-11-01 17:30:00',1),(23,'2018-11-01 18:00:00',1),(23,'2018-11-02 13:00:00',1),(23,'2018-11-02 13:30:00',1),(23,'2018-11-02 14:00:00',1),(23,'2018-11-02 14:30:00',1),(23,'2018-11-02 15:00:00',1),(23,'2018-11-02 15:30:00',1),(23,'2018-11-02 16:00:00',1),(23,'2018-11-02 16:30:00',1),(23,'2018-11-02 17:00:00',1),(23,'2018-11-02 17:30:00',1),(23,'2018-11-02 18:00:00',1),(23,'2018-11-08 13:00:00',1),(23,'2018-11-08 13:30:00',1),(23,'2018-11-08 14:00:00',1),(23,'2018-11-08 14:30:00',1),(23,'2018-11-08 15:00:00',1),(23,'2018-11-08 15:30:00',1),(23,'2018-11-08 16:00:00',1),(23,'2018-11-08 16:30:00',1),(23,'2018-11-08 17:00:00',1),(23,'2018-11-08 17:30:00',1),(23,'2018-11-08 18:00:00',1),(23,'2018-11-09 13:00:00',1),(23,'2018-11-09 13:30:00',1),(23,'2018-11-09 14:00:00',1),(23,'2018-11-09 14:30:00',1),(23,'2018-11-09 15:00:00',1),(23,'2018-11-09 15:30:00',1),(23,'2018-11-09 16:00:00',1),(23,'2018-11-09 16:30:00',1),(23,'2018-11-09 17:00:00',1),(23,'2018-11-09 17:30:00',1),(23,'2018-11-09 18:00:00',1),(23,'2018-11-15 13:00:00',1),(23,'2018-11-15 13:30:00',1),(23,'2018-11-15 14:00:00',1),(23,'2018-11-15 14:30:00',1),(23,'2018-11-15 15:00:00',1),(23,'2018-11-15 15:30:00',1),(23,'2018-11-15 16:00:00',1),(23,'2018-11-15 16:30:00',1),(23,'2018-11-15 17:00:00',1),(23,'2018-11-15 17:30:00',1),(23,'2018-11-15 18:00:00',1),(23,'2018-11-16 13:00:00',1),(23,'2018-11-16 13:30:00',1),(23,'2018-11-16 14:00:00',1),(23,'2018-11-16 14:30:00',1),(23,'2018-11-16 15:00:00',1),(23,'2018-11-16 15:30:00',1),(23,'2018-11-16 16:00:00',1),(23,'2018-11-16 16:30:00',1),(23,'2018-11-16 17:00:00',1),(23,'2018-11-16 17:30:00',1),(23,'2018-11-16 18:00:00',1),(23,'2018-11-22 13:00:00',1),(23,'2018-11-22 13:30:00',1),(23,'2018-11-22 14:00:00',1),(23,'2018-11-22 14:30:00',1),(23,'2018-11-22 15:00:00',1),(23,'2018-11-22 15:30:00',1),(23,'2018-11-22 16:00:00',1),(23,'2018-11-22 16:30:00',1),(23,'2018-11-22 17:00:00',1),(23,'2018-11-22 17:30:00',1),(23,'2018-11-22 18:00:00',1),(23,'2018-11-23 13:00:00',1),(23,'2018-11-23 13:30:00',1),(23,'2018-11-23 14:00:00',1),(23,'2018-11-23 14:30:00',1),(23,'2018-11-23 15:00:00',1),(23,'2018-11-23 15:30:00',1),(23,'2018-11-23 16:00:00',1),(23,'2018-11-23 16:30:00',1),(23,'2018-11-23 17:00:00',1),(23,'2018-11-23 17:30:00',1),(23,'2018-11-23 18:00:00',1),(23,'2018-11-29 13:00:00',1),(23,'2018-11-29 13:30:00',1),(23,'2018-11-29 14:00:00',1),(23,'2018-11-29 14:30:00',1),(23,'2018-11-29 15:00:00',1),(23,'2018-11-29 15:30:00',1),(23,'2018-11-29 16:00:00',1),(23,'2018-11-29 16:30:00',1),(23,'2018-11-29 17:00:00',1),(23,'2018-11-29 17:30:00',1),(23,'2018-11-29 18:00:00',1),(23,'2018-11-30 13:00:00',1),(23,'2018-11-30 13:30:00',1),(23,'2018-11-30 14:00:00',1),(23,'2018-11-30 14:30:00',1),(23,'2018-11-30 15:00:00',1),(23,'2018-11-30 15:30:00',1),(23,'2018-11-30 16:00:00',1),(23,'2018-11-30 16:30:00',1),(23,'2018-11-30 17:00:00',1),(23,'2018-11-30 17:30:00',1),(23,'2018-11-30 18:00:00',1),(23,'2018-12-06 13:00:00',1),(23,'2018-12-06 13:30:00',1),(23,'2018-12-06 14:00:00',1),(23,'2018-12-06 14:30:00',1),(23,'2018-12-06 15:00:00',1),(23,'2018-12-06 15:30:00',1),(23,'2018-12-06 16:00:00',1),(23,'2018-12-06 16:30:00',1),(23,'2018-12-06 17:00:00',1),(23,'2018-12-06 17:30:00',1),(23,'2018-12-06 18:00:00',1),(23,'2018-12-07 13:00:00',1),(23,'2018-12-07 13:30:00',1),(23,'2018-12-07 14:00:00',1),(23,'2018-12-07 14:30:00',1),(23,'2018-12-07 15:00:00',1),(23,'2018-12-07 15:30:00',1),(23,'2018-12-07 16:00:00',1),(23,'2018-12-07 16:30:00',1),(23,'2018-12-07 17:00:00',1),(23,'2018-12-07 17:30:00',1),(23,'2018-12-07 18:00:00',1),(23,'2018-12-13 13:00:00',1),(23,'2018-12-13 13:30:00',1),(23,'2018-12-13 14:00:00',1),(23,'2018-12-13 14:30:00',1),(23,'2018-12-13 15:00:00',1),(23,'2018-12-13 15:30:00',1),(23,'2018-12-13 16:00:00',1),(23,'2018-12-13 16:30:00',1),(23,'2018-12-13 17:00:00',1),(23,'2018-12-13 17:30:00',1),(23,'2018-12-13 18:00:00',1),(23,'2018-12-14 13:00:00',1),(23,'2018-12-14 13:30:00',1),(23,'2018-12-14 14:00:00',1),(23,'2018-12-14 14:30:00',1),(23,'2018-12-14 15:00:00',1),(23,'2018-12-14 15:30:00',1),(23,'2018-12-14 16:00:00',1),(23,'2018-12-14 16:30:00',1),(23,'2018-12-14 17:00:00',1),(23,'2018-12-14 17:30:00',1),(23,'2018-12-14 18:00:00',1),(23,'2018-12-20 13:00:00',1),(23,'2018-12-20 13:30:00',1),(23,'2018-12-20 14:00:00',1),(23,'2018-12-20 14:30:00',1),(23,'2018-12-20 15:00:00',1),(23,'2018-12-20 15:30:00',1),(23,'2018-12-20 16:00:00',1),(23,'2018-12-20 16:30:00',1),(23,'2018-12-20 17:00:00',1),(23,'2018-12-20 17:30:00',1),(23,'2018-12-20 18:00:00',1),(23,'2018-12-21 13:00:00',1),(23,'2018-12-21 13:30:00',1),(23,'2018-12-21 14:00:00',1),(23,'2018-12-21 14:30:00',1),(23,'2018-12-21 15:00:00',1),(23,'2018-12-21 15:30:00',1),(23,'2018-12-21 16:00:00',1),(23,'2018-12-21 16:30:00',1),(23,'2018-12-21 17:00:00',1),(23,'2018-12-21 17:30:00',1),(23,'2018-12-21 18:00:00',1),(23,'2018-12-27 13:00:00',1),(23,'2018-12-27 13:30:00',1),(23,'2018-12-27 14:00:00',1),(23,'2018-12-27 14:30:00',1),(23,'2018-12-27 15:00:00',1),(23,'2018-12-27 15:30:00',1),(23,'2018-12-27 16:00:00',1),(23,'2018-12-27 16:30:00',1),(23,'2018-12-27 17:00:00',1),(23,'2018-12-27 17:30:00',1),(23,'2018-12-27 18:00:00',1),(23,'2018-12-28 13:00:00',1),(23,'2018-12-28 13:30:00',1),(23,'2018-12-28 14:00:00',1),(23,'2018-12-28 14:30:00',1),(23,'2018-12-28 15:00:00',1),(23,'2018-12-28 15:30:00',1),(23,'2018-12-28 16:00:00',1),(23,'2018-12-28 16:30:00',1),(23,'2018-12-28 17:00:00',1),(23,'2018-12-28 17:30:00',1),(23,'2018-12-28 18:00:00',1);
/*!40000 ALTER TABLE `calendarios_agendas_turnos` ENABLE KEYS */;
UNLOCK TABLES;

--
-- Table structure for table `especialidades`
--

DROP TABLE IF EXISTS `especialidades`;
/*!40101 SET @saved_cs_client     = @@character_set_client */;
/*!40101 SET character_set_client = utf8 */;
CREATE TABLE `especialidades` (
  `ID_Especialidad` int(11) NOT NULL,
  `Descripcion` varchar(45) DEFAULT NULL,
  PRIMARY KEY (`ID_Especialidad`)
) ENGINE=InnoDB DEFAULT CHARSET=utf8;
/*!40101 SET character_set_client = @saved_cs_client */;

--
-- Dumping data for table `especialidades`
--

LOCK TABLES `especialidades` WRITE;
/*!40000 ALTER TABLE `especialidades` DISABLE KEYS */;
INSERT INTO `especialidades` VALUES (1,'NUTRICIN'),(2,'OBSTETRICIA'),(3,'UROLOGA'),(4,'ANESTESIOLOGA'),(5,'CARDIOLOGA'),(6,'INFECTOLOGA'),(7,'KINESIOLOGA'),(8,'ORTOPEDIA Y TRAUMATOLOGA'),(9,'OFTALMOLOGA'),(10,'ODONTOLOGA');
/*!40000 ALTER TABLE `especialidades` ENABLE KEYS */;
UNLOCK TABLES;

--
-- Table structure for table `historias_clinicas`
--

DROP TABLE IF EXISTS `historias_clinicas`;
/*!40101 SET @saved_cs_client     = @@character_set_client */;
/*!40101 SET character_set_client = utf8 */;
CREATE TABLE `historias_clinicas` (
  `ID_HistoriaClinica` int(11) NOT NULL,
  `CampoAdefinir1` varchar(45) DEFAULT NULL,
  `Pacientes_DNI` varchar(50) NOT NULL,
  PRIMARY KEY (`ID_HistoriaClinica`),
  KEY `fk_HistoriasClinicas_Pacientes1_idx` (`Pacientes_DNI`),
  CONSTRAINT `fk_HistoriasClinicas_Pacientes1` FOREIGN KEY (`Pacientes_DNI`) REFERENCES `pacientes` (`Dni`) ON DELETE NO ACTION ON UPDATE NO ACTION
) ENGINE=InnoDB DEFAULT CHARSET=utf8;
/*!40101 SET character_set_client = @saved_cs_client */;

--
-- Dumping data for table `historias_clinicas`
--

LOCK TABLES `historias_clinicas` WRITE;
/*!40000 ALTER TABLE `historias_clinicas` DISABLE KEYS */;
/*!40000 ALTER TABLE `historias_clinicas` ENABLE KEYS */;
UNLOCK TABLES;

--
-- Table structure for table `medicos`
--

DROP TABLE IF EXISTS `medicos`;
/*!40101 SET @saved_cs_client     = @@character_set_client */;
/*!40101 SET character_set_client = utf8 */;
CREATE TABLE `medicos` (
  `NroLegajo` int(11) NOT NULL,
  `DNI` varchar(20) NOT NULL,
  `Nombre` varchar(200) NOT NULL,
  `Apellido` varchar(50) NOT NULL,
  `Direccion` varchar(50) DEFAULT NULL,
  `Telefono` varchar(200) DEFAULT NULL,
  `EMAIL` varchar(200) DEFAULT NULL,
  `FechaIngreso` date DEFAULT NULL,
  `ID_Especialidad` int(11) NOT NULL,
  PRIMARY KEY (`NroLegajo`),
  UNIQUE KEY `DNI_UNIQUE` (`DNI`),
  KEY `fk_Medicos_Especialidades1_idx` (`ID_Especialidad`),
  CONSTRAINT `fk_Medicos_Especialidades1` FOREIGN KEY (`ID_Especialidad`) REFERENCES `especialidades` (`ID_Especialidad`) ON DELETE NO ACTION ON UPDATE NO ACTION
) ENGINE=InnoDB DEFAULT CHARSET=utf8;
/*!40101 SET character_set_client = @saved_cs_client */;

--
-- Dumping data for table `medicos`
--

LOCK TABLES `medicos` WRITE;
/*!40000 ALTER TABLE `medicos` DISABLE KEYS */;
INSERT INTO `medicos` VALUES (1,'26423324','Julieta','Bertarini','Estrada 3212','2234461987','jbertarini@gmail.com','2015-04-05',1),(2,'28987124','Gabriela','Capurro','San Martin 1233','2234547478','gabriela231capurro@live.com.ar','2016-07-06',1),(3,'27984001','Alejandro','Jaksic','Moreno 2134 PB A','2235236547','nutricionJaksic@arnet.com','2009-02-25',1),(4,'29414014','Veronica Florencia','Surace','Luro 4501','4726927','surace29414@yahoo.com.ar','2017-04-04',1),(5,'22321145','Mariela','Acua','Libertad 3214','4995847','mari2010@gmail.com','2012-01-07',2),(6,'24324998|','Jorge','Anuncibay','Bv.Maritimo 764','2235478214|','anuncibayJ@hotmail.com','2013-04-04',2),(7,'29145215','Diego','Franco','Los Andes 3212','2235641222','nutricionysaludFrancoD@uol.com','2009-12-20',2),(8,'23145258','Carlos','Peralta','Alem  211','2234566223','peralta1972@gmail.com','2008-01-01',3),(9,'27423111','Pablo','Calabria','Alberti 2312','2234460987','pcalabri21@gmail.com','2016-05-05',4),(10,'28923101','Juan Pablo','Castorina','Bolivar 212','2234777847','castorinajp@gmail.com','2012-01-28',4),(11,'29323001','Gustavo','Fratini','Guido 234 2do A','2235123478','fratinig@yahoo.com','2011-06-25',4),(12,'22111002','Luis','Vazquez Avila','Jujuy 1231','2234879582','avilaLuis@arnet.com.ar','2005-11-17',4),(13,'23421123','Esteban','Ayerdi','Salta 812','2234115468','ayerdi222@live.com','2015-06-11',5),(14,'26126456','Gustavo','Canteros','Catamarca 2300 PB C','2234458976','canteros_g@hotmail.com','2013-04-21',5),(15,'27654657','Oscar','Menna','Champagnat 955','2235468795','mennadelrojo@speedy.com.ar','2016-07-12',5),(16,'28789888','Alfredo','Casarini','Cataluna 5656','2235478820','casarinia2@live.com','2011-10-22',6),(17,'21987999','Maria Jesus','Casarini','Rojas 322','2235123987','casarinimj@gmail.com','2012-01-05',6),(19,'24990123','Jorge','Soria','Luro 2432 7 E','223441005','soriaj_cardio@gmail.com','2016-09-15',6),(20,'26009234','Priscila','Alliney','Alem 154','2235778956','palliney@arnet.com','2018-01-05',7),(21,'28003421','Maria Emilia','Ayechu','Funes 628','4925500','maayechu222@hotmail.com','2011-07-11',7),(22,'29223666','Carolina','Busolo','Misiones 2829','4726927','carolinitabusolo@arnet.com','2016-08-22',7),(23,'30212667','Agustin','Arregui','Castelli 2387','2234159846','arreguiAgust@speedy.com','2012-06-15',8),(24,'31222876','Mariano','Arregui','Chaco 2754','2234499984','arregui_456@live.com','2013-11-07',8),(25,'32875999','Denis','Doctor','Correa de Saa 1909','2233031838','denis@gmail.com','2018-02-05',1);
/*!40000 ALTER TABLE `medicos` ENABLE KEYS */;
UNLOCK TABLES;

--
-- Table structure for table `medicos_obras_sociales`
--

DROP TABLE IF EXISTS `medicos_obras_sociales`;
/*!40101 SET @saved_cs_client     = @@character_set_client */;
/*!40101 SET character_set_client = utf8 */;
CREATE TABLE `medicos_obras_sociales` (
  `NroLegajo` int(11) NOT NULL,
  `ID_ObraSocial` int(11) NOT NULL,
  `Active` tinyint(4) NOT NULL DEFAULT '1',
  PRIMARY KEY (`NroLegajo`,`ID_ObraSocial`),
  KEY `fk_Medicos_has_ObrasSociales_ObrasSociales1_idx` (`ID_ObraSocial`),
  KEY `fk_Medicos_has_ObrasSociales_Medicos1_idx` (`NroLegajo`),
  CONSTRAINT `fk_Medicos_has_ObrasSociales_Medicos1` FOREIGN KEY (`NroLegajo`) REFERENCES `medicos` (`NroLegajo`) ON DELETE NO ACTION ON UPDATE NO ACTION,
  CONSTRAINT `fk_Medicos_has_ObrasSociales_ObrasSociales1` FOREIGN KEY (`ID_ObraSocial`) REFERENCES `obras_sociales` (`ID_ObraSocial`) ON DELETE NO ACTION ON UPDATE NO ACTION
) ENGINE=InnoDB DEFAULT CHARSET=utf8;
/*!40101 SET character_set_client = @saved_cs_client */;

--
-- Dumping data for table `medicos_obras_sociales`
--

LOCK TABLES `medicos_obras_sociales` WRITE;
/*!40000 ALTER TABLE `medicos_obras_sociales` DISABLE KEYS */;
INSERT INTO `medicos_obras_sociales` VALUES (1,1,1),(1,2,1),(1,3,1),(1,4,1),(1,5,1),(1,6,1),(1,7,1),(1,8,1),(1,9,1),(1,10,1),(1,11,1),(1,12,1),(1,13,1),(1,14,1),(1,15,1),(1,16,1),(1,17,1),(1,18,1),(1,19,1),(1,20,1),(2,1,1),(2,2,1),(2,3,1),(2,4,1),(2,5,1),(2,6,1),(2,7,1),(2,8,1),(2,9,1),(2,10,1),(2,11,1),(2,12,1),(2,13,1),(2,14,1),(2,15,1),(2,16,1),(2,17,1),(2,18,1),(2,19,1),(2,20,1),(3,1,1),(3,2,1),(3,3,1),(3,4,1),(3,5,1),(3,6,1),(3,7,1),(3,8,1),(3,9,1),(3,10,1),(3,11,1),(3,12,1),(3,13,1),(3,14,1),(3,15,1),(3,16,1),(3,17,1),(3,18,1),(3,19,1),(3,20,1),(4,1,1),(4,2,1),(4,3,1),(4,4,1),(4,5,1),(4,6,1),(4,7,1),(4,8,1),(4,9,1),(4,10,1),(4,11,1),(4,12,1),(4,13,1),(4,14,1),(4,15,1),(4,16,1),(4,17,1),(4,18,1),(4,19,1),(4,20,1),(5,1,1),(5,2,1),(5,3,1),(5,4,1),(5,5,1),(5,6,1),(5,7,1),(5,8,1),(5,9,1),(5,10,1),(5,11,1),(5,12,1),(5,13,1),(5,14,1),(5,15,1),(5,16,1),(5,17,1),(5,18,1),(5,19,1),(5,20,1),(6,1,1),(6,2,1),(6,3,1),(6,4,1),(6,5,1),(6,6,1),(6,7,1),(6,8,1),(6,9,1),(6,10,1),(6,11,1),(6,12,1),(6,13,1),(6,14,1),(6,15,1),(6,16,1),(6,17,1),(6,18,1),(6,19,1),(6,20,1),(7,1,1),(7,2,1),(7,3,1),(7,4,1),(7,5,1),(7,6,1),(7,7,1),(7,8,1),(7,9,1),(7,10,1),(7,11,1),(7,12,1),(7,13,1),(7,14,1),(7,15,1),(7,16,1),(7,17,1),(7,18,1),(7,19,1),(7,20,1),(8,1,1),(8,2,1),(8,3,1),(8,4,1),(8,5,1),(8,6,1),(8,7,1),(8,8,1),(8,9,1),(8,10,1),(8,11,1),(8,12,1),(8,13,1),(8,14,1),(8,15,1),(8,16,1),(8,17,1),(8,18,1),(8,19,1),(8,20,1),(9,1,1),(9,2,1),(9,3,1),(9,4,1),(9,5,1),(9,6,1),(9,7,1),(9,8,1),(9,9,1),(9,10,1),(9,11,1),(9,12,1),(9,13,1),(9,14,1),(9,15,1),(9,16,1),(9,17,1),(9,18,1),(9,19,1),(9,20,1),(10,1,1),(10,2,1),(10,3,1),(10,4,1),(10,5,1),(10,6,1),(10,7,1),(10,8,1),(10,9,1),(10,10,1),(10,11,1),(10,12,1),(10,13,1),(10,14,1),(10,15,1),(10,16,1),(10,17,1),(10,18,1),(10,19,1),(10,20,1),(11,1,1),(11,2,1),(11,3,1),(11,4,1),(11,5,1),(11,6,1),(11,7,1),(11,8,1),(11,9,1),(11,10,1),(11,11,1),(11,12,1),(11,13,1),(11,14,1),(11,15,1),(11,16,1),(11,17,1),(11,18,1),(11,19,1),(11,20,1),(12,1,1),(12,2,1),(12,3,1),(12,4,1),(12,5,1),(12,6,1),(12,7,1),(12,8,1),(12,9,1),(12,10,1),(12,11,1),(12,12,1),(12,13,1),(12,14,1),(12,15,1),(12,16,1),(12,17,1),(12,18,1),(12,19,1),(12,20,1),(13,1,1),(13,2,1),(13,3,1),(13,4,1),(13,5,1),(13,6,1),(13,7,1),(13,8,1),(13,9,1),(13,10,1),(13,11,1),(13,12,1),(13,13,1),(13,14,1),(13,15,1),(13,16,1),(13,17,1),(13,18,1),(13,19,1),(13,20,1),(14,1,1),(14,2,1),(14,3,1),(14,4,1),(14,5,1),(14,6,1),(14,7,1),(14,8,1),(14,9,1),(14,10,1),(14,11,1),(14,12,1),(14,13,1),(14,14,1),(14,15,1),(14,16,1),(14,17,1),(14,18,1),(14,19,1),(14,20,1),(15,1,1),(15,2,1),(15,3,1),(15,4,1),(15,5,1),(15,6,1),(15,7,1),(15,8,1),(15,9,1),(15,10,1),(15,11,1),(15,12,1),(15,13,1),(15,14,1),(15,15,1),(15,16,1),(15,17,1),(15,18,1),(15,19,1),(15,20,1),(16,1,1),(16,2,1),(16,3,1),(16,4,1),(16,5,1),(16,6,1),(16,7,1),(16,8,1),(16,9,1),(16,10,1),(16,11,1),(16,12,1),(16,13,1),(16,14,1),(16,15,1),(16,16,1),(16,17,1),(16,18,1),(16,19,1),(16,20,1),(17,1,1),(17,2,1),(17,3,1),(17,4,1),(17,5,1),(17,6,1),(17,7,1),(17,8,1),(17,9,1),(17,10,1),(17,11,1),(17,12,1),(17,13,1),(17,14,1),(17,15,1),(17,16,1),(17,17,1),(17,18,1),(17,19,1),(17,20,1),(19,1,1),(19,2,1),(19,3,1),(19,4,1),(19,5,1),(19,6,1),(19,7,1),(19,8,1),(19,9,1),(19,10,1),(19,11,1),(19,12,1),(19,13,1),(19,14,1),(19,15,1),(19,16,1),(19,17,1),(19,18,1),(19,19,1),(19,20,1),(20,1,1),(20,2,1),(20,3,1),(20,4,1),(20,5,1),(20,6,1),(20,7,1),(20,8,1),(20,9,1),(20,10,1),(20,11,1),(20,12,1),(20,13,1),(20,14,1),(20,15,1),(20,16,1),(20,17,1),(20,18,1),(20,19,1),(20,20,1),(21,1,1),(21,2,1),(21,3,1),(21,4,1),(21,5,1),(21,6,1),(21,7,1),(21,8,1),(21,9,1),(21,10,1),(21,11,1),(21,12,1),(21,13,1),(21,14,1),(21,15,1),(21,16,1),(21,17,1),(21,18,1),(21,19,1),(21,20,1),(22,1,1),(22,2,1),(22,3,1),(22,4,1),(22,5,1),(22,6,1),(22,7,1),(22,8,1),(22,9,1),(22,10,1),(22,11,1),(22,12,1),(22,13,1),(22,14,1),(22,15,1),(22,16,1),(22,17,1),(22,18,1),(22,19,1),(22,20,1),(23,1,1),(23,2,1),(23,3,1),(23,4,1),(23,5,1),(23,6,1),(23,7,1),(23,8,1),(23,9,1),(23,10,1),(23,11,1),(23,12,1),(23,13,1),(23,14,1),(23,15,1),(23,16,1),(23,17,1),(23,18,1),(23,19,1),(23,20,1),(24,1,1),(24,2,1),(24,3,1),(24,4,1),(24,5,1),(24,6,1),(24,7,1),(24,8,1),(24,9,1),(24,10,1),(24,11,1),(24,12,1),(24,13,1),(24,14,1),(24,15,1),(24,16,1),(24,17,1),(24,18,1),(24,19,1),(24,20,1);
/*!40000 ALTER TABLE `medicos_obras_sociales` ENABLE KEYS */;
UNLOCK TABLES;

--
-- Table structure for table `medicos_secretarias`
--

DROP TABLE IF EXISTS `medicos_secretarias`;
/*!40101 SET @saved_cs_client     = @@character_set_client */;
/*!40101 SET character_set_client = utf8 */;
CREATE TABLE `medicos_secretarias` (
  `Medicos_NroLegajo` int(11) NOT NULL,
  `Secretarias_NroLegajo` int(11) NOT NULL,
  PRIMARY KEY (`Medicos_NroLegajo`,`Secretarias_NroLegajo`),
  KEY `fk_Medicos_has_Secretarias_Secretarias1_idx` (`Secretarias_NroLegajo`),
  KEY `fk_Medicos_has_Secretarias_Medicos1_idx` (`Medicos_NroLegajo`),
  CONSTRAINT `fk_Medicos_has_Secretarias_Medicos1` FOREIGN KEY (`Medicos_NroLegajo`) REFERENCES `medicos` (`NroLegajo`) ON DELETE NO ACTION ON UPDATE NO ACTION,
  CONSTRAINT `fk_Medicos_has_Secretarias_Secretarias1` FOREIGN KEY (`Secretarias_NroLegajo`) REFERENCES `secretarias` (`NroLegajo`) ON DELETE NO ACTION ON UPDATE NO ACTION
) ENGINE=InnoDB DEFAULT CHARSET=utf8;
/*!40101 SET character_set_client = @saved_cs_client */;

--
-- Dumping data for table `medicos_secretarias`
--

LOCK TABLES `medicos_secretarias` WRITE;
/*!40000 ALTER TABLE `medicos_secretarias` DISABLE KEYS */;
/*!40000 ALTER TABLE `medicos_secretarias` ENABLE KEYS */;
UNLOCK TABLES;

--
-- Table structure for table `obras_sociales`
--

DROP TABLE IF EXISTS `obras_sociales`;
/*!40101 SET @saved_cs_client     = @@character_set_client */;
/*!40101 SET character_set_client = utf8 */;
CREATE TABLE `obras_sociales` (
  `ID_ObraSocial` int(11) NOT NULL,
  `Sigla` varchar(255) NOT NULL,
  `Denominacion` varchar(255) NOT NULL,
  `CUIT` varchar(50) NOT NULL,
  `Activa` tinyint(4) NOT NULL DEFAULT '1',
  PRIMARY KEY (`ID_ObraSocial`),
  UNIQUE KEY `Sigla_UNIQUE` (`Sigla`),
  UNIQUE KEY `CUIT_UNIQUE` (`CUIT`)
) ENGINE=InnoDB DEFAULT CHARSET=utf8;
/*!40101 SET character_set_client = @saved_cs_client */;

--
-- Dumping data for table `obras_sociales`
--

LOCK TABLES `obras_sociales` WRITE;
/*!40000 ALTER TABLE `obras_sociales` DISABLE KEYS */;
INSERT INTO `obras_sociales` VALUES (1,'MEDIFE','MEDIFE S A','30-68273765-0',1),(2,'THEMA','THEMA CONSULT SA','30-68589727-6',1),(3,'GALENO','GALENO S R L',' 30-52242816-3',1),(4,'IOMA','INSTITUTO DE OBRA MEDICO ASISTENCIAL','30-62824952-7',0),(5,'OSDE','ORGANIZACION DE SERVICIOS DIRECTOS EMPRESARIOS','30-54674125-3',1),(6,'PAMI',' Instituto Nacional de Servicios Sociales para Jubilados y Pensionados','30-66607401-3',1),(7,'SAMI','MUTUAL DE SERVICIOS ASISTENCIALES DE MEDICINA INTERDISCIPLINARIA',' 30-70751126-1',0),(8,'SWISS MEDICAL','SWISS MEDICAL S A','30-65485516-8',1),(9,'OSFATLYF','OBRA SOCIAL DE LA FEDERACIN ARGENTINA DE TRABAJADORES DE LUZ Y FUERZA','30-66322124-4',1),(10,'OSPEPBA',' Obra Social del Personal de Escribanas de la Provincia de. Buenos Aires','30-66571571-6',0),(11,'OSIAD','OBRA SOCIAL PARA EL PERSONAL DE LA INDUSTRIA ACEITERA DESMOTADORA Y AFINES','30-58331882-4',1),(12,'OSA','Obra Social de Actores','30-64621797-7',1),(13,'OMINT','SOCIEDAD ANONIMA DE SERVICIOS','30-55024530-9',1),(14,'OSCHOCA','OBRA SOCIAL DE CHOFERES DE CAMIONES','30-67788309-6',0),(15,'OSPEDYC','OBRA SOCIAL DEL PERSONAL DE ENTIDADES DEPORTIVAS Y CIVILES','30-68833954-1',1),(16,'OSPF','OBRA SOCIAL DEL PERSONAL DE FARMACIA','33-64810438-9',1),(17,'OSECAC','OBRA SOCIAL DE LOS EMPLEADOS DE COMERCIO Y ACTIVIDADES CIVILES','30-55027355-8',1),(18,'MEDICUS','MEDICUS SOCIEDAD ANONIMA DE ASISTENCIA MEDICA Y CIENTIFICA','30-54677131-4',1),(19,'OSPETAX','OBRA SOCIAL DE PEONES DE TAXIS',' 30-64250751-2',1),(20,'OSPAD','OBRA SOCIAL DEL PERSONAL ADUANERO DE LA REPUBLICA ARGENTINA','30-67911343-3',1);
/*!40000 ALTER TABLE `obras_sociales` ENABLE KEYS */;
UNLOCK TABLES;

--
-- Table structure for table `pacientes`
--

DROP TABLE IF EXISTS `pacientes`;
/*!40101 SET @saved_cs_client     = @@character_set_client */;
/*!40101 SET character_set_client = utf8 */;
CREATE TABLE `pacientes` (
  `Dni` varchar(50) NOT NULL,
  `Nombre` varchar(45) DEFAULT NULL,
  `Apellido` varchar(45) DEFAULT NULL,
  `Direccion` varchar(45) DEFAULT NULL,
  `Telefono` varchar(45) DEFAULT NULL,
  `Email` varchar(45) DEFAULT NULL,
  `IdObraSocial` varchar(45) DEFAULT NULL,
  PRIMARY KEY (`Dni`)
) ENGINE=InnoDB DEFAULT CHARSET=utf8;
/*!40101 SET character_set_client = @saved_cs_client */;

--
-- Dumping data for table `pacientes`
--

LOCK TABLES `pacientes` WRITE;
/*!40000 ALTER TABLE `pacientes` DISABLE KEYS */;
INSERT INTO `pacientes` VALUES ('22351235','Carlos','Panqueque','wefwwefwef 34234','234234324','carlos@gmail.com','9'),('23678010','Luciana Beln',' \"D\'Arpa\"',' \"Estado de Israel 761\"',' 2266454213','belencita_darpa@gmail.com','10'),('24053930','Julieta Alejandra',' Fulcheri',' \"Salta 2764\"','2234501223','juli_fulchi@hotmail.com','18'),('29257291','Eugenia',' Klein',' \"Avellaneda 4500\"',' 2234556660','keugenia@yahoo.com','2'),('30967539','Barbara Renee',' Alvarez',' \"Francia 2289\"',' 226445951','barbarita_alva@hotmail.com','3'),('31004025','Gaspar',' Liberati',' \"Blgina 7298\"',' 2234550888','liberati_gasparcito@gmail.com','4'),('32132156','debora','delgado','cfwerf 33','23153','debora@gmail.com','5'),('32383515','Micaela',' Alonso',' \"Estrada 4432\"',' 2235882228','malonso_88@gmail.com','5'),('32523653','Sabrina Anah',' Botto',' \"Peru 5421\"',' 224587987','sabribotto@live.com','3'),('32875100','chambi','jose','\"Correa de Saa 1909\"','2233031838','chambi@gmail.com','7'),('32888555','Juan','Perez','Mitre 231','2233031838','juan@gmail.com','7'),('32888999','Maria Laura','Contreras','','','adriel@gmail.com','4'),('33253154','Veronica','Meza','fweffwe 53135','235132','vero@gmail.com','5'),('34541229','Emanue',' Arroyo',' \"Avellaneda 5421\"',' 2234112289','arroyo_emanuel@ufasta.edu.ar','5'),('35562250','Luciana',' Cattoni',' \"Colon 1200 6 A\"',' 2234112221','luchacattoni@gmail.com','3'),('36110696','Romina Giselle',' Bugallo',' \"Mejico 211\"',' 223500600','giromibugallo@gmail.com','2'),('36332114','Emiliano',' Gauna',' \"San Lorenzo 7221\"',' 2234774441','Emi_el22@gmail.com','2'),('36363346','Franco',' Cabrelli',' \"Uruguay 3290\"',' 223145541','franqui_cabrelli@gmail.com','3'),('36387835','Federico Leonardo',' Mauco',' \"Rojas 991\"',' 2275489963','leo_fmauco@gmail.com','4'),('36798387','Alejandra Elisabet',' Fabiero',' \"Ayolas 320\"',' 2234552396','Ale_loquilla321@yahoo.com','2'),('36834927','Cesr Gabriel',' \"Montero Lacasa\"',' \"Blgica 7211\"',' 2264235321','elcesarg_montero@hotmail.com','4'),('36858204','Mara Eugenia',' Mancini',' \"Chile 2721\"',' 2236555888','mancinime@live.com','5'),('36906307','Agustin',' Izzo',' \"Bolivar 2111\"',' 2235669990','agizzo_carp@yahoo.com','6'),('37030988','Lucia Daiana',' Dasilva',' \"Catamarca 3421\"',' 225478887','luci_dai231@live.com.ar','7'),('37031662','Luciano','Abreu','Ricardo Palma 5423','2234445554','labreu@ufasta.edu.ar','7'),('37237391','Agustin',' Collado',' \"Av.Arturo Alio 223\"','2234111005','colladoag@gmail.com','8'),('37240060','Mara Sol',' Bertarini',' \"Luro 3215\"',' 2235213456','marisolb@hotmail.com','3'),('37344242','Juan Pablo',' Dalesandro',' \"Jujuy 3211\"',' 2235447774','juanpabloacademia@live.com','5');
/*!40000 ALTER TABLE `pacientes` ENABLE KEYS */;
UNLOCK TABLES;

--
-- Table structure for table `pacientes_obras_sociales`
--

DROP TABLE IF EXISTS `pacientes_obras_sociales`;
/*!40101 SET @saved_cs_client     = @@character_set_client */;
/*!40101 SET character_set_client = utf8 */;
CREATE TABLE `pacientes_obras_sociales` (
  `Paciente_DNI` varchar(50) NOT NULL,
  `ID_ObraSocial` int(11) NOT NULL,
  `NumeroAfiliado` varchar(200) DEFAULT NULL,
  `FechaIngreso` datetime NOT NULL DEFAULT CURRENT_TIMESTAMP,
  `Activo` tinyint(4) DEFAULT NULL,
  PRIMARY KEY (`Paciente_DNI`,`ID_ObraSocial`),
  KEY `fk_Paciente_has_ObraSocial_ObraSocial1_idx` (`ID_ObraSocial`),
  KEY `fk_Paciente_has_ObraSocial_Paciente1_idx` (`Paciente_DNI`),
  CONSTRAINT `fk_Paciente_has_ObraSocial_ObraSocial1` FOREIGN KEY (`ID_ObraSocial`) REFERENCES `obras_sociales` (`ID_ObraSocial`) ON DELETE NO ACTION ON UPDATE NO ACTION,
  CONSTRAINT `fk_Paciente_has_ObraSocial_Paciente1` FOREIGN KEY (`Paciente_DNI`) REFERENCES `pacientes` (`Dni`) ON DELETE NO ACTION ON UPDATE NO ACTION
) ENGINE=InnoDB DEFAULT CHARSET=utf8;
/*!40101 SET character_set_client = @saved_cs_client */;

--
-- Dumping data for table `pacientes_obras_sociales`
--

LOCK TABLES `pacientes_obras_sociales` WRITE;
/*!40000 ALTER TABLE `pacientes_obras_sociales` DISABLE KEYS */;
INSERT INTO `pacientes_obras_sociales` VALUES ('23678010',1,'23678','2002-02-01 00:00:00',1),('24053930',2,'24053','2006-02-25 00:00:00',1),('29257291',1,'29257','2009-07-05 00:00:00',1),('30967539',2,'30967','1998-04-12 00:00:00',1),('31004025',3,'2548','1991-09-18 00:00:00',1),('32383515',4,'3256','2005-06-24 00:00:00',1),('32523653',5,'32523','2001-12-12 00:00:00',1),('34541229',5,'34541','1994-11-11 00:00:00',1),('35562250',8,'1548','1999-10-02 00:00:00',1),('36110696',7,'3611','1992-09-19 00:00:00',1),('36332114',5,'36332','2010-11-22 00:00:00',1),('36363346',1,'36363','1995-02-23 00:00:00',1),('36387835',5,'36387','2015-01-22 00:00:00',1),('36798387',7,'36798','2012-02-12 00:00:00',1),('36834927',17,'36834','2001-02-25 00:00:00',1),('36858204',17,'36585','2002-06-18 00:00:00',1),('36906307',17,'36906','2003-07-17 00:00:00',1),('37030988',17,'37030','2004-08-18 00:00:00',1),('37031662',1,'37031','2006-02-19 00:00:00',1),('37240060',20,'355','2009-12-20 00:00:00',1),('37344242',16,'3444','2014-02-01 00:00:00',1);
/*!40000 ALTER TABLE `pacientes_obras_sociales` ENABLE KEYS */;
UNLOCK TABLES;

--
-- Table structure for table `permisos`
--

DROP TABLE IF EXISTS `permisos`;
/*!40101 SET @saved_cs_client     = @@character_set_client */;
/*!40101 SET character_set_client = utf8 */;
CREATE TABLE `permisos` (
  `ID_Permisos` int(11) NOT NULL,
  `Descripcion` varchar(45) DEFAULT NULL COMMENT 'Los permisos son:\n0-Paciente. Saca turnos, cancela turnos, se registra.\n1-Secretaria. Puede sacar turnos para pacientes y algunas funciones ms.\n2-Mdico. Puede crear agenda de turnos.\n3-Administrador.',
  PRIMARY KEY (`ID_Permisos`)
) ENGINE=InnoDB DEFAULT CHARSET=utf8;
/*!40101 SET character_set_client = @saved_cs_client */;

--
-- Dumping data for table `permisos`
--

LOCK TABLES `permisos` WRITE;
/*!40000 ALTER TABLE `permisos` DISABLE KEYS */;
INSERT INTO `permisos` VALUES (0,'Pacientes'),(1,'Secretarias'),(2,'Medicos'),(3,'Administradores');
/*!40000 ALTER TABLE `permisos` ENABLE KEYS */;
UNLOCK TABLES;

--
-- Table structure for table `secretarias`
--

DROP TABLE IF EXISTS `secretarias`;
/*!40101 SET @saved_cs_client     = @@character_set_client */;
/*!40101 SET character_set_client = utf8 */;
CREATE TABLE `secretarias` (
  `NroLegajo` int(11) NOT NULL,
  `DNI` varchar(50) NOT NULL,
  `Nombre` varchar(200) DEFAULT NULL,
  `Apellido` varchar(200) DEFAULT NULL,
  `Direccion` varchar(50) DEFAULT NULL,
  `Telefono` varchar(200) DEFAULT NULL,
  `EMAIL` varchar(200) DEFAULT NULL,
  `FechaIngreso` date DEFAULT NULL,
  PRIMARY KEY (`NroLegajo`),
  UNIQUE KEY `DNI_UNIQUE` (`DNI`)
) ENGINE=InnoDB DEFAULT CHARSET=utf8;
/*!40101 SET character_set_client = @saved_cs_client */;

--
-- Dumping data for table `secretarias`
--

LOCK TABLES `secretarias` WRITE;
/*!40000 ALTER TABLE `secretarias` DISABLE KEYS */;
INSERT INTO `secretarias` VALUES (25,'28935093','Florencia','De Luca','Chile 2312','2235897654','fdeluca@hotmail.com','2004-01-21'),(26,'27582417','Analia','Rubio','Juan Jose Paso 321','2234458852','arubio231@arnet.com','2005-11-02'),(27,'32546879','Candela','Sadobe','Francia 223','2236456213','candesadobe1@gmail.com','2006-10-01'),(28,'29357753','Jesica Celina ','Lemes','Tierra del Fuego 2312','2235878997','jesica_1987@live.com.ar','2010-01-05'),(29,'31000254','Norma','Arregui','Alem 2345','2234565852','normaarrgui_34@live.com','2012-02-18'),(30,'29333456','Adriana','Fantini','Luro 2314 9 B','2234879882','fadri@yahoo.com','2006-01-03'),(31,'32005648','Juliana','Posse','Primera Junta 456','2234550002','jposse@hotmail.com','2014-01-07'),(32,'29000145','Silvia','Saralegui','Colon 3212 PB G','2235469875','ssaralegui@yahoo.com','2017-01-21'),(33,'27345321','Mercedes','Mortola','Tejedor 322','2235698789','mmortola@gmail.com','2004-07-12'),(34,'26456654','Monica','Paradiso','Luro 3211','2234565390','mparadiso@live.com.ar','2016-07-05'),(35,'28663005','Luciana','Bertud','Ayacucho 211','2235201312','luchab@gmail.com','2017-02-23'),(36,'28555478','Cecilia','Magnani','20 de septiembre 1234','2234550012','cmagnani1721a@live.com.ar','2014-08-15'),(37,'29444775','Damaris','Zarate','Juana Azurduy 2314','2234580167','damita321z@gmail.com','2014-01-08'),(38,'26885223','Celina del Valle','Lopez Fricker','Estrada 4467 PB B','2234460908','delvallefricker@gmail.com','2018-06-12'),(39,'23000147','Sara','Fricker','Cataluna 5444','2234475258','sfricker39@live.com','2015-02-12'),(40,'24112221','Gabriela','Piperno','Calle 228 2554','2235888666','gpiperno@live.com.ar','2014-04-29'),(41,'26555444','Mora','Di Francesco','Guemes 2345 7 B','22345050909','moritadf@yahoo.com','2014-11-22'),(42,'28935021','Ileana Maria','Arevalo','Buenos Aires 2233 9 H','2235444000','ilerolinga29@gmail.com','1998-09-01'),(43,'28395648','Veronica','Rodriguez','Bolivar 3221','2236999210','veritorodriguez@live.com','1999-03-17'),(44,'23554920','Pamela','Maggi','Moreno 2211','2236555231','pmaggi231@facebook.com','2001-11-14'),(45,'27447753','Valeria','Trapano','San Lorenzo  2814','2236885461','valetrapano@yahoo.com','2003-11-11'),(46,'27989660','Sofia','Abad','Chaco 234','2234582667','sofiab@gmail.com','2002-01-11'),(47,'22555888','Alda','Diaz','Castelli 3400','2235806630','alditaadiaz@gmail.com','1997-02-21'),(48,'21545999','Ana','Romero','Avellaneda 3210','2236551239','anitalomasr@gmail.com','2017-06-07'),(49,'24545545','Ana Luz','Baldocchi','Ayolas 1901','2234125521','albaldocchi@yahoo.com','2016-01-06'),(50,'26895874','Evelyn','Lizardo','Alvarado 2367','2235582852','eveliz@gmail.com','2017-12-12'),(51,'29666000','Magali','Donadio','French 309','2236440147','maggita2016@gmail.com','2017-12-12'),(52,'3213513','Adriel','Rodriguez','Correa de Saa 1909','2234454634','adriel@gmail.com','2017-12-23');
/*!40000 ALTER TABLE `secretarias` ENABLE KEYS */;
UNLOCK TABLES;

--
-- Table structure for table `turnos`
--

DROP TABLE IF EXISTS `turnos`;
/*!40101 SET @saved_cs_client     = @@character_set_client */;
/*!40101 SET character_set_client = utf8 */;
CREATE TABLE `turnos` (
  `ID_turno` int(11) NOT NULL AUTO_INCREMENT,
  `NroLegajo` int(11) NOT NULL,
  `ID_Agendas_Turnos` int(11) DEFAULT NULL,
  `DuracionTurno` tinyint(4) NOT NULL,
  `FechaHora` datetime NOT NULL,
  `EstadoTurno` tinyint(4) NOT NULL,
  `DNI_Paciente` varchar(50) DEFAULT NULL,
  `ID_Especialidad` int(11) NOT NULL,
  PRIMARY KEY (`ID_turno`)
) ENGINE=InnoDB AUTO_INCREMENT=28 DEFAULT CHARSET=latin1;
/*!40101 SET character_set_client = @saved_cs_client */;

--
-- Dumping data for table `turnos`
--

LOCK TABLES `turnos` WRITE;
/*!40000 ALTER TABLE `turnos` DISABLE KEYS */;
INSERT INTO `turnos` VALUES (1,25,0,60,'2018-10-15 10:00:00',5,NULL,8),(2,25,0,30,'2018-10-16 13:00:00',5,NULL,8),(3,25,0,30,'2018-10-16 13:30:00',5,NULL,8),(4,1,0,30,'2018-10-17 15:00:00',5,NULL,1),(5,1,0,30,'2018-10-17 15:30:00',5,NULL,1),(6,2,0,30,'2018-10-15 08:00:00',5,NULL,1),(7,2,0,30,'2018-10-15 08:30:00',5,NULL,1),(8,25,0,30,'2018-11-07 09:00:00',4,'32875100',8),(9,25,0,30,'2018-11-07 09:30:00',0,'32875100',8),(10,25,0,45,'2018-11-06 09:30:00',1,'32875100',8),(11,25,0,45,'2018-11-06 10:15:00',1,'32875100',8),(12,25,0,45,'2018-11-05 08:00:00',5,NULL,1),(13,25,0,45,'2018-11-05 08:45:00',5,NULL,1),(14,25,0,45,'2018-11-05 09:30:00',5,NULL,1),(15,25,0,45,'2018-11-05 10:15:00',5,NULL,1),(16,25,0,45,'2018-11-06 08:00:00',5,NULL,1),(17,25,0,45,'2018-11-06 08:45:00',5,NULL,1),(18,25,0,45,'2018-11-06 09:30:00',5,NULL,1),(19,25,0,45,'2018-11-06 10:15:00',5,NULL,1),(20,25,0,45,'2018-11-07 08:00:00',5,NULL,1),(21,25,0,45,'2018-11-07 08:45:00',1,'32875100',1),(22,25,0,45,'2018-11-07 09:30:00',5,NULL,1),(23,25,0,45,'2018-11-07 10:15:00',5,NULL,1),(24,25,0,45,'2018-11-08 08:00:00',5,NULL,1),(25,25,0,45,'2018-11-08 08:45:00',5,NULL,1),(26,25,0,45,'2018-11-08 09:30:00',5,NULL,1),(27,25,0,45,'2018-11-08 10:15:00',5,NULL,1);
/*!40000 ALTER TABLE `turnos` ENABLE KEYS */;
UNLOCK TABLES;

--
-- Table structure for table `turnos_pacientes`
--

DROP TABLE IF EXISTS `turnos_pacientes`;
/*!40101 SET @saved_cs_client     = @@character_set_client */;
/*!40101 SET character_set_client = utf8 */;
CREATE TABLE `turnos_pacientes` (
  `Pacientes_DNI` varchar(50) NOT NULL,
  `CalendariosAgendaTurnos_ID_AgendasTurnos` int(11) NOT NULL,
  `EstadoTurno` tinyint(4) NOT NULL COMMENT 'Activo: es un turno que est a la espera de ser cumplido.\nCancelado: es un turno que fue dado de baja.\nCumplido: es un turno en el que el paciente ha asistido.\nAusente: es un turno en el que el paciente no ha asistido sin ser cancelado.',
  PRIMARY KEY (`Pacientes_DNI`,`CalendariosAgendaTurnos_ID_AgendasTurnos`),
  KEY `fk_Pacientes_has_CalendariosAgendaTurnos_CalendariosAgendaT_idx` (`CalendariosAgendaTurnos_ID_AgendasTurnos`),
  KEY `fk_Pacientes_has_CalendariosAgendaTurnos_Pacientes1_idx` (`Pacientes_DNI`),
  CONSTRAINT `fk_Pacientes_has_CalendariosAgendaTurnos_CalendariosAgendaTur1` FOREIGN KEY (`CalendariosAgendaTurnos_ID_AgendasTurnos`) REFERENCES `calendarios_agendas_turnos` (`ID_Agendas_Turnos`) ON DELETE NO ACTION ON UPDATE NO ACTION,
  CONSTRAINT `fk_Pacientes_has_CalendariosAgendaTurnos_Pacientes1` FOREIGN KEY (`Pacientes_DNI`) REFERENCES `pacientes` (`Dni`) ON DELETE NO ACTION ON UPDATE NO ACTION
) ENGINE=InnoDB DEFAULT CHARSET=utf8;
/*!40101 SET character_set_client = @saved_cs_client */;

--
-- Dumping data for table `turnos_pacientes`
--

LOCK TABLES `turnos_pacientes` WRITE;
/*!40000 ALTER TABLE `turnos_pacientes` DISABLE KEYS */;
/*!40000 ALTER TABLE `turnos_pacientes` ENABLE KEYS */;
UNLOCK TABLES;

--
-- Table structure for table `usuarios`
--

DROP TABLE IF EXISTS `usuarios`;
/*!40101 SET @saved_cs_client     = @@character_set_client */;
/*!40101 SET character_set_client = utf8 */;
CREATE TABLE `usuarios` (
  `Email` varchar(200) NOT NULL,
  `Password` varchar(8) NOT NULL,
  `NivelPermiso` int(11) NOT NULL,
  `Activo` tinyint(4) NOT NULL,
  `EmailConfirm` tinyint(1) NOT NULL,
  `PathReset` varchar(200) DEFAULT NULL,
  PRIMARY KEY (`Email`),
  KEY `fk_Usuarios_Permisos1_idx` (`NivelPermiso`),
  CONSTRAINT `fk_Usuarios_Permisos1` FOREIGN KEY (`NivelPermiso`) REFERENCES `permisos` (`ID_Permisos`) ON DELETE NO ACTION ON UPDATE NO ACTION
) ENGINE=InnoDB DEFAULT CHARSET=utf8;
/*!40101 SET character_set_client = @saved_cs_client */;

--
-- Dumping data for table `usuarios`
--

LOCK TABLES `usuarios` WRITE;
/*!40000 ALTER TABLE `usuarios` DISABLE KEYS */;
INSERT INTO `usuarios` VALUES ('adriel@gmail.com','123',1,1,1,'01d0f838-2191-4f7f-8e42-e3abce793ed2'),('adrielchambers@gmail.com','123',3,1,1,'73d2d323-040a-43ae-a405-174e43fcab03'),('agizzo_carp@yahoo.com','agi36906',0,1,0,NULL),('albaldocchi@yahoo.com','alb24545',1,1,0,NULL),('alditaadiaz@gmail.com','ald22555',1,1,0,NULL),('Ale_loquilla321@yahoo.com','Ale36798',0,1,0,NULL),('anitalomasr@gmail.com','ani21545',1,1,0,NULL),('anuncibayJ@hotmail.com','anu24324',2,1,0,NULL),('arreguiAgust@speedy.com','arr30212',2,1,0,NULL),('arregui_456@live.com','arr31222',2,1,0,NULL),('arroyo_emanuel@ufasta.edu.ar','arr34541',0,1,0,NULL),('arubio231@arnet.com','aru27582',1,1,0,NULL),('avilaLuis@arnet.com.ar','avi22111',2,1,0,NULL),('ayerdi222@live.com','aye23421',2,1,0,NULL),('barbarita_alva@hotmail.com','bar30967',0,1,0,NULL),('belencita_darpa@gmail.com','bel23678',0,1,0,NULL),('candesadobe1@gmail.com','can32546',1,1,0,NULL),('canteros_g@hotmail.com','can26126',2,1,0,NULL),('carlos@gmail.com','123',0,1,0,'21299771-1d14-47a9-8644-eeae67667e89'),('carolinitabusolo@arnet.com','car29223',2,1,0,NULL),('casarinia2@live.com','cas28789',2,1,0,NULL),('casarinimj@gmail.com','cas21987',2,1,0,NULL),('castorinajp@gmail.com','cas28923',2,1,0,NULL),('chambi@gmail.com','123',0,1,1,'22965bed-b2e3-430f-aff6-4c3220455c6f'),('cmagnani1721a@live.com.ar','cma28555',1,1,0,NULL),('colladoag@gmail.com','col37237',0,1,0,NULL),('damita321z@gmail.com','dam29444',1,1,0,NULL),('debora@gmail.com','123',0,1,0,'8f3a17f6-8363-4c00-baba-7c23c7334f77'),('delvallefricker@gmail.com','del26885',1,1,0,NULL),('denis@gmail.com','123',2,1,1,'wefwerfrf34r34r34f34f34f'),('elcesarg_montero@hotmail.com','elc36834',0,1,0,NULL),('Emi_el22@gmail.com','Emi36332',0,1,0,NULL),('eveliz@gmail.com','eve26895',1,1,0,NULL),('fadri@yahoo.com','fad29333',1,1,0,NULL),('fdeluca@hotmail.com','fde28935',1,1,0,NULL),('franqui_cabrelli@gmail.com','fra36363',0,1,0,NULL),('fratinig@yahoo.com','fra29323',2,1,0,NULL),('gabriela231capurro@live.com.ar','123',2,1,1,NULL),('germdq22@hotmail.com','ger28935',3,1,0,NULL),('giromibugallo@gmail.com','gir36110',0,1,0,NULL),('gpiperno@live.com.ar','gpi24112',1,1,0,NULL),('guillermoandresfischer@gmail.com','gui34058',3,1,0,NULL),('ilerolinga29@gmail.com','ile28935',1,1,0,NULL),('jbertarini@gmail.com','123',2,1,1,NULL),('jesica_1987@live.com.ar','jes29357',1,1,0,NULL),('jposse@hotmail.com','jpo32005',1,1,0,NULL),('juan@gmail.com','123',0,1,0,'2a01b31d-7c52-43ef-b1ed-6f19e842cde6'),('juanpabloacademia@live.com','jua37344',0,1,0,NULL),('juli_fulchi@hotmail.com','jul24053',0,1,0,NULL),('keugenia@yahoo.com','keu29257',0,1,0,NULL),('labreu@ufasta.edu.ar','lab37031',0,1,0,NULL),('leo_fmauco@gmail.com','leo36387',0,1,0,NULL),('liberati_gasparcito@gmail.com','lib31004',0,1,0,NULL),('luchab@gmail.com','luc28663',1,1,0,NULL),('luchacattoni@gmail.com','luc35562',0,1,0,NULL),('luci_dai231@live.com.ar','luc37030',0,1,0,NULL),('maayechu222@hotmail.com','maa28003',2,1,0,NULL),('maggita2016@gmail.com','mag29666',1,1,0,NULL),('malonso_88@gmail.com','mal32383',0,1,0,NULL),('mancinime@live.com','man36858',0,1,0,NULL),('mari2010@gmail.com','mar22321',2,1,0,NULL),('marisolb@hotmail.com','mar37240',0,1,0,NULL),('Mati.Casalderry@gmail.com','Mat38283',3,1,0,NULL),('mennadelrojo@speedy.com.ar','men27654',2,1,0,NULL),('mmortola@gmail.com','mmo27345',1,1,0,NULL),('moritadf@yahoo.com','mor26555',1,1,0,NULL),('mparadiso@live.com.ar','mpa26456',1,1,0,NULL),('normaarrgui_34@live.com','nor31000',1,1,0,NULL),('nutricionJaksic@arnet.com','nut27984',2,1,0,NULL),('nutricionysaludFrancoD@uol.com','nut29145',2,1,0,NULL),('palliney@arnet.com','pal26009',2,1,0,NULL),('pcalabri21@gmail.com','pca27423',2,1,0,NULL),('peralta1972@gmail.com','per23145',2,1,0,NULL),('pmaggi231@facebook.com','pma23554',1,1,0,NULL),('sabribotto@live.com','sab32523',0,1,0,NULL),('sebastian.lanz12@gmail.com','seb31224',3,1,0,NULL),('sfricker39@live.com','sfr23000',1,1,0,NULL),('sofiab@gmail.com','sof27989',1,1,0,NULL),('soriaj_cardio@gmail.com','sor24990',2,1,0,NULL),('ssaralegui@yahoo.com','ssa29000',1,1,0,NULL),('surace29414@yahoo.com.ar','sur29414',2,1,0,NULL),('valetrapano@yahoo.com','val27447',1,1,0,NULL),('veritorodriguez@live.com','ver28395',1,1,0,NULL),('vero@gmail.com','123',0,1,0,'080a3f00-0d61-4de3-9137-533662540569');
/*!40000 ALTER TABLE `usuarios` ENABLE KEYS */;
UNLOCK TABLES;
/*!40103 SET TIME_ZONE=@OLD_TIME_ZONE */;

/*!40101 SET SQL_MODE=@OLD_SQL_MODE */;
/*!40014 SET FOREIGN_KEY_CHECKS=@OLD_FOREIGN_KEY_CHECKS */;
/*!40014 SET UNIQUE_CHECKS=@OLD_UNIQUE_CHECKS */;
/*!40101 SET CHARACTER_SET_CLIENT=@OLD_CHARACTER_SET_CLIENT */;
/*!40101 SET CHARACTER_SET_RESULTS=@OLD_CHARACTER_SET_RESULTS */;
/*!40101 SET COLLATION_CONNECTION=@OLD_COLLATION_CONNECTION */;
/*!40111 SET SQL_NOTES=@OLD_SQL_NOTES */;

-- Dump completed on 2018-11-03 14:10:39
