-- MySQL dump 10.13  Distrib 5.7.24, for Linux (x86_64)
--
-- Host: localhost    Database: mydb
-- ------------------------------------------------------
-- Server version	5.7.24

/*!40101 SET @OLD_CHARACTER_SET_CLIENT=@@CHARACTER_SET_CLIENT */;
/*!40101 SET @OLD_CHARACTER_SET_RESULTS=@@CHARACTER_SET_RESULTS */;
/*!40101 SET @OLD_COLLATION_CONNECTION=@@COLLATION_CONNECTION */;
/*!40101 SET NAMES utf8 */;
/*!40103 SET @OLD_TIME_ZONE=@@TIME_ZONE */;
/*!40103 SET TIME_ZONE='+00:00' */;
/*!40014 SET @OLD_UNIQUE_CHECKS=@@UNIQUE_CHECKS, UNIQUE_CHECKS=0 */;
/*!40014 SET @OLD_FOREIGN_KEY_CHECKS=@@FOREIGN_KEY_CHECKS, FOREIGN_KEY_CHECKS=0 */;
/*!40101 SET @OLD_SQL_MODE=@@SQL_MODE, SQL_MODE='NO_AUTO_VALUE_ON_ZERO' */;
/*!40111 SET @OLD_SQL_NOTES=@@SQL_NOTES, SQL_NOTES=0 */;

--
-- Table structure for table `administradores`
--

DROP TABLE IF EXISTS `administradores`;
/*!40101 SET @saved_cs_client     = @@character_set_client */;
/*!40101 SET character_set_client = utf8 */;
CREATE TABLE `administradores` (
  `DNI` varchar(50) NOT NULL,
  `Nombre` varchar(45) DEFAULT NULL,
  `Apellido` varchar(45) DEFAULT NULL,
  `Telefono` varchar(45) DEFAULT NULL,
  `EMAIL` varchar(255) NOT NULL,
  PRIMARY KEY (`DNI`),
  UNIQUE KEY `EMAIL_UNIQUE` (`EMAIL`)
) ENGINE=InnoDB DEFAULT CHARSET=utf8;
/*!40101 SET character_set_client = @saved_cs_client */;

--
-- Dumping data for table `administradores`
--

LOCK TABLES `administradores` WRITE;
/*!40000 ALTER TABLE `administradores` DISABLE KEYS */;
INSERT INTO `administradores` VALUES ('28935094','Fernando German','Lopez Fricker','2234460909','germdq22@hotmail.com'),('29357456','Adriel','Chambi','2233031838','adrielchambers@gmail.com'),('31224548','Sebastian','Lanz','2235413851','sebastian.lanz12@gmail.com'),('34058410','Guillermo Andres','Fischer','2235317806','guillermoandresfischer@gmail.com'),('38283070','Matias','Casalderrey','2235283131','Mati.Casalderry@gmail.com');
/*!40000 ALTER TABLE `administradores` ENABLE KEYS */;
UNLOCK TABLES;

--
-- Table structure for table `agendas_horarios`
--

DROP TABLE IF EXISTS `agendas_horarios`;
/*!40101 SET @saved_cs_client     = @@character_set_client */;
/*!40101 SET character_set_client = utf8 */;
CREATE TABLE `agendas_horarios` (
  `ID_Agendas_Horarios` int(11) NOT NULL AUTO_INCREMENT,
  `ID_Agendas_Turnos` int(11) NOT NULL,
  `HorarioDesde` time NOT NULL,
  `HorarioHasta` time NOT NULL,
  PRIMARY KEY (`ID_Agendas_Horarios`)
) ENGINE=InnoDB AUTO_INCREMENT=42 DEFAULT CHARSET=utf8;
/*!40101 SET character_set_client = @saved_cs_client */;

--
-- Dumping data for table `agendas_horarios`
--

LOCK TABLES `agendas_horarios` WRITE;
/*!40000 ALTER TABLE `agendas_horarios` DISABLE KEYS */;
INSERT INTO `agendas_horarios` VALUES (1,1,'08:00:00','19:00:00'),(2,2,'08:00:00','19:00:00'),(3,3,'08:00:00','19:00:00'),(4,4,'08:00:00','19:00:00'),(5,5,'08:00:00','19:00:00'),(6,6,'08:00:00','19:00:00'),(7,7,'08:00:00','19:00:00'),(8,8,'08:00:00','19:00:00'),(16,9,'08:00:00','14:00:00'),(17,10,'08:00:00','14:00:00'),(18,11,'08:00:00','14:00:00'),(19,12,'08:00:00','14:00:00'),(20,13,'08:00:00','14:00:00'),(23,9,'16:00:00','19:00:00'),(24,10,'16:00:00','19:00:00'),(25,11,'16:00:00','19:00:00'),(26,12,'16:00:00','19:00:00'),(27,13,'16:00:00','19:00:00'),(30,14,'08:00:00','14:00:00'),(31,15,'08:00:00','14:00:00'),(32,16,'08:00:00','14:00:00'),(33,17,'08:00:00','14:00:00'),(34,18,'08:00:00','14:00:00'),(37,19,'12:30:00','18:00:00'),(38,20,'12:30:00','18:00:00'),(39,21,'12:30:00','18:00:00'),(40,22,'12:30:00','18:00:00'),(41,23,'12:30:00','18:00:00');
/*!40000 ALTER TABLE `agendas_horarios` ENABLE KEYS */;
UNLOCK TABLES;

--
-- Table structure for table `agendas_turnos`
--

DROP TABLE IF EXISTS `agendas_turnos`;
/*!40101 SET @saved_cs_client     = @@character_set_client */;
/*!40101 SET character_set_client = utf8 */;
CREATE TABLE `agendas_turnos` (
  `ID_Agendas_Turnos` int(11) NOT NULL AUTO_INCREMENT,
  `NroLegajo` int(11) NOT NULL,
  `DuracionTurno` tinyint(4) NOT NULL DEFAULT '30' COMMENT 'En minutos.\\nVamos a permitir solamente:\\n15,30,45,60 minutos. ',
  `FechaVigenciaDesde` date NOT NULL,
  `FechaVigenciaHasta` date NOT NULL,
  `Lunes` tinyint(4) NOT NULL DEFAULT '1',
  `Martes` tinyint(4) NOT NULL DEFAULT '1',
  `Miercoles` tinyint(4) NOT NULL DEFAULT '1',
  `Jueves` tinyint(4) NOT NULL DEFAULT '1',
  `Viernes` tinyint(4) NOT NULL DEFAULT '1',
  PRIMARY KEY (`ID_Agendas_Turnos`,`NroLegajo`),
  KEY `fk_AgendasTurnos_Medicos1_idx` (`NroLegajo`),
  CONSTRAINT `fk_AgendasTurnos_Medicos1` FOREIGN KEY (`NroLegajo`) REFERENCES `medicos` (`NroLegajo`) ON DELETE NO ACTION ON UPDATE NO ACTION
) ENGINE=InnoDB AUTO_INCREMENT=24 DEFAULT CHARSET=utf8;
/*!40101 SET character_set_client = @saved_cs_client */;

--
-- Dumping data for table `agendas_turnos`
--

LOCK TABLES `agendas_turnos` WRITE;
/*!40000 ALTER TABLE `agendas_turnos` DISABLE KEYS */;
INSERT INTO `agendas_turnos` VALUES (1,1,30,'2018-03-01','2018-12-31',1,1,1,1,1),(2,2,30,'2018-03-01','2018-12-31',1,1,1,1,1),(3,3,30,'2018-03-01','2018-12-31',1,1,1,1,1),(4,4,30,'2018-03-01','2018-12-31',1,1,1,1,1),(5,5,30,'2018-03-01','2018-12-31',1,1,1,1,1),(6,6,30,'2018-03-01','2018-12-31',1,1,1,1,1),(7,7,30,'2018-03-01','2018-12-31',1,1,1,1,1),(8,8,30,'2018-03-01','2018-12-31',1,1,1,1,1),(9,9,30,'2018-03-01','2018-12-31',1,0,1,0,1),(10,10,30,'2018-03-01','2018-12-31',1,0,1,0,1),(11,11,30,'2018-03-01','2018-12-31',1,0,1,0,1),(12,12,30,'2018-03-01','2018-12-31',1,0,1,0,1),(13,13,30,'2018-03-01','2018-12-31',1,0,1,0,1),(14,14,30,'2018-03-01','2018-12-31',0,1,0,1,0),(15,15,30,'2018-03-01','2018-12-31',0,1,0,1,0),(16,16,30,'2018-03-01','2018-12-31',0,1,0,1,0),(17,17,30,'2018-03-01','2018-12-31',1,1,1,1,1),(18,19,30,'2018-03-01','2018-12-31',0,1,1,1,1),(19,20,30,'2018-03-01','2018-12-31',1,0,1,1,1),(20,21,30,'2018-03-01','2018-12-31',1,1,0,0,1),(21,22,30,'2018-03-01','2018-12-31',1,1,1,0,0),(22,23,30,'2018-03-01','2018-12-31',1,0,0,0,1),(23,24,30,'2018-03-01','2018-12-31',0,0,0,1,1);
/*!40000 ALTER TABLE `agendas_turnos` ENABLE KEYS */;
UNLOCK TABLES;

--
-- Table structure for table `calendarios_agendas_turnos`
--

DROP TABLE IF EXISTS `calendarios_agendas_turnos`;
/*!40101 SET @saved_cs_client     = @@character_set_client */;
/*!40101 SET character_set_client = utf8 */;
CREATE TABLE `calendarios_agendas_turnos` (
  `ID_Agendas_Turnos` int(11) NOT NULL,
  `FechaTurno` datetime NOT NULL,
  `Disponible` tinyint(4) NOT NULL DEFAULT '1',
  PRIMARY KEY (`ID_Agendas_Turnos`,`FechaTurno`),
  CONSTRAINT `fk_CalendariosAgendaTurnos_AgendasTurnos1` FOREIGN KEY (`ID_Agendas_Turnos`) REFERENCES `agendas_turnos` (`ID_Agendas_Turnos`) ON DELETE NO ACTION ON UPDATE NO ACTION
) ENGINE=InnoDB DEFAULT CHARSET=utf8;
/*!40101 SET character_set_client = @saved_cs_client */;

--
-- Dumping data for table `calendarios_agendas_turnos`
--

LOCK TABLES `calendarios_agendas_turnos` WRITE;
/*!40000 ALTER TABLE `calendarios_agendas_turnos` DISABLE KEYS */;
INSERT INTO `calendarios_agendas_turnos` VALUES (9,'2018-03-02 08:30:00',1),(9,'2018-03-02 09:00:00',1),(9,'2018-03-02 09:30:00',1),(9,'2018-03-02 10:00:00',1),(9,'2018-03-02 10:30:00',1),(9,'2018-03-02 11:00:00',1),(9,'2018-03-02 11:30:00',1),(9,'2018-03-02 12:00:00',1),(9,'2018-03-02 12:30:00',1),(9,'2018-03-02 13:00:00',1),(9,'2018-03-02 13:30:00',1),(9,'2018-03-02 14:00:00',1),(9,'2018-03-02 16:30:00',1),(9,'2018-03-02 17:00:00',1),(9,'2018-03-02 17:30:00',1),(9,'2018-03-02 18:00:00',1),(9,'2018-03-02 18:30:00',1),(9,'2018-03-02 19:00:00',1),(9,'2018-03-05 08:30:00',1),(9,'2018-03-05 09:00:00',1),(9,'2018-03-05 09:30:00',1),(9,'2018-03-05 10:00:00',1),(9,'2018-03-05 10:30:00',1),(9,'2018-03-05 11:00:00',1),(9,'2018-03-05 11:30:00',1),(9,'2018-03-05 12:00:00',1),(9,'2018-03-05 12:30:00',1),(9,'2018-03-05 13:00:00',1),(9,'2018-03-05 13:30:00',1),(9,'2018-03-05 14:00:00',1),(9,'2018-03-05 16:30:00',1),(9,'2018-03-05 17:00:00',1),(9,'2018-03-05 17:30:00',1),(9,'2018-03-05 18:00:00',1),(9,'2018-03-05 18:30:00',1),(9,'2018-03-05 19:00:00',1),(9,'2018-03-07 08:30:00',1),(9,'2018-03-07 09:00:00',1),(9,'2018-03-07 09:30:00',1),(9,'2018-03-07 10:00:00',1),(9,'2018-03-07 10:30:00',1),(9,'2018-03-07 11:00:00',1),(9,'2018-03-07 11:30:00',1),(9,'2018-03-07 12:00:00',1),(9,'2018-03-07 12:30:00',1),(9,'2018-03-07 13:00:00',1),(9,'2018-03-07 13:30:00',1),(9,'2018-03-07 14:00:00',1),(9,'2018-03-07 16:30:00',1),(9,'2018-03-07 17:00:00',1),(9,'2018-03-07 17:30:00',1),(9,'2018-03-07 18:00:00',1),(9,'2018-03-07 18:30:00',1),(9,'2018-03-07 19:00:00',1),(9,'2018-03-09 08:30:00',1),(9,'2018-03-09 09:00:00',1),(9,'2018-03-09 09:30:00',1),(9,'2018-03-09 10:00:00',1),(9,'2018-03-09 10:30:00',1),(9,'2018-03-09 11:00:00',1),(9,'2018-03-09 11:30:00',1),(9,'2018-03-09 12:00:00',1),(9,'2018-03-09 12:30:00',1),(9,'2018-03-09 13:00:00',1),(9,'2018-03-09 13:30:00',1),(9,'2018-03-09 14:00:00',1),(9,'2018-03-09 16:30:00',1),(9,'2018-03-09 17:00:00',1),(9,'2018-03-09 17:30:00',1),(9,'2018-03-09 18:00:00',1),(9,'2018-03-09 18:30:00',1),(9,'2018-03-09 19:00:00',1),(9,'2018-03-12 08:30:00',1),(9,'2018-03-12 09:00:00',1),(9,'2018-03-12 09:30:00',1),(9,'2018-03-12 10:00:00',1),(9,'2018-03-12 10:30:00',1),(9,'2018-03-12 11:00:00',1),(9,'2018-03-12 11:30:00',1),(9,'2018-03-12 12:00:00',1),(9,'2018-03-12 12:30:00',1),(9,'2018-03-12 13:00:00',1),(9,'2018-03-12 13:30:00',1),(9,'2018-03-12 14:00:00',1),(9,'2018-03-12 16:30:00',1),(9,'2018-03-12 17:00:00',1),(9,'2018-03-12 17:30:00',1),(9,'2018-03-12 18:00:00',1),(9,'2018-03-12 18:30:00',1),(9,'2018-03-12 19:00:00',1),(9,'2018-03-14 08:30:00',1),(9,'2018-03-14 09:00:00',1),(9,'2018-03-14 09:30:00',1),(9,'2018-03-14 10:00:00',1),(9,'2018-03-14 10:30:00',1),(9,'2018-03-14 11:00:00',1),(9,'2018-03-14 11:30:00',1),(9,'2018-03-14 12:00:00',1),(9,'2018-03-14 12:30:00',1),(9,'2018-03-14 13:00:00',1),(9,'2018-03-14 13:30:00',1),(9,'2018-03-14 14:00:00',1),(9,'2018-03-14 16:30:00',1),(9,'2018-03-14 17:00:00',1),(9,'2018-03-14 17:30:00',1),(9,'2018-03-14 18:00:00',1),(9,'2018-03-14 18:30:00',1),(9,'2018-03-14 19:00:00',1),(9,'2018-03-16 08:30:00',1),(9,'2018-03-16 09:00:00',1),(9,'2018-03-16 09:30:00',1),(9,'2018-03-16 10:00:00',1),(9,'2018-03-16 10:30:00',1),(9,'2018-03-16 11:00:00',1),(9,'2018-03-16 11:30:00',1),(9,'2018-03-16 12:00:00',1),(9,'2018-03-16 12:30:00',1),(9,'2018-03-16 13:00:00',1),(9,'2018-03-16 13:30:00',1),(9,'2018-03-16 14:00:00',1),(9,'2018-03-16 16:30:00',1),(9,'2018-03-16 17:00:00',1),(9,'2018-03-16 17:30:00',1),(9,'2018-03-16 18:00:00',1),(9,'2018-03-16 18:30:00',1),(9,'2018-03-16 19:00:00',1),(9,'2018-03-19 08:30:00',1),(9,'2018-03-19 09:00:00',1),(9,'2018-03-19 09:30:00',1),(9,'2018-03-19 10:00:00',1),(9,'2018-03-19 10:30:00',1),(9,'2018-03-19 11:00:00',1),(9,'2018-03-19 11:30:00',1),(9,'2018-03-19 12:00:00',1),(9,'2018-03-19 12:30:00',1),(9,'2018-03-19 13:00:00',1),(9,'2018-03-19 13:30:00',1),(9,'2018-03-19 14:00:00',1),(9,'2018-03-19 16:30:00',1),(9,'2018-03-19 17:00:00',1),(9,'2018-03-19 17:30:00',1),(9,'2018-03-19 18:00:00',1),(9,'2018-03-19 18:30:00',1),(9,'2018-03-19 19:00:00',1),(9,'2018-03-21 08:30:00',1),(9,'2018-03-21 09:00:00',1),(9,'2018-03-21 09:30:00',1),(9,'2018-03-21 10:00:00',1),(9,'2018-03-21 10:30:00',1),(9,'2018-03-21 11:00:00',1),(9,'2018-03-21 11:30:00',1),(9,'2018-03-21 12:00:00',1),(9,'2018-03-21 12:30:00',1),(9,'2018-03-21 13:00:00',1),(9,'2018-03-21 13:30:00',1),(9,'2018-03-21 14:00:00',1),(9,'2018-03-21 16:30:00',1),(9,'2018-03-21 17:00:00',1),(9,'2018-03-21 17:30:00',1),(9,'2018-03-21 18:00:00',1),(9,'2018-03-21 18:30:00',1),(9,'2018-03-21 19:00:00',1),(9,'2018-03-23 08:30:00',1),(9,'2018-03-23 09:00:00',1),(9,'2018-03-23 09:30:00',1),(9,'2018-03-23 10:00:00',1),(9,'2018-03-23 10:30:00',1),(9,'2018-03-23 11:00:00',1),(9,'2018-03-23 11:30:00',1),(9,'2018-03-23 12:00:00',1),(9,'2018-03-23 12:30:00',1),(9,'2018-03-23 13:00:00',1),(9,'2018-03-23 13:30:00',1),(9,'2018-03-23 14:00:00',1),(9,'2018-03-23 16:30:00',1),(9,'2018-03-23 17:00:00',1),(9,'2018-03-23 17:30:00',1),(9,'2018-03-23 18:00:00',1),(9,'2018-03-23 18:30:00',1),(9,'2018-03-23 19:00:00',1),(9,'2018-03-26 08:30:00',1),(9,'2018-03-26 09:00:00',1),(9,'2018-03-26 09:30:00',1),(9,'2018-03-26 10:00:00',1),(9,'2018-03-26 10:30:00',1),(9,'2018-03-26 11:00:00',1),(9,'2018-03-26 11:30:00',1),(9,'2018-03-26 12:00:00',1),(9,'2018-03-26 12:30:00',1),(9,'2018-03-26 13:00:00',1),(9,'2018-03-26 13:30:00',1),(9,'2018-03-26 14:00:00',1),(9,'2018-03-26 16:30:00',1),(9,'2018-03-26 17:00:00',1),(9,'2018-03-26 17:30:00',1),(9,'2018-03-26 18:00:00',1),(9,'2018-03-26 18:30:00',1),(9,'2018-03-26 19:00:00',1),(9,'2018-03-28 08:30:00',1),(9,'2018-03-28 09:00:00',1),(9,'2018-03-28 09:30:00',1),(9,'2018-03-28 10:00:00',1),(9,'2018-03-28 10:30:00',1),(9,'2018-03-28 11:00:00',1),(9,'2018-03-28 11:30:00',1),(9,'2018-03-28 12:00:00',1),(9,'2018-03-28 12:30:00',1),(9,'2018-03-28 13:00:00',1),(9,'2018-03-28 13:30:00',1),(9,'2018-03-28 14:00:00',1),(9,'2018-03-28 16:30:00',1),(9,'2018-03-28 17:00:00',1),(9,'2018-03-28 17:30:00',1),(9,'2018-03-28 18:00:00',1),(9,'2018-03-28 18:30:00',1),(9,'2018-03-28 19:00:00',1),(9,'2018-03-30 08:30:00',1),(9,'2018-03-30 09:00:00',1),(9,'2018-03-30 09:30:00',1),(9,'2018-03-30 10:00:00',1),(9,'2018-03-30 10:30:00',1),(9,'2018-03-30 11:00:00',1),(9,'2018-03-30 11:30:00',1),(9,'2018-03-30 12:00:00',1),(9,'2018-03-30 12:30:00',1),(9,'2018-03-30 13:00:00',1),(9,'2018-03-30 13:30:00',1),(9,'2018-03-30 14:00:00',1),(9,'2018-03-30 16:30:00',1),(9,'2018-03-30 17:00:00',1),(9,'2018-03-30 17:30:00',1),(9,'2018-03-30 18:00:00',1),(9,'2018-03-30 18:30:00',1),(9,'2018-03-30 19:00:00',1),(9,'2018-04-02 08:30:00',1),(9,'2018-04-02 09:00:00',1),(9,'2018-04-02 09:30:00',1),(9,'2018-04-02 10:00:00',1),(9,'2018-04-02 10:30:00',1),(9,'2018-04-02 11:00:00',1),(9,'2018-04-02 11:30:00',1),(9,'2018-04-02 12:00:00',1),(9,'2018-04-02 12:30:00',1),(9,'2018-04-02 13:00:00',1),(9,'2018-04-02 13:30:00',1),(9,'2018-04-02 14:00:00',1),(9,'2018-04-02 16:30:00',1),(9,'2018-04-02 17:00:00',1),(9,'2018-04-02 17:30:00',1),(9,'2018-04-02 18:00:00',1),(9,'2018-04-02 18:30:00',1),(9,'2018-04-02 19:00:00',1),(9,'2018-04-04 08:30:00',1),(9,'2018-04-04 09:00:00',1),(9,'2018-04-04 09:30:00',1),(9,'2018-04-04 10:00:00',1),(9,'2018-04-04 10:30:00',1),(9,'2018-04-04 11:00:00',1),(9,'2018-04-04 11:30:00',1),(9,'2018-04-04 12:00:00',1),(9,'2018-04-04 12:30:00',1),(9,'2018-04-04 13:00:00',1),(9,'2018-04-04 13:30:00',1),(9,'2018-04-04 14:00:00',1),(9,'2018-04-04 16:30:00',1),(9,'2018-04-04 17:00:00',1),(9,'2018-04-04 17:30:00',1),(9,'2018-04-04 18:00:00',1),(9,'2018-04-04 18:30:00',1),(9,'2018-04-04 19:00:00',1),(9,'2018-04-06 08:30:00',1),(9,'2018-04-06 09:00:00',1),(9,'2018-04-06 09:30:00',1),(9,'2018-04-06 10:00:00',1),(9,'2018-04-06 10:30:00',1),(9,'2018-04-06 11:00:00',1),(9,'2018-04-06 11:30:00',1),(9,'2018-04-06 12:00:00',1),(9,'2018-04-06 12:30:00',1),(9,'2018-04-06 13:00:00',1),(9,'2018-04-06 13:30:00',1),(9,'2018-04-06 14:00:00',1),(9,'2018-04-06 16:30:00',1),(9,'2018-04-06 17:00:00',1),(9,'2018-04-06 17:30:00',1),(9,'2018-04-06 18:00:00',1),(9,'2018-04-06 18:30:00',1),(9,'2018-04-06 19:00:00',1),(9,'2018-04-09 08:30:00',1),(9,'2018-04-09 09:00:00',1),(9,'2018-04-09 09:30:00',1),(9,'2018-04-09 10:00:00',1),(9,'2018-04-09 10:30:00',1),(9,'2018-04-09 11:00:00',1),(9,'2018-04-09 11:30:00',1),(9,'2018-04-09 12:00:00',1),(9,'2018-04-09 12:30:00',1),(9,'2018-04-09 13:00:00',1),(9,'2018-04-09 13:30:00',1),(9,'2018-04-09 14:00:00',1),(9,'2018-04-09 16:30:00',1),(9,'2018-04-09 17:00:00',1),(9,'2018-04-09 17:30:00',1),(9,'2018-04-09 18:00:00',1),(9,'2018-04-09 18:30:00',1),(9,'2018-04-09 19:00:00',1),(9,'2018-04-11 08:30:00',1),(9,'2018-04-11 09:00:00',1),(9,'2018-04-11 09:30:00',1),(9,'2018-04-11 10:00:00',1),(9,'2018-04-11 10:30:00',1),(9,'2018-04-11 11:00:00',1),(9,'2018-04-11 11:30:00',1),(9,'2018-04-11 12:00:00',1),(9,'2018-04-11 12:30:00',1),(9,'2018-04-11 13:00:00',1),(9,'2018-04-11 13:30:00',1),(9,'2018-04-11 14:00:00',1),(9,'2018-04-11 16:30:00',1),(9,'2018-04-11 17:00:00',1),(9,'2018-04-11 17:30:00',1),(9,'2018-04-11 18:00:00',1),(9,'2018-04-11 18:30:00',1),(9,'2018-04-11 19:00:00',1),(9,'2018-04-13 08:30:00',1),(9,'2018-04-13 09:00:00',1),(9,'2018-04-13 09:30:00',1),(9,'2018-04-13 10:00:00',1),(9,'2018-04-13 10:30:00',1),(9,'2018-04-13 11:00:00',1),(9,'2018-04-13 11:30:00',1),(9,'2018-04-13 12:00:00',1),(9,'2018-04-13 12:30:00',1),(9,'2018-04-13 13:00:00',1),(9,'2018-04-13 13:30:00',1),(9,'2018-04-13 14:00:00',1),(9,'2018-04-13 16:30:00',1),(9,'2018-04-13 17:00:00',1),(9,'2018-04-13 17:30:00',1),(9,'2018-04-13 18:00:00',1),(9,'2018-04-13 18:30:00',1),(9,'2018-04-13 19:00:00',1),(9,'2018-04-16 08:30:00',1),(9,'2018-04-16 09:00:00',1),(9,'2018-04-16 09:30:00',1),(9,'2018-04-16 10:00:00',1),(9,'2018-04-16 10:30:00',1),(9,'2018-04-16 11:00:00',1),(9,'2018-04-16 11:30:00',1),(9,'2018-04-16 12:00:00',1),(9,'2018-04-16 12:30:00',1),(9,'2018-04-16 13:00:00',1),(9,'2018-04-16 13:30:00',1),(9,'2018-04-16 14:00:00',1),(9,'2018-04-16 16:30:00',1),(9,'2018-04-16 17:00:00',1),(9,'2018-04-16 17:30:00',1),(9,'2018-04-16 18:00:00',1),(9,'2018-04-16 18:30:00',1),(9,'2018-04-16 19:00:00',1),(9,'2018-04-18 08:30:00',1),(9,'2018-04-18 09:00:00',1),(9,'2018-04-18 09:30:00',1),(9,'2018-04-18 10:00:00',1),(9,'2018-04-18 10:30:00',1),(9,'2018-04-18 11:00:00',1),(9,'2018-04-18 11:30:00',1),(9,'2018-04-18 12:00:00',1),(9,'2018-04-18 12:30:00',1),(9,'2018-04-18 13:00:00',1),(9,'2018-04-18 13:30:00',1),(9,'2018-04-18 14:00:00',1),(9,'2018-04-18 16:30:00',1),(9,'2018-04-18 17:00:00',1),(9,'2018-04-18 17:30:00',1),(9,'2018-04-18 18:00:00',1),(9,'2018-04-18 18:30:00',1),(9,'2018-04-18 19:00:00',1),(9,'2018-04-20 08:30:00',1),(9,'2018-04-20 09:00:00',1),(9,'2018-04-20 09:30:00',1),(9,'2018-04-20 10:00:00',1),(9,'2018-04-20 10:30:00',1),(9,'2018-04-20 11:00:00',1),(9,'2018-04-20 11:30:00',1),(9,'2018-04-20 12:00:00',1),(9,'2018-04-20 12:30:00',1),(9,'2018-04-20 13:00:00',1),(9,'2018-04-20 13:30:00',1),(9,'2018-04-20 14:00:00',1),(9,'2018-04-20 16:30:00',1),(9,'2018-04-20 17:00:00',1),(9,'2018-04-20 17:30:00',1),(9,'2018-04-20 18:00:00',1),(9,'2018-04-20 18:30:00',1),(9,'2018-04-20 19:00:00',1),(9,'2018-04-23 08:30:00',1),(9,'2018-04-23 09:00:00',1),(9,'2018-04-23 09:30:00',1),(9,'2018-04-23 10:00:00',1),(9,'2018-04-23 10:30:00',1),(9,'2018-04-23 11:00:00',1),(9,'2018-04-23 11:30:00',1),(9,'2018-04-23 12:00:00',1),(9,'2018-04-23 12:30:00',1),(9,'2018-04-23 13:00:00',1),(9,'2018-04-23 13:30:00',1),(9,'2018-04-23 14:00:00',1),(9,'2018-04-23 16:30:00',1),(9,'2018-04-23 17:00:00',1),(9,'2018-04-23 17:30:00',1),(9,'2018-04-23 18:00:00',1),(9,'2018-04-23 18:30:00',1),(9,'2018-04-23 19:00:00',1),(9,'2018-04-25 08:30:00',1),(9,'2018-04-25 09:00:00',1),(9,'2018-04-25 09:30:00',1),(9,'2018-04-25 10:00:00',1),(9,'2018-04-25 10:30:00',1),(9,'2018-04-25 11:00:00',1),(9,'2018-04-25 11:30:00',1),(9,'2018-04-25 12:00:00',1),(9,'2018-04-25 12:30:00',1),(9,'2018-04-25 13:00:00',1),(9,'2018-04-25 13:30:00',1),(9,'2018-04-25 14:00:00',1),(9,'2018-04-25 16:30:00',1),(9,'2018-04-25 17:00:00',1),(9,'2018-04-25 17:30:00',1),(9,'2018-04-25 18:00:00',1),(9,'2018-04-25 18:30:00',1),(9,'2018-04-25 19:00:00',1),(9,'2018-04-27 08:30:00',1),(9,'2018-04-27 09:00:00',1),(9,'2018-04-27 09:30:00',1),(9,'2018-04-27 10:00:00',1),(9,'2018-04-27 10:30:00',1),(9,'2018-04-27 11:00:00',1),(9,'2018-04-27 11:30:00',1),(9,'2018-04-27 12:00:00',1),(9,'2018-04-27 12:30:00',1),(9,'2018-04-27 13:00:00',1),(9,'2018-04-27 13:30:00',1),(9,'2018-04-27 14:00:00',1),(9,'2018-04-27 16:30:00',1),(9,'2018-04-27 17:00:00',1),(9,'2018-04-27 17:30:00',1),(9,'2018-04-27 18:00:00',1),(9,'2018-04-27 18:30:00',1),(9,'2018-04-27 19:00:00',1),(9,'2018-04-30 08:30:00',1),(9,'2018-04-30 09:00:00',1),(9,'2018-04-30 09:30:00',1),(9,'2018-04-30 10:00:00',1),(9,'2018-04-30 10:30:00',1),(9,'2018-04-30 11:00:00',1),(9,'2018-04-30 11:30:00',1),(9,'2018-04-30 12:00:00',1),(9,'2018-04-30 12:30:00',1),(9,'2018-04-30 13:00:00',1),(9,'2018-04-30 13:30:00',1),(9,'2018-04-30 14:00:00',1),(9,'2018-04-30 16:30:00',1),(9,'2018-04-30 17:00:00',1),(9,'2018-04-30 17:30:00',1),(9,'2018-04-30 18:00:00',1),(9,'2018-04-30 18:30:00',1),(9,'2018-04-30 19:00:00',1),(9,'2018-05-02 08:30:00',1),(9,'2018-05-02 09:00:00',1),(9,'2018-05-02 09:30:00',1),(9,'2018-05-02 10:00:00',1),(9,'2018-05-02 10:30:00',1),(9,'2018-05-02 11:00:00',1),(9,'2018-05-02 11:30:00',1),(9,'2018-05-02 12:00:00',1),(9,'2018-05-02 12:30:00',1),(9,'2018-05-02 13:00:00',1),(9,'2018-05-02 13:30:00',1),(9,'2018-05-02 14:00:00',1),(9,'2018-05-02 16:30:00',1),(9,'2018-05-02 17:00:00',1),(9,'2018-05-02 17:30:00',1),(9,'2018-05-02 18:00:00',1),(9,'2018-05-02 18:30:00',1),(9,'2018-05-02 19:00:00',1),(9,'2018-05-04 08:30:00',1),(9,'2018-05-04 09:00:00',1),(9,'2018-05-04 09:30:00',1),(9,'2018-05-04 10:00:00',1),(9,'2018-05-04 10:30:00',1),(9,'2018-05-04 11:00:00',1),(9,'2018-05-04 11:30:00',1),(9,'2018-05-04 12:00:00',1),(9,'2018-05-04 12:30:00',1),(9,'2018-05-04 13:00:00',1),(9,'2018-05-04 13:30:00',1),(9,'2018-05-04 14:00:00',1),(9,'2018-05-04 16:30:00',1),(9,'2018-05-04 17:00:00',1),(9,'2018-05-04 17:30:00',1),(9,'2018-05-04 18:00:00',1),(9,'2018-05-04 18:30:00',1),(9,'2018-05-04 19:00:00',1),(9,'2018-05-07 08:30:00',1),(9,'2018-05-07 09:00:00',1),(9,'2018-05-07 09:30:00',1),(9,'2018-05-07 10:00:00',1),(9,'2018-05-07 10:30:00',1),(9,'2018-05-07 11:00:00',1),(9,'2018-05-07 11:30:00',1),(9,'2018-05-07 12:00:00',1),(9,'2018-05-07 12:30:00',1),(9,'2018-05-07 13:00:00',1),(9,'2018-05-07 13:30:00',1),(9,'2018-05-07 14:00:00',1),(9,'2018-05-07 16:30:00',1),(9,'2018-05-07 17:00:00',1),(9,'2018-05-07 17:30:00',1),(9,'2018-05-07 18:00:00',1),(9,'2018-05-07 18:30:00',1),(9,'2018-05-07 19:00:00',1),(9,'2018-05-09 08:30:00',1),(9,'2018-05-09 09:00:00',1),(9,'2018-05-09 09:30:00',1),(9,'2018-05-09 10:00:00',1),(9,'2018-05-09 10:30:00',1),(9,'2018-05-09 11:00:00',1),(9,'2018-05-09 11:30:00',1),(9,'2018-05-09 12:00:00',1),(9,'2018-05-09 12:30:00',1),(9,'2018-05-09 13:00:00',1),(9,'2018-05-09 13:30:00',1),(9,'2018-05-09 14:00:00',1),(9,'2018-05-09 16:30:00',1),(9,'2018-05-09 17:00:00',1),(9,'2018-05-09 17:30:00',1),(9,'2018-05-09 18:00:00',1),(9,'2018-05-09 18:30:00',1),(9,'2018-05-09 19:00:00',1),(9,'2018-05-11 08:30:00',1),(9,'2018-05-11 09:00:00',1),(9,'2018-05-11 09:30:00',1),(9,'2018-05-11 10:00:00',1),(9,'2018-05-11 10:30:00',1),(9,'2018-05-11 11:00:00',1),(9,'2018-05-11 11:30:00',1),(9,'2018-05-11 12:00:00',1),(9,'2018-05-11 12:30:00',1),(9,'2018-05-11 13:00:00',1),(9,'2018-05-11 13:30:00',1),(9,'2018-05-11 14:00:00',1),(9,'2018-05-11 16:30:00',1),(9,'2018-05-11 17:00:00',1),(9,'2018-05-11 17:30:00',1),(9,'2018-05-11 18:00:00',1),(9,'2018-05-11 18:30:00',1),(9,'2018-05-11 19:00:00',1),(9,'2018-05-14 08:30:00',1),(9,'2018-05-14 09:00:00',1),(9,'2018-05-14 09:30:00',1),(9,'2018-05-14 10:00:00',1),(9,'2018-05-14 10:30:00',1),(9,'2018-05-14 11:00:00',1),(9,'2018-05-14 11:30:00',1),(9,'2018-05-14 12:00:00',1),(9,'2018-05-14 12:30:00',1),(9,'2018-05-14 13:00:00',1),(9,'2018-05-14 13:30:00',1),(9,'2018-05-14 14:00:00',1),(9,'2018-05-14 16:30:00',1),(9,'2018-05-14 17:00:00',1),(9,'2018-05-14 17:30:00',1),(9,'2018-05-14 18:00:00',1),(9,'2018-05-14 18:30:00',1),(9,'2018-05-14 19:00:00',1),(9,'2018-05-16 08:30:00',1),(9,'2018-05-16 09:00:00',1),(9,'2018-05-16 09:30:00',1),(9,'2018-05-16 10:00:00',1),(9,'2018-05-16 10:30:00',1),(9,'2018-05-16 11:00:00',1),(9,'2018-05-16 11:30:00',1),(9,'2018-05-16 12:00:00',1),(9,'2018-05-16 12:30:00',1),(9,'2018-05-16 13:00:00',1),(9,'2018-05-16 13:30:00',1),(9,'2018-05-16 14:00:00',1),(9,'2018-05-16 16:30:00',1),(9,'2018-05-16 17:00:00',1),(9,'2018-05-16 17:30:00',1),(9,'2018-05-16 18:00:00',1),(9,'2018-05-16 18:30:00',1),(9,'2018-05-16 19:00:00',1),(9,'2018-05-18 08:30:00',1),(9,'2018-05-18 09:00:00',1),(9,'2018-05-18 09:30:00',1),(9,'2018-05-18 10:00:00',1),(9,'2018-05-18 10:30:00',1),(9,'2018-05-18 11:00:00',1),(9,'2018-05-18 11:30:00',1),(9,'2018-05-18 12:00:00',1),(9,'2018-05-18 12:30:00',1),(9,'2018-05-18 13:00:00',1),(9,'2018-05-18 13:30:00',1),(9,'2018-05-18 14:00:00',1),(9,'2018-05-18 16:30:00',1),(9,'2018-05-18 17:00:00',1),(9,'2018-05-18 17:30:00',1),(9,'2018-05-18 18:00:00',1),(9,'2018-05-18 18:30:00',1),(9,'2018-05-18 19:00:00',1),(9,'2018-05-21 08:30:00',1),(9,'2018-05-21 09:00:00',1),(9,'2018-05-21 09:30:00',1),(9,'2018-05-21 10:00:00',1),(9,'2018-05-21 10:30:00',1),(9,'2018-05-21 11:00:00',1),(9,'2018-05-21 11:30:00',1),(9,'2018-05-21 12:00:00',1),(9,'2018-05-21 12:30:00',1),(9,'2018-05-21 13:00:00',1),(9,'2018-05-21 13:30:00',1),(9,'2018-05-21 14:00:00',1),(9,'2018-05-21 16:30:00',1),(9,'2018-05-21 17:00:00',1),(9,'2018-05-21 17:30:00',1),(9,'2018-05-21 18:00:00',1),(9,'2018-05-21 18:30:00',1),(9,'2018-05-21 19:00:00',1),(9,'2018-05-23 08:30:00',1),(9,'2018-05-23 09:00:00',1),(9,'2018-05-23 09:30:00',1),(9,'2018-05-23 10:00:00',1),(9,'2018-05-23 10:30:00',1),(9,'2018-05-23 11:00:00',1),(9,'2018-05-23 11:30:00',1),(9,'2018-05-23 12:00:00',1),(9,'2018-05-23 12:30:00',1),(9,'2018-05-23 13:00:00',1),(9,'2018-05-23 13:30:00',1),(9,'2018-05-23 14:00:00',1),(9,'2018-05-23 16:30:00',1),(9,'2018-05-23 17:00:00',1),(9,'2018-05-23 17:30:00',1),(9,'2018-05-23 18:00:00',1),(9,'2018-05-23 18:30:00',1),(9,'2018-05-23 19:00:00',1),(9,'2018-05-25 08:30:00',1),(9,'2018-05-25 09:00:00',1),(9,'2018-05-25 09:30:00',1),(9,'2018-05-25 10:00:00',1),(9,'2018-05-25 10:30:00',1),(9,'2018-05-25 11:00:00',1),(9,'2018-05-25 11:30:00',1),(9,'2018-05-25 12:00:00',1),(9,'2018-05-25 12:30:00',1),(9,'2018-05-25 13:00:00',1),(9,'2018-05-25 13:30:00',1),(9,'2018-05-25 14:00:00',1),(9,'2018-05-25 16:30:00',1),(9,'2018-05-25 17:00:00',1),(9,'2018-05-25 17:30:00',1),(9,'2018-05-25 18:00:00',1),(9,'2018-05-25 18:30:00',1),(9,'2018-05-25 19:00:00',1),(9,'2018-05-28 08:30:00',1),(9,'2018-05-28 09:00:00',1),(9,'2018-05-28 09:30:00',1),(9,'2018-05-28 10:00:00',1),(9,'2018-05-28 10:30:00',1),(9,'2018-05-28 11:00:00',1),(9,'2018-05-28 11:30:00',1),(9,'2018-05-28 12:00:00',1),(9,'2018-05-28 12:30:00',1),(9,'2018-05-28 13:00:00',1),(9,'2018-05-28 13:30:00',1),(9,'2018-05-28 14:00:00',1),(9,'2018-05-28 16:30:00',1),(9,'2018-05-28 17:00:00',1),(9,'2018-05-28 17:30:00',1),(9,'2018-05-28 18:00:00',1),(9,'2018-05-28 18:30:00',1),(9,'2018-05-28 19:00:00',1),(9,'2018-05-30 08:30:00',1),(9,'2018-05-30 09:00:00',1),(9,'2018-05-30 09:30:00',1),(9,'2018-05-30 10:00:00',1),(9,'2018-05-30 10:30:00',1),(9,'2018-05-30 11:00:00',1),(9,'2018-05-30 11:30:00',1),(9,'2018-05-30 12:00:00',1),(9,'2018-05-30 12:30:00',1),(9,'2018-05-30 13:00:00',1),(9,'2018-05-30 13:30:00',1),(9,'2018-05-30 14:00:00',1),(9,'2018-05-30 16:30:00',1),(9,'2018-05-30 17:00:00',1),(9,'2018-05-30 17:30:00',1),(9,'2018-05-30 18:00:00',1),(9,'2018-05-30 18:30:00',1),(9,'2018-05-30 19:00:00',1),(9,'2018-06-01 08:30:00',1),(9,'2018-06-01 09:00:00',1),(9,'2018-06-01 09:30:00',1),(9,'2018-06-01 10:00:00',1),(9,'2018-06-01 10:30:00',1),(9,'2018-06-01 11:00:00',1),(9,'2018-06-01 11:30:00',1),(9,'2018-06-01 12:00:00',1),(9,'2018-06-01 12:30:00',1),(9,'2018-06-01 13:00:00',1),(9,'2018-06-01 13:30:00',1),(9,'2018-06-01 14:00:00',1),(9,'2018-06-01 16:30:00',1),(9,'2018-06-01 17:00:00',1),(9,'2018-06-01 17:30:00',1),(9,'2018-06-01 18:00:00',1),(9,'2018-06-01 18:30:00',1),(9,'2018-06-01 19:00:00',1),(9,'2018-06-04 08:30:00',1),(9,'2018-06-04 09:00:00',1),(9,'2018-06-04 09:30:00',1),(9,'2018-06-04 10:00:00',1),(9,'2018-06-04 10:30:00',1),(9,'2018-06-04 11:00:00',1),(9,'2018-06-04 11:30:00',1),(9,'2018-06-04 12:00:00',1),(9,'2018-06-04 12:30:00',1),(9,'2018-06-04 13:00:00',1),(9,'2018-06-04 13:30:00',1),(9,'2018-06-04 14:00:00',1),(9,'2018-06-04 16:30:00',1),(9,'2018-06-04 17:00:00',1),(9,'2018-06-04 17:30:00',1),(9,'2018-06-04 18:00:00',1),(9,'2018-06-04 18:30:00',1),(9,'2018-06-04 19:00:00',1),(9,'2018-06-06 08:30:00',1),(9,'2018-06-06 09:00:00',1),(9,'2018-06-06 09:30:00',1),(9,'2018-06-06 10:00:00',1),(9,'2018-06-06 10:30:00',1),(9,'2018-06-06 11:00:00',1),(9,'2018-06-06 11:30:00',1),(9,'2018-06-06 12:00:00',1),(9,'2018-06-06 12:30:00',1),(9,'2018-06-06 13:00:00',1),(9,'2018-06-06 13:30:00',1),(9,'2018-06-06 14:00:00',1),(9,'2018-06-06 16:30:00',1),(9,'2018-06-06 17:00:00',1),(9,'2018-06-06 17:30:00',1),(9,'2018-06-06 18:00:00',1),(9,'2018-06-06 18:30:00',1),(9,'2018-06-06 19:00:00',1),(9,'2018-06-08 08:30:00',1),(9,'2018-06-08 09:00:00',1),(9,'2018-06-08 09:30:00',1),(9,'2018-06-08 10:00:00',1),(9,'2018-06-08 10:30:00',1),(9,'2018-06-08 11:00:00',1),(9,'2018-06-08 11:30:00',1),(9,'2018-06-08 12:00:00',1),(9,'2018-06-08 12:30:00',1),(9,'2018-06-08 13:00:00',1),(9,'2018-06-08 13:30:00',1),(9,'2018-06-08 14:00:00',1),(9,'2018-06-08 16:30:00',1),(9,'2018-06-08 17:00:00',1),(9,'2018-06-08 17:30:00',1),(9,'2018-06-08 18:00:00',1),(9,'2018-06-08 18:30:00',1),(9,'2018-06-08 19:00:00',1),(9,'2018-06-11 08:30:00',1),(9,'2018-06-11 09:00:00',1),(9,'2018-06-11 09:30:00',1),(9,'2018-06-11 10:00:00',1),(9,'2018-06-11 10:30:00',1),(9,'2018-06-11 11:00:00',1),(9,'2018-06-11 11:30:00',1),(9,'2018-06-11 12:00:00',1),(9,'2018-06-11 12:30:00',1),(9,'2018-06-11 13:00:00',1),(9,'2018-06-11 13:30:00',1),(9,'2018-06-11 14:00:00',1),(9,'2018-06-11 16:30:00',1),(9,'2018-06-11 17:00:00',1),(9,'2018-06-11 17:30:00',1),(9,'2018-06-11 18:00:00',1),(9,'2018-06-11 18:30:00',1),(9,'2018-06-11 19:00:00',1),(9,'2018-06-13 08:30:00',1),(9,'2018-06-13 09:00:00',1),(9,'2018-06-13 09:30:00',1),(9,'2018-06-13 10:00:00',1),(9,'2018-06-13 10:30:00',1),(9,'2018-06-13 11:00:00',1),(9,'2018-06-13 11:30:00',1),(9,'2018-06-13 12:00:00',1),(9,'2018-06-13 12:30:00',1),(9,'2018-06-13 13:00:00',1),(9,'2018-06-13 13:30:00',1),(9,'2018-06-13 14:00:00',1),(9,'2018-06-13 16:30:00',1),(9,'2018-06-13 17:00:00',1),(9,'2018-06-13 17:30:00',1),(9,'2018-06-13 18:00:00',1),(9,'2018-06-13 18:30:00',1),(9,'2018-06-13 19:00:00',1),(9,'2018-06-15 08:30:00',1),(9,'2018-06-15 09:00:00',1),(9,'2018-06-15 09:30:00',1),(9,'2018-06-15 10:00:00',1),(9,'2018-06-15 10:30:00',1),(9,'2018-06-15 11:00:00',1),(9,'2018-06-15 11:30:00',1),(9,'2018-06-15 12:00:00',1),(9,'2018-06-15 12:30:00',1),(9,'2018-06-15 13:00:00',1),(9,'2018-06-15 13:30:00',1),(9,'2018-06-15 14:00:00',1),(9,'2018-06-15 16:30:00',1),(9,'2018-06-15 17:00:00',1),(9,'2018-06-15 17:30:00',1),(9,'2018-06-15 18:00:00',1),(9,'2018-06-15 18:30:00',1),(9,'2018-06-15 19:00:00',1),(9,'2018-06-18 08:30:00',1),(9,'2018-06-18 09:00:00',1),(9,'2018-06-18 09:30:00',1),(9,'2018-06-18 10:00:00',1),(9,'2018-06-18 10:30:00',1),(9,'2018-06-18 11:00:00',1),(9,'2018-06-18 11:30:00',1),(9,'2018-06-18 12:00:00',1),(9,'2018-06-18 12:30:00',1),(9,'2018-06-18 13:00:00',1),(9,'2018-06-18 13:30:00',1),(9,'2018-06-18 14:00:00',1),(9,'2018-06-18 16:30:00',1),(9,'2018-06-18 17:00:00',1),(9,'2018-06-18 17:30:00',1),(9,'2018-06-18 18:00:00',1),(9,'2018-06-18 18:30:00',1),(9,'2018-06-18 19:00:00',1),(9,'2018-06-20 08:30:00',1),(9,'2018-06-20 09:00:00',1),(9,'2018-06-20 09:30:00',1),(9,'2018-06-20 10:00:00',1),(9,'2018-06-20 10:30:00',1),(9,'2018-06-20 11:00:00',1),(9,'2018-06-20 11:30:00',1),(9,'2018-06-20 12:00:00',1),(9,'2018-06-20 12:30:00',1),(9,'2018-06-20 13:00:00',1),(9,'2018-06-20 13:30:00',1),(9,'2018-06-20 14:00:00',1),(9,'2018-06-20 16:30:00',1),(9,'2018-06-20 17:00:00',1),(9,'2018-06-20 17:30:00',1),(9,'2018-06-20 18:00:00',1),(9,'2018-06-20 18:30:00',1),(9,'2018-06-20 19:00:00',1),(9,'2018-06-22 08:30:00',1),(9,'2018-06-22 09:00:00',1),(9,'2018-06-22 09:30:00',1),(9,'2018-06-22 10:00:00',1),(9,'2018-06-22 10:30:00',1),(9,'2018-06-22 11:00:00',1),(9,'2018-06-22 11:30:00',1),(9,'2018-06-22 12:00:00',1),(9,'2018-06-22 12:30:00',1),(9,'2018-06-22 13:00:00',1),(9,'2018-06-22 13:30:00',1),(9,'2018-06-22 14:00:00',1),(9,'2018-06-22 16:30:00',1),(9,'2018-06-22 17:00:00',1),(9,'2018-06-22 17:30:00',1),(9,'2018-06-22 18:00:00',1),(9,'2018-06-22 18:30:00',1),(9,'2018-06-22 19:00:00',1),(9,'2018-06-25 08:30:00',1),(9,'2018-06-25 09:00:00',1),(9,'2018-06-25 09:30:00',1),(9,'2018-06-25 10:00:00',1),(9,'2018-06-25 10:30:00',1),(9,'2018-06-25 11:00:00',1),(9,'2018-06-25 11:30:00',1),(9,'2018-06-25 12:00:00',1),(9,'2018-06-25 12:30:00',1),(9,'2018-06-25 13:00:00',1),(9,'2018-06-25 13:30:00',1),(9,'2018-06-25 14:00:00',1),(9,'2018-06-25 16:30:00',1),(9,'2018-06-25 17:00:00',1),(9,'2018-06-25 17:30:00',1),(9,'2018-06-25 18:00:00',1),(9,'2018-06-25 18:30:00',1),(9,'2018-06-25 19:00:00',1),(9,'2018-06-27 08:30:00',1),(9,'2018-06-27 09:00:00',1),(9,'2018-06-27 09:30:00',1),(9,'2018-06-27 10:00:00',1),(9,'2018-06-27 10:30:00',1),(9,'2018-06-27 11:00:00',1),(9,'2018-06-27 11:30:00',1),(9,'2018-06-27 12:00:00',1),(9,'2018-06-27 12:30:00',1),(9,'2018-06-27 13:00:00',1),(9,'2018-06-27 13:30:00',1),(9,'2018-06-27 14:00:00',1),(9,'2018-06-27 16:30:00',1),(9,'2018-06-27 17:00:00',1),(9,'2018-06-27 17:30:00',1),(9,'2018-06-27 18:00:00',1),(9,'2018-06-27 18:30:00',1),(9,'2018-06-27 19:00:00',1),(9,'2018-06-29 08:30:00',1),(9,'2018-06-29 09:00:00',1),(9,'2018-06-29 09:30:00',1),(9,'2018-06-29 10:00:00',1),(9,'2018-06-29 10:30:00',1),(9,'2018-06-29 11:00:00',1),(9,'2018-06-29 11:30:00',1),(9,'2018-06-29 12:00:00',1),(9,'2018-06-29 12:30:00',1),(9,'2018-06-29 13:00:00',1),(9,'2018-06-29 13:30:00',1),(9,'2018-06-29 14:00:00',1),(9,'2018-06-29 16:30:00',1),(9,'2018-06-29 17:00:00',1),(9,'2018-06-29 17:30:00',1),(9,'2018-06-29 18:00:00',1),(9,'2018-06-29 18:30:00',1),(9,'2018-06-29 19:00:00',1),(9,'2018-07-02 08:30:00',1),(9,'2018-07-02 09:00:00',1),(9,'2018-07-02 09:30:00',1),(9,'2018-07-02 10:00:00',1),(9,'2018-07-02 10:30:00',1),(9,'2018-07-02 11:00:00',1),(9,'2018-07-02 11:30:00',1),(9,'2018-07-02 12:00:00',1),(9,'2018-07-02 12:30:00',1),(9,'2018-07-02 13:00:00',1),(9,'2018-07-02 13:30:00',1),(9,'2018-07-02 14:00:00',1),(9,'2018-07-02 16:30:00',1),(9,'2018-07-02 17:00:00',1),(9,'2018-07-02 17:30:00',1),(9,'2018-07-02 18:00:00',1),(9,'2018-07-02 18:30:00',1),(9,'2018-07-02 19:00:00',1),(9,'2018-07-04 08:30:00',1),(9,'2018-07-04 09:00:00',1),(9,'2018-07-04 09:30:00',1),(9,'2018-07-04 10:00:00',1),(9,'2018-07-04 10:30:00',1),(9,'2018-07-04 11:00:00',1),(9,'2018-07-04 11:30:00',1),(9,'2018-07-04 12:00:00',1),(9,'2018-07-04 12:30:00',1),(9,'2018-07-04 13:00:00',1),(9,'2018-07-04 13:30:00',1),(9,'2018-07-04 14:00:00',1),(9,'2018-07-04 16:30:00',1),(9,'2018-07-04 17:00:00',1),(9,'2018-07-04 17:30:00',1),(9,'2018-07-04 18:00:00',1),(9,'2018-07-04 18:30:00',1),(9,'2018-07-04 19:00:00',1),(9,'2018-07-06 08:30:00',1),(9,'2018-07-06 09:00:00',1),(9,'2018-07-06 09:30:00',1),(9,'2018-07-06 10:00:00',1),(9,'2018-07-06 10:30:00',1),(9,'2018-07-06 11:00:00',1),(9,'2018-07-06 11:30:00',1),(9,'2018-07-06 12:00:00',1),(9,'2018-07-06 12:30:00',1),(9,'2018-07-06 13:00:00',1),(9,'2018-07-06 13:30:00',1),(9,'2018-07-06 14:00:00',1),(9,'2018-07-06 16:30:00',1),(9,'2018-07-06 17:00:00',1),(9,'2018-07-06 17:30:00',1),(9,'2018-07-06 18:00:00',1),(9,'2018-07-06 18:30:00',1),(9,'2018-07-06 19:00:00',1),(9,'2018-07-09 08:30:00',1),(9,'2018-07-09 09:00:00',1),(9,'2018-07-09 09:30:00',1),(9,'2018-07-09 10:00:00',1),(9,'2018-07-09 10:30:00',1),(9,'2018-07-09 11:00:00',1),(9,'2018-07-09 11:30:00',1),(9,'2018-07-09 12:00:00',1),(9,'2018-07-09 12:30:00',1),(9,'2018-07-09 13:00:00',1),(9,'2018-07-09 13:30:00',1),(9,'2018-07-09 14:00:00',1),(9,'2018-07-09 16:30:00',1),(9,'2018-07-09 17:00:00',1),(9,'2018-07-09 17:30:00',1),(9,'2018-07-09 18:00:00',1),(9,'2018-07-09 18:30:00',1),(9,'2018-07-09 19:00:00',1),(9,'2018-07-11 08:30:00',1),(9,'2018-07-11 09:00:00',1),(9,'2018-07-11 09:30:00',1),(9,'2018-07-11 10:00:00',1),(9,'2018-07-11 10:30:00',1),(9,'2018-07-11 11:00:00',1),(9,'2018-07-11 11:30:00',1),(9,'2018-07-11 12:00:00',1),(9,'2018-07-11 12:30:00',1),(9,'2018-07-11 13:00:00',1),(9,'2018-07-11 13:30:00',1),(9,'2018-07-11 14:00:00',1),(9,'2018-07-11 16:30:00',1),(9,'2018-07-11 17:00:00',1),(9,'2018-07-11 17:30:00',1),(9,'2018-07-11 18:00:00',1),(9,'2018-07-11 18:30:00',1),(9,'2018-07-11 19:00:00',1),(9,'2018-07-13 08:30:00',1),(9,'2018-07-13 09:00:00',1),(9,'2018-07-13 09:30:00',1),(9,'2018-07-13 10:00:00',1),(9,'2018-07-13 10:30:00',1),(9,'2018-07-13 11:00:00',1),(9,'2018-07-13 11:30:00',1),(9,'2018-07-13 12:00:00',1),(9,'2018-07-13 12:30:00',1),(9,'2018-07-13 13:00:00',1),(9,'2018-07-13 13:30:00',1),(9,'2018-07-13 14:00:00',1),(9,'2018-07-13 16:30:00',1),(9,'2018-07-13 17:00:00',1),(9,'2018-07-13 17:30:00',1),(9,'2018-07-13 18:00:00',1),(9,'2018-07-13 18:30:00',1),(9,'2018-07-13 19:00:00',1),(9,'2018-07-16 08:30:00',1),(9,'2018-07-16 09:00:00',1),(9,'2018-07-16 09:30:00',1),(9,'2018-07-16 10:00:00',1),(9,'2018-07-16 10:30:00',1),(9,'2018-07-16 11:00:00',1),(9,'2018-07-16 11:30:00',1),(9,'2018-07-16 12:00:00',1),(9,'2018-07-16 12:30:00',1),(9,'2018-07-16 13:00:00',1),(9,'2018-07-16 13:30:00',1),(9,'2018-07-16 14:00:00',1),(9,'2018-07-16 16:30:00',1),(9,'2018-07-16 17:00:00',1),(9,'2018-07-16 17:30:00',1),(9,'2018-07-16 18:00:00',1),(9,'2018-07-16 18:30:00',1),(9,'2018-07-16 19:00:00',1),(9,'2018-07-18 08:30:00',1),(9,'2018-07-18 09:00:00',1),(9,'2018-07-18 09:30:00',1),(9,'2018-07-18 10:00:00',1),(9,'2018-07-18 10:30:00',1),(9,'2018-07-18 11:00:00',1),(9,'2018-07-18 11:30:00',1),(9,'2018-07-18 12:00:00',1),(9,'2018-07-18 12:30:00',1),(9,'2018-07-18 13:00:00',1),(9,'2018-07-18 13:30:00',1),(9,'2018-07-18 14:00:00',1),(9,'2018-07-18 16:30:00',1),(9,'2018-07-18 17:00:00',1),(9,'2018-07-18 17:30:00',1),(9,'2018-07-18 18:00:00',1),(9,'2018-07-18 18:30:00',1),(9,'2018-07-18 19:00:00',1),(9,'2018-07-20 08:30:00',1),(9,'2018-07-20 09:00:00',1),(9,'2018-07-20 09:30:00',1),(9,'2018-07-20 10:00:00',1),(9,'2018-07-20 10:30:00',1),(9,'2018-07-20 11:00:00',1),(9,'2018-07-20 11:30:00',1),(9,'2018-07-20 12:00:00',1),(9,'2018-07-20 12:30:00',1),(9,'2018-07-20 13:00:00',1),(9,'2018-07-20 13:30:00',1),(9,'2018-07-20 14:00:00',1),(9,'2018-07-20 16:30:00',1),(9,'2018-07-20 17:00:00',1),(9,'2018-07-20 17:30:00',1),(9,'2018-07-20 18:00:00',1),(9,'2018-07-20 18:30:00',1),(9,'2018-07-20 19:00:00',1),(9,'2018-07-23 08:30:00',1),(9,'2018-07-23 09:00:00',1),(9,'2018-07-23 09:30:00',1),(9,'2018-07-23 10:00:00',1),(9,'2018-07-23 10:30:00',1),(9,'2018-07-23 11:00:00',1),(9,'2018-07-23 11:30:00',1),(9,'2018-07-23 12:00:00',1),(9,'2018-07-23 12:30:00',1),(9,'2018-07-23 13:00:00',1),(9,'2018-07-23 13:30:00',1),(9,'2018-07-23 14:00:00',1),(9,'2018-07-23 16:30:00',1),(9,'2018-07-23 17:00:00',1),(9,'2018-07-23 17:30:00',1),(9,'2018-07-23 18:00:00',1),(9,'2018-07-23 18:30:00',1),(9,'2018-07-23 19:00:00',1),(9,'2018-07-25 08:30:00',1),(9,'2018-07-25 09:00:00',1),(9,'2018-07-25 09:30:00',1),(9,'2018-07-25 10:00:00',1),(9,'2018-07-25 10:30:00',1),(9,'2018-07-25 11:00:00',1),(9,'2018-07-25 11:30:00',1),(9,'2018-07-25 12:00:00',1),(9,'2018-07-25 12:30:00',1),(9,'2018-07-25 13:00:00',1),(9,'2018-07-25 13:30:00',1),(9,'2018-07-25 14:00:00',1),(9,'2018-07-25 16:30:00',1),(9,'2018-07-25 17:00:00',1),(9,'2018-07-25 17:30:00',1),(9,'2018-07-25 18:00:00',1),(9,'2018-07-25 18:30:00',1),(9,'2018-07-25 19:00:00',1),(9,'2018-07-27 08:30:00',1),(9,'2018-07-27 09:00:00',1),(9,'2018-07-27 09:30:00',1),(9,'2018-07-27 10:00:00',1),(9,'2018-07-27 10:30:00',1),(9,'2018-07-27 11:00:00',1),(9,'2018-07-27 11:30:00',1),(9,'2018-07-27 12:00:00',1),(9,'2018-07-27 12:30:00',1),(9,'2018-07-27 13:00:00',1),(9,'2018-07-27 13:30:00',1),(9,'2018-07-27 14:00:00',1),(9,'2018-07-27 16:30:00',1),(9,'2018-07-27 17:00:00',1),(9,'2018-07-27 17:30:00',1),(9,'2018-07-27 18:00:00',1),(9,'2018-07-27 18:30:00',1),(9,'2018-07-27 19:00:00',1),(9,'2018-07-30 08:30:00',1),(9,'2018-07-30 09:00:00',1),(9,'2018-07-30 09:30:00',1),(9,'2018-07-30 10:00:00',1),(9,'2018-07-30 10:30:00',1),(9,'2018-07-30 11:00:00',1),(9,'2018-07-30 11:30:00',1),(9,'2018-07-30 12:00:00',1),(9,'2018-07-30 12:30:00',1),(9,'2018-07-30 13:00:00',1),(9,'2018-07-30 13:30:00',1),(9,'2018-07-30 14:00:00',1),(9,'2018-07-30 16:30:00',1),(9,'2018-07-30 17:00:00',1),(9,'2018-07-30 17:30:00',1),(9,'2018-07-30 18:00:00',1),(9,'2018-07-30 18:30:00',1),(9,'2018-07-30 19:00:00',1),(9,'2018-08-01 08:30:00',1),(9,'2018-08-01 09:00:00',1),(9,'2018-08-01 09:30:00',1),(9,'2018-08-01 10:00:00',1),(9,'2018-08-01 10:30:00',1),(9,'2018-08-01 11:00:00',1),(9,'2018-08-01 11:30:00',1),(9,'2018-08-01 12:00:00',1),(9,'2018-08-01 12:30:00',1),(9,'2018-08-01 13:00:00',1),(9,'2018-08-01 13:30:00',1),(9,'2018-08-01 14:00:00',1),(9,'2018-08-01 16:30:00',1),(9,'2018-08-01 17:00:00',1),(9,'2018-08-01 17:30:00',1),(9,'2018-08-01 18:00:00',1),(9,'2018-08-01 18:30:00',1),(9,'2018-08-01 19:00:00',1),(9,'2018-08-03 08:30:00',1),(9,'2018-08-03 09:00:00',1),(9,'2018-08-03 09:30:00',1),(9,'2018-08-03 10:00:00',1),(9,'2018-08-03 10:30:00',1),(9,'2018-08-03 11:00:00',1),(9,'2018-08-03 11:30:00',1),(9,'2018-08-03 12:00:00',1),(9,'2018-08-03 12:30:00',1),(9,'2018-08-03 13:00:00',1),(9,'2018-08-03 13:30:00',1),(9,'2018-08-03 14:00:00',1),(9,'2018-08-03 16:30:00',1),(9,'2018-08-03 17:00:00',1),(9,'2018-08-03 17:30:00',1),(9,'2018-08-03 18:00:00',1),(9,'2018-08-03 18:30:00',1),(9,'2018-08-03 19:00:00',1),(9,'2018-08-06 08:30:00',1),(9,'2018-08-06 09:00:00',1),(9,'2018-08-06 09:30:00',1),(9,'2018-08-06 10:00:00',1),(9,'2018-08-06 10:30:00',1),(9,'2018-08-06 11:00:00',1),(9,'2018-08-06 11:30:00',1),(9,'2018-08-06 12:00:00',1),(9,'2018-08-06 12:30:00',1),(9,'2018-08-06 13:00:00',1),(9,'2018-08-06 13:30:00',1),(9,'2018-08-06 14:00:00',1),(9,'2018-08-06 16:30:00',1),(9,'2018-08-06 17:00:00',1),(9,'2018-08-06 17:30:00',1),(9,'2018-08-06 18:00:00',1),(9,'2018-08-06 18:30:00',1),(9,'2018-08-06 19:00:00',1),(9,'2018-08-08 08:30:00',1),(9,'2018-08-08 09:00:00',1),(9,'2018-08-08 09:30:00',1),(9,'2018-08-08 10:00:00',1),(9,'2018-08-08 10:30:00',1),(9,'2018-08-08 11:00:00',1),(9,'2018-08-08 11:30:00',1),(9,'2018-08-08 12:00:00',1),(9,'2018-08-08 12:30:00',1),(9,'2018-08-08 13:00:00',1),(9,'2018-08-08 13:30:00',1),(9,'2018-08-08 14:00:00',1),(9,'2018-08-08 16:30:00',1),(9,'2018-08-08 17:00:00',1),(9,'2018-08-08 17:30:00',1),(9,'2018-08-08 18:00:00',1),(9,'2018-08-08 18:30:00',1),(9,'2018-08-08 19:00:00',1),(9,'2018-08-10 08:30:00',1),(9,'2018-08-10 09:00:00',1),(9,'2018-08-10 09:30:00',1),(9,'2018-08-10 10:00:00',1),(9,'2018-08-10 10:30:00',1),(9,'2018-08-10 11:00:00',1),(9,'2018-08-10 11:30:00',1),(9,'2018-08-10 12:00:00',1),(9,'2018-08-10 12:30:00',1),(9,'2018-08-10 13:00:00',1),(9,'2018-08-10 13:30:00',1),(9,'2018-08-10 14:00:00',1),(9,'2018-08-10 16:30:00',1),(9,'2018-08-10 17:00:00',1),(9,'2018-08-10 17:30:00',1),(9,'2018-08-10 18:00:00',1),(9,'2018-08-10 18:30:00',1),(9,'2018-08-10 19:00:00',1),(9,'2018-08-13 08:30:00',1),(9,'2018-08-13 09:00:00',1),(9,'2018-08-13 09:30:00',1),(9,'2018-08-13 10:00:00',1),(9,'2018-08-13 10:30:00',1),(9,'2018-08-13 11:00:00',1),(9,'2018-08-13 11:30:00',1),(9,'2018-08-13 12:00:00',1),(9,'2018-08-13 12:30:00',1),(9,'2018-08-13 13:00:00',1),(9,'2018-08-13 13:30:00',1),(9,'2018-08-13 14:00:00',1),(9,'2018-08-13 16:30:00',1),(9,'2018-08-13 17:00:00',1),(9,'2018-08-13 17:30:00',1),(9,'2018-08-13 18:00:00',1),(9,'2018-08-13 18:30:00',1),(9,'2018-08-13 19:00:00',1),(9,'2018-08-15 08:30:00',1),(9,'2018-08-15 09:00:00',1),(9,'2018-08-15 09:30:00',1),(9,'2018-08-15 10:00:00',1),(9,'2018-08-15 10:30:00',1),(9,'2018-08-15 11:00:00',1),(9,'2018-08-15 11:30:00',1),(9,'2018-08-15 12:00:00',1),(9,'2018-08-15 12:30:00',1),(9,'2018-08-15 13:00:00',1),(9,'2018-08-15 13:30:00',1),(9,'2018-08-15 14:00:00',1),(9,'2018-08-15 16:30:00',1),(9,'2018-08-15 17:00:00',1),(9,'2018-08-15 17:30:00',1),(9,'2018-08-15 18:00:00',1),(9,'2018-08-15 18:30:00',1),(9,'2018-08-15 19:00:00',1),(9,'2018-08-17 08:30:00',1),(9,'2018-08-17 09:00:00',1),(9,'2018-08-17 09:30:00',1),(9,'2018-08-17 10:00:00',1),(9,'2018-08-17 10:30:00',1),(9,'2018-08-17 11:00:00',1),(9,'2018-08-17 11:30:00',1),(9,'2018-08-17 12:00:00',1),(9,'2018-08-17 12:30:00',1),(9,'2018-08-17 13:00:00',1),(9,'2018-08-17 13:30:00',1),(9,'2018-08-17 14:00:00',1),(9,'2018-08-17 16:30:00',1),(9,'2018-08-17 17:00:00',1),(9,'2018-08-17 17:30:00',1),(9,'2018-08-17 18:00:00',1),(9,'2018-08-17 18:30:00',1),(9,'2018-08-17 19:00:00',1),(9,'2018-08-20 08:30:00',1),(9,'2018-08-20 09:00:00',1),(9,'2018-08-20 09:30:00',1),(9,'2018-08-20 10:00:00',1),(9,'2018-08-20 10:30:00',1),(9,'2018-08-20 11:00:00',1),(9,'2018-08-20 11:30:00',1),(9,'2018-08-20 12:00:00',1),(9,'2018-08-20 12:30:00',1),(9,'2018-08-20 13:00:00',1),(9,'2018-08-20 13:30:00',1),(9,'2018-08-20 14:00:00',1),(9,'2018-08-20 16:30:00',1),(9,'2018-08-20 17:00:00',1),(9,'2018-08-20 17:30:00',1),(9,'2018-08-20 18:00:00',1),(9,'2018-08-20 18:30:00',1),(9,'2018-08-20 19:00:00',1),(9,'2018-08-22 08:30:00',1),(9,'2018-08-22 09:00:00',1),(9,'2018-08-22 09:30:00',1),(9,'2018-08-22 10:00:00',1),(9,'2018-08-22 10:30:00',1),(9,'2018-08-22 11:00:00',1),(9,'2018-08-22 11:30:00',1),(9,'2018-08-22 12:00:00',1),(9,'2018-08-22 12:30:00',1),(9,'2018-08-22 13:00:00',1),(9,'2018-08-22 13:30:00',1),(9,'2018-08-22 14:00:00',1),(9,'2018-08-22 16:30:00',1),(9,'2018-08-22 17:00:00',1),(9,'2018-08-22 17:30:00',1),(9,'2018-08-22 18:00:00',1),(9,'2018-08-22 18:30:00',1),(9,'2018-08-22 19:00:00',1),(9,'2018-08-24 08:30:00',1),(9,'2018-08-24 09:00:00',1),(9,'2018-08-24 09:30:00',1),(9,'2018-08-24 10:00:00',1),(9,'2018-08-24 10:30:00',1),(9,'2018-08-24 11:00:00',1),(9,'2018-08-24 11:30:00',1),(9,'2018-08-24 12:00:00',1),(9,'2018-08-24 12:30:00',1),(9,'2018-08-24 13:00:00',1),(9,'2018-08-24 13:30:00',1),(9,'2018-08-24 14:00:00',1),(9,'2018-08-24 16:30:00',1),(9,'2018-08-24 17:00:00',1),(9,'2018-08-24 17:30:00',1),(9,'2018-08-24 18:00:00',1),(9,'2018-08-24 18:30:00',1),(9,'2018-08-24 19:00:00',1),(9,'2018-08-27 08:30:00',1),(9,'2018-08-27 09:00:00',1),(9,'2018-08-27 09:30:00',1),(9,'2018-08-27 10:00:00',1),(9,'2018-08-27 10:30:00',1),(9,'2018-08-27 11:00:00',1),(9,'2018-08-27 11:30:00',1),(9,'2018-08-27 12:00:00',1),(9,'2018-08-27 12:30:00',1),(9,'2018-08-27 13:00:00',1),(9,'2018-08-27 13:30:00',1),(9,'2018-08-27 14:00:00',1),(9,'2018-08-27 16:30:00',1),(9,'2018-08-27 17:00:00',1),(9,'2018-08-27 17:30:00',1),(9,'2018-08-27 18:00:00',1),(9,'2018-08-27 18:30:00',1),(9,'2018-08-27 19:00:00',1),(9,'2018-08-29 08:30:00',1),(9,'2018-08-29 09:00:00',1),(9,'2018-08-29 09:30:00',1),(9,'2018-08-29 10:00:00',1),(9,'2018-08-29 10:30:00',1),(9,'2018-08-29 11:00:00',1),(9,'2018-08-29 11:30:00',1),(9,'2018-08-29 12:00:00',1),(9,'2018-08-29 12:30:00',1),(9,'2018-08-29 13:00:00',1),(9,'2018-08-29 13:30:00',1),(9,'2018-08-29 14:00:00',1),(9,'2018-08-29 16:30:00',1),(9,'2018-08-29 17:00:00',1),(9,'2018-08-29 17:30:00',1),(9,'2018-08-29 18:00:00',1),(9,'2018-08-29 18:30:00',1),(9,'2018-08-29 19:00:00',1),(9,'2018-08-31 08:30:00',1),(9,'2018-08-31 09:00:00',1),(9,'2018-08-31 09:30:00',1),(9,'2018-08-31 10:00:00',1),(9,'2018-08-31 10:30:00',1),(9,'2018-08-31 11:00:00',1),(9,'2018-08-31 11:30:00',1),(9,'2018-08-31 12:00:00',1),(9,'2018-08-31 12:30:00',1),(9,'2018-08-31 13:00:00',1),(9,'2018-08-31 13:30:00',1),(9,'2018-08-31 14:00:00',1),(9,'2018-08-31 16:30:00',1),(9,'2018-08-31 17:00:00',1),(9,'2018-08-31 17:30:00',1),(9,'2018-08-31 18:00:00',1),(9,'2018-08-31 18:30:00',1),(9,'2018-08-31 19:00:00',1),(9,'2018-09-03 08:30:00',1),(9,'2018-09-03 09:00:00',1),(9,'2018-09-03 09:30:00',1),(9,'2018-09-03 10:00:00',1),(9,'2018-09-03 10:30:00',1),(9,'2018-09-03 11:00:00',1),(9,'2018-09-03 11:30:00',1),(9,'2018-09-03 12:00:00',1),(9,'2018-09-03 12:30:00',1),(9,'2018-09-03 13:00:00',1),(9,'2018-09-03 13:30:00',1),(9,'2018-09-03 14:00:00',1),(9,'2018-09-03 16:30:00',1),(9,'2018-09-03 17:00:00',1),(9,'2018-09-03 17:30:00',1),(9,'2018-09-03 18:00:00',1),(9,'2018-09-03 18:30:00',1),(9,'2018-09-03 19:00:00',1),(9,'2018-09-05 08:30:00',1),(9,'2018-09-05 09:00:00',1),(9,'2018-09-05 09:30:00',1),(9,'2018-09-05 10:00:00',1),(9,'2018-09-05 10:30:00',1),(9,'2018-09-05 11:00:00',1),(9,'2018-09-05 11:30:00',1),(9,'2018-09-05 12:00:00',1),(9,'2018-09-05 12:30:00',1),(9,'2018-09-05 13:00:00',1),(9,'2018-09-05 13:30:00',1),(9,'2018-09-05 14:00:00',1),(9,'2018-09-05 16:30:00',1),(9,'2018-09-05 17:00:00',1),(9,'2018-09-05 17:30:00',1),(9,'2018-09-05 18:00:00',1),(9,'2018-09-05 18:30:00',1),(9,'2018-09-05 19:00:00',1),(9,'2018-09-07 08:30:00',1),(9,'2018-09-07 09:00:00',1),(9,'2018-09-07 09:30:00',1),(9,'2018-09-07 10:00:00',1),(9,'2018-09-07 10:30:00',1),(9,'2018-09-07 11:00:00',1),(9,'2018-09-07 11:30:00',1),(9,'2018-09-07 12:00:00',1),(9,'2018-09-07 12:30:00',1),(9,'2018-09-07 13:00:00',1),(9,'2018-09-07 13:30:00',1),(9,'2018-09-07 14:00:00',1),(9,'2018-09-07 16:30:00',1),(9,'2018-09-07 17:00:00',1),(9,'2018-09-07 17:30:00',1),(9,'2018-09-07 18:00:00',1),(9,'2018-09-07 18:30:00',1),(9,'2018-09-07 19:00:00',1),(9,'2018-09-10 08:30:00',1),(9,'2018-09-10 09:00:00',1),(9,'2018-09-10 09:30:00',1),(9,'2018-09-10 10:00:00',1),(9,'2018-09-10 10:30:00',1),(9,'2018-09-10 11:00:00',1),(9,'2018-09-10 11:30:00',1),(9,'2018-09-10 12:00:00',1),(9,'2018-09-10 12:30:00',1),(9,'2018-09-10 13:00:00',1),(9,'2018-09-10 13:30:00',1),(9,'2018-09-10 14:00:00',1),(9,'2018-09-10 16:30:00',1),(9,'2018-09-10 17:00:00',1),(9,'2018-09-10 17:30:00',1),(9,'2018-09-10 18:00:00',1),(9,'2018-09-10 18:30:00',1),(9,'2018-09-10 19:00:00',1),(9,'2018-09-12 08:30:00',1),(9,'2018-09-12 09:00:00',1),(9,'2018-09-12 09:30:00',1),(9,'2018-09-12 10:00:00',1),(9,'2018-09-12 10:30:00',1),(9,'2018-09-12 11:00:00',1),(9,'2018-09-12 11:30:00',1),(9,'2018-09-12 12:00:00',1),(9,'2018-09-12 12:30:00',1),(9,'2018-09-12 13:00:00',1),(9,'2018-09-12 13:30:00',1),(9,'2018-09-12 14:00:00',1),(9,'2018-09-12 16:30:00',1),(9,'2018-09-12 17:00:00',1),(9,'2018-09-12 17:30:00',1),(9,'2018-09-12 18:00:00',1),(9,'2018-09-12 18:30:00',1),(9,'2018-09-12 19:00:00',1),(9,'2018-09-14 08:30:00',1),(9,'2018-09-14 09:00:00',1),(9,'2018-09-14 09:30:00',1),(9,'2018-09-14 10:00:00',1),(9,'2018-09-14 10:30:00',1),(9,'2018-09-14 11:00:00',1),(9,'2018-09-14 11:30:00',1),(9,'2018-09-14 12:00:00',1),(9,'2018-09-14 12:30:00',1),(9,'2018-09-14 13:00:00',1),(9,'2018-09-14 13:30:00',1),(9,'2018-09-14 14:00:00',1),(9,'2018-09-14 16:30:00',1),(9,'2018-09-14 17:00:00',1),(9,'2018-09-14 17:30:00',1),(9,'2018-09-14 18:00:00',1),(9,'2018-09-14 18:30:00',1),(9,'2018-09-14 19:00:00',1),(9,'2018-09-17 08:30:00',1),(9,'2018-09-17 09:00:00',1),(9,'2018-09-17 09:30:00',1),(9,'2018-09-17 10:00:00',1),(9,'2018-09-17 10:30:00',1),(9,'2018-09-17 11:00:00',1),(9,'2018-09-17 11:30:00',1),(9,'2018-09-17 12:00:00',1),(9,'2018-09-17 12:30:00',1),(9,'2018-09-17 13:00:00',1),(9,'2018-09-17 13:30:00',1),(9,'2018-09-17 14:00:00',1),(9,'2018-09-17 16:30:00',1),(9,'2018-09-17 17:00:00',1),(9,'2018-09-17 17:30:00',1),(9,'2018-09-17 18:00:00',1),(9,'2018-09-17 18:30:00',1),(9,'2018-09-17 19:00:00',1),(9,'2018-09-19 08:30:00',1),(9,'2018-09-19 09:00:00',1),(9,'2018-09-19 09:30:00',1),(9,'2018-09-19 10:00:00',1),(9,'2018-09-19 10:30:00',1),(9,'2018-09-19 11:00:00',1),(9,'2018-09-19 11:30:00',1),(9,'2018-09-19 12:00:00',1),(9,'2018-09-19 12:30:00',1),(9,'2018-09-19 13:00:00',1),(9,'2018-09-19 13:30:00',1),(9,'2018-09-19 14:00:00',1),(9,'2018-09-19 16:30:00',1),(9,'2018-09-19 17:00:00',1),(9,'2018-09-19 17:30:00',1),(9,'2018-09-19 18:00:00',1),(9,'2018-09-19 18:30:00',1),(9,'2018-09-19 19:00:00',1),(9,'2018-09-21 08:30:00',1),(9,'2018-09-21 09:00:00',1),(9,'2018-09-21 09:30:00',1),(9,'2018-09-21 10:00:00',1),(9,'2018-09-21 10:30:00',1),(9,'2018-09-21 11:00:00',1),(9,'2018-09-21 11:30:00',1),(9,'2018-09-21 12:00:00',1),(9,'2018-09-21 12:30:00',1),(9,'2018-09-21 13:00:00',1),(9,'2018-09-21 13:30:00',1),(9,'2018-09-21 14:00:00',1),(9,'2018-09-21 16:30:00',1),(9,'2018-09-21 17:00:00',1),(9,'2018-09-21 17:30:00',1),(9,'2018-09-21 18:00:00',1),(9,'2018-09-21 18:30:00',1),(9,'2018-09-21 19:00:00',1),(9,'2018-09-24 08:30:00',1),(9,'2018-09-24 09:00:00',1),(9,'2018-09-24 09:30:00',1),(9,'2018-09-24 10:00:00',1),(9,'2018-09-24 10:30:00',1),(9,'2018-09-24 11:00:00',1),(9,'2018-09-24 11:30:00',1),(9,'2018-09-24 12:00:00',1),(9,'2018-09-24 12:30:00',1),(9,'2018-09-24 13:00:00',1),(9,'2018-09-24 13:30:00',1),(9,'2018-09-24 14:00:00',1),(9,'2018-09-24 16:30:00',1),(9,'2018-09-24 17:00:00',1),(9,'2018-09-24 17:30:00',1),(9,'2018-09-24 18:00:00',1),(9,'2018-09-24 18:30:00',1),(9,'2018-09-24 19:00:00',1),(9,'2018-09-26 08:30:00',1),(9,'2018-09-26 09:00:00',1),(9,'2018-09-26 09:30:00',1),(9,'2018-09-26 10:00:00',1),(9,'2018-09-26 10:30:00',1),(9,'2018-09-26 11:00:00',1),(9,'2018-09-26 11:30:00',1),(9,'2018-09-26 12:00:00',1),(9,'2018-09-26 12:30:00',1),(9,'2018-09-26 13:00:00',1),(9,'2018-09-26 13:30:00',1),(9,'2018-09-26 14:00:00',1),(9,'2018-09-26 16:30:00',1),(9,'2018-09-26 17:00:00',1),(9,'2018-09-26 17:30:00',1),(9,'2018-09-26 18:00:00',1),(9,'2018-09-26 18:30:00',1),(9,'2018-09-26 19:00:00',1),(9,'2018-09-28 08:30:00',1),(9,'2018-09-28 09:00:00',1),(9,'2018-09-28 09:30:00',1),(9,'2018-09-28 10:00:00',1),(9,'2018-09-28 10:30:00',1),(9,'2018-09-28 11:00:00',1),(9,'2018-09-28 11:30:00',1),(9,'2018-09-28 12:00:00',1),(9,'2018-09-28 12:30:00',1),(9,'2018-09-28 13:00:00',1),(9,'2018-09-28 13:30:00',1),(9,'2018-09-28 14:00:00',1),(9,'2018-09-28 16:30:00',1),(9,'2018-09-28 17:00:00',1),(9,'2018-09-28 17:30:00',1),(9,'2018-09-28 18:00:00',1),(9,'2018-09-28 18:30:00',1),(9,'2018-09-28 19:00:00',1),(9,'2018-10-01 08:30:00',1),(9,'2018-10-01 09:00:00',1),(9,'2018-10-01 09:30:00',1),(9,'2018-10-01 10:00:00',1),(9,'2018-10-01 10:30:00',1),(9,'2018-10-01 11:00:00',1),(9,'2018-10-01 11:30:00',1),(9,'2018-10-01 12:00:00',1),(9,'2018-10-01 12:30:00',1),(9,'2018-10-01 13:00:00',1),(9,'2018-10-01 13:30:00',1),(9,'2018-10-01 14:00:00',1),(9,'2018-10-01 16:30:00',1),(9,'2018-10-01 17:00:00',1),(9,'2018-10-01 17:30:00',1),(9,'2018-10-01 18:00:00',1),(9,'2018-10-01 18:30:00',1),(9,'2018-10-01 19:00:00',1),(9,'2018-10-03 08:30:00',1),(9,'2018-10-03 09:00:00',1),(9,'2018-10-03 09:30:00',1),(9,'2018-10-03 10:00:00',1),(9,'2018-10-03 10:30:00',1),(9,'2018-10-03 11:00:00',1),(9,'2018-10-03 11:30:00',1),(9,'2018-10-03 12:00:00',1),(9,'2018-10-03 12:30:00',1),(9,'2018-10-03 13:00:00',1),(9,'2018-10-03 13:30:00',1),(9,'2018-10-03 14:00:00',1),(9,'2018-10-03 16:30:00',1),(9,'2018-10-03 17:00:00',1),(9,'2018-10-03 17:30:00',1),(9,'2018-10-03 18:00:00',1),(9,'2018-10-03 18:30:00',1),(9,'2018-10-03 19:00:00',1),(9,'2018-10-05 08:30:00',1),(9,'2018-10-05 09:00:00',1),(9,'2018-10-05 09:30:00',1),(9,'2018-10-05 10:00:00',1),(9,'2018-10-05 10:30:00',1),(9,'2018-10-05 11:00:00',1),(9,'2018-10-05 11:30:00',1),(9,'2018-10-05 12:00:00',1),(9,'2018-10-05 12:30:00',1),(9,'2018-10-05 13:00:00',1),(9,'2018-10-05 13:30:00',1),(9,'2018-10-05 14:00:00',1),(9,'2018-10-05 16:30:00',1),(9,'2018-10-05 17:00:00',1),(9,'2018-10-05 17:30:00',1),(9,'2018-10-05 18:00:00',1),(9,'2018-10-05 18:30:00',1),(9,'2018-10-05 19:00:00',1),(9,'2018-10-08 08:30:00',1),(9,'2018-10-08 09:00:00',1),(9,'2018-10-08 09:30:00',1),(9,'2018-10-08 10:00:00',1),(9,'2018-10-08 10:30:00',1),(9,'2018-10-08 11:00:00',1),(9,'2018-10-08 11:30:00',1),(9,'2018-10-08 12:00:00',1),(9,'2018-10-08 12:30:00',1),(9,'2018-10-08 13:00:00',1),(9,'2018-10-08 13:30:00',1),(9,'2018-10-08 14:00:00',1),(9,'2018-10-08 16:30:00',1),(9,'2018-10-08 17:00:00',1),(9,'2018-10-08 17:30:00',1),(9,'2018-10-08 18:00:00',1),(9,'2018-10-08 18:30:00',1),(9,'2018-10-08 19:00:00',1),(9,'2018-10-10 08:30:00',1),(9,'2018-10-10 09:00:00',1),(9,'2018-10-10 09:30:00',1),(9,'2018-10-10 10:00:00',1),(9,'2018-10-10 10:30:00',1),(9,'2018-10-10 11:00:00',1),(9,'2018-10-10 11:30:00',1),(9,'2018-10-10 12:00:00',1),(9,'2018-10-10 12:30:00',1),(9,'2018-10-10 13:00:00',1),(9,'2018-10-10 13:30:00',1),(9,'2018-10-10 14:00:00',1),(9,'2018-10-10 16:30:00',1),(9,'2018-10-10 17:00:00',1),(9,'2018-10-10 17:30:00',1),(9,'2018-10-10 18:00:00',1),(9,'2018-10-10 18:30:00',1),(9,'2018-10-10 19:00:00',1),(9,'2018-10-12 08:30:00',1),(9,'2018-10-12 09:00:00',1),(9,'2018-10-12 09:30:00',1),(9,'2018-10-12 10:00:00',1),(9,'2018-10-12 10:30:00',1),(9,'2018-10-12 11:00:00',1),(9,'2018-10-12 11:30:00',1),(9,'2018-10-12 12:00:00',1),(9,'2018-10-12 12:30:00',1),(9,'2018-10-12 13:00:00',1),(9,'2018-10-12 13:30:00',1),(9,'2018-10-12 14:00:00',1),(9,'2018-10-12 16:30:00',1),(9,'2018-10-12 17:00:00',1),(9,'2018-10-12 17:30:00',1),(9,'2018-10-12 18:00:00',1),(9,'2018-10-12 18:30:00',1),(9,'2018-10-12 19:00:00',1),(9,'2018-10-15 08:30:00',1),(9,'2018-10-15 09:00:00',1),(9,'2018-10-15 09:30:00',1),(9,'2018-10-15 10:00:00',1),(9,'2018-10-15 10:30:00',1),(9,'2018-10-15 11:00:00',1),(9,'2018-10-15 11:30:00',1),(9,'2018-10-15 12:00:00',1),(9,'2018-10-15 12:30:00',1),(9,'2018-10-15 13:00:00',1),(9,'2018-10-15 13:30:00',1),(9,'2018-10-15 14:00:00',1),(9,'2018-10-15 16:30:00',1),(9,'2018-10-15 17:00:00',1),(9,'2018-10-15 17:30:00',1),(9,'2018-10-15 18:00:00',1),(9,'2018-10-15 18:30:00',1),(9,'2018-10-15 19:00:00',1),(9,'2018-10-17 08:30:00',1),(9,'2018-10-17 09:00:00',1),(9,'2018-10-17 09:30:00',1),(9,'2018-10-17 10:00:00',1),(9,'2018-10-17 10:30:00',1),(9,'2018-10-17 11:00:00',1),(9,'2018-10-17 11:30:00',1),(9,'2018-10-17 12:00:00',1),(9,'2018-10-17 12:30:00',1),(9,'2018-10-17 13:00:00',1),(9,'2018-10-17 13:30:00',1),(9,'2018-10-17 14:00:00',1),(9,'2018-10-17 16:30:00',1),(9,'2018-10-17 17:00:00',1),(9,'2018-10-17 17:30:00',1),(9,'2018-10-17 18:00:00',1),(9,'2018-10-17 18:30:00',1),(9,'2018-10-17 19:00:00',1),(9,'2018-10-19 08:30:00',1),(9,'2018-10-19 09:00:00',1),(9,'2018-10-19 09:30:00',1),(9,'2018-10-19 10:00:00',1),(9,'2018-10-19 10:30:00',1),(9,'2018-10-19 11:00:00',1),(9,'2018-10-19 11:30:00',1),(9,'2018-10-19 12:00:00',1),(9,'2018-10-19 12:30:00',1),(9,'2018-10-19 13:00:00',1),(9,'2018-10-19 13:30:00',1),(9,'2018-10-19 14:00:00',1),(9,'2018-10-19 16:30:00',1),(9,'2018-10-19 17:00:00',1),(9,'2018-10-19 17:30:00',1),(9,'2018-10-19 18:00:00',1),(9,'2018-10-19 18:30:00',1),(9,'2018-10-19 19:00:00',1),(9,'2018-10-22 08:30:00',1),(9,'2018-10-22 09:00:00',1),(9,'2018-10-22 09:30:00',1),(9,'2018-10-22 10:00:00',1),(9,'2018-10-22 10:30:00',1),(9,'2018-10-22 11:00:00',1),(9,'2018-10-22 11:30:00',1),(9,'2018-10-22 12:00:00',1),(9,'2018-10-22 12:30:00',1),(9,'2018-10-22 13:00:00',1),(9,'2018-10-22 13:30:00',1),(9,'2018-10-22 14:00:00',1),(9,'2018-10-22 16:30:00',1),(9,'2018-10-22 17:00:00',1),(9,'2018-10-22 17:30:00',1),(9,'2018-10-22 18:00:00',1),(9,'2018-10-22 18:30:00',1),(9,'2018-10-22 19:00:00',1),(9,'2018-10-24 08:30:00',1),(9,'2018-10-24 09:00:00',1),(9,'2018-10-24 09:30:00',1),(9,'2018-10-24 10:00:00',1),(9,'2018-10-24 10:30:00',1),(9,'2018-10-24 11:00:00',1),(9,'2018-10-24 11:30:00',1),(9,'2018-10-24 12:00:00',1),(9,'2018-10-24 12:30:00',1),(9,'2018-10-24 13:00:00',1),(9,'2018-10-24 13:30:00',1),(9,'2018-10-24 14:00:00',1),(9,'2018-10-24 16:30:00',1),(9,'2018-10-24 17:00:00',1),(9,'2018-10-24 17:30:00',1),(9,'2018-10-24 18:00:00',1),(9,'2018-10-24 18:30:00',1),(9,'2018-10-24 19:00:00',1),(9,'2018-10-26 08:30:00',1),(9,'2018-10-26 09:00:00',1),(9,'2018-10-26 09:30:00',1),(9,'2018-10-26 10:00:00',1),(9,'2018-10-26 10:30:00',1),(9,'2018-10-26 11:00:00',1),(9,'2018-10-26 11:30:00',1),(9,'2018-10-26 12:00:00',1),(9,'2018-10-26 12:30:00',1),(9,'2018-10-26 13:00:00',1),(9,'2018-10-26 13:30:00',1),(9,'2018-10-26 14:00:00',1),(9,'2018-10-26 16:30:00',1),(9,'2018-10-26 17:00:00',1),(9,'2018-10-26 17:30:00',1),(9,'2018-10-26 18:00:00',1),(9,'2018-10-26 18:30:00',1),(9,'2018-10-26 19:00:00',1),(9,'2018-10-29 08:30:00',1),(9,'2018-10-29 09:00:00',1),(9,'2018-10-29 09:30:00',1),(9,'2018-10-29 10:00:00',1),(9,'2018-10-29 10:30:00',1),(9,'2018-10-29 11:00:00',1),(9,'2018-10-29 11:30:00',1),(9,'2018-10-29 12:00:00',1),(9,'2018-10-29 12:30:00',1),(9,'2018-10-29 13:00:00',1),(9,'2018-10-29 13:30:00',1),(9,'2018-10-29 14:00:00',1),(9,'2018-10-29 16:30:00',1),(9,'2018-10-29 17:00:00',1),(9,'2018-10-29 17:30:00',1),(9,'2018-10-29 18:00:00',1),(9,'2018-10-29 18:30:00',1),(9,'2018-10-29 19:00:00',1),(9,'2018-10-31 08:30:00',1),(9,'2018-10-31 09:00:00',1),(9,'2018-10-31 09:30:00',1),(9,'2018-10-31 10:00:00',1),(9,'2018-10-31 10:30:00',1),(9,'2018-10-31 11:00:00',1),(9,'2018-10-31 11:30:00',1),(9,'2018-10-31 12:00:00',1),(9,'2018-10-31 12:30:00',1),(9,'2018-10-31 13:00:00',1),(9,'2018-10-31 13:30:00',1),(9,'2018-10-31 14:00:00',1),(9,'2018-10-31 16:30:00',1),(9,'2018-10-31 17:00:00',1),(9,'2018-10-31 17:30:00',1),(9,'2018-10-31 18:00:00',1),(9,'2018-10-31 18:30:00',1),(9,'2018-10-31 19:00:00',1),(9,'2018-11-02 08:30:00',1),(9,'2018-11-02 09:00:00',1),(9,'2018-11-02 09:30:00',1),(9,'2018-11-02 10:00:00',1),(9,'2018-11-02 10:30:00',1),(9,'2018-11-02 11:00:00',1),(9,'2018-11-02 11:30:00',1),(9,'2018-11-02 12:00:00',1),(9,'2018-11-02 12:30:00',1),(9,'2018-11-02 13:00:00',1),(9,'2018-11-02 13:30:00',1),(9,'2018-11-02 14:00:00',1),(9,'2018-11-02 16:30:00',1),(9,'2018-11-02 17:00:00',1),(9,'2018-11-02 17:30:00',1),(9,'2018-11-02 18:00:00',1),(9,'2018-11-02 18:30:00',1),(9,'2018-11-02 19:00:00',1),(9,'2018-11-05 08:30:00',1),(9,'2018-11-05 09:00:00',1),(9,'2018-11-05 09:30:00',1),(9,'2018-11-05 10:00:00',1),(9,'2018-11-05 10:30:00',1),(9,'2018-11-05 11:00:00',1),(9,'2018-11-05 11:30:00',1),(9,'2018-11-05 12:00:00',1),(9,'2018-11-05 12:30:00',1),(9,'2018-11-05 13:00:00',1),(9,'2018-11-05 13:30:00',1),(9,'2018-11-05 14:00:00',1),(9,'2018-11-05 16:30:00',1),(9,'2018-11-05 17:00:00',1),(9,'2018-11-05 17:30:00',1),(9,'2018-11-05 18:00:00',1),(9,'2018-11-05 18:30:00',1),(9,'2018-11-05 19:00:00',1),(9,'2018-11-07 08:30:00',1),(9,'2018-11-07 09:00:00',1),(9,'2018-11-07 09:30:00',1),(9,'2018-11-07 10:00:00',1),(9,'2018-11-07 10:30:00',1),(9,'2018-11-07 11:00:00',1),(9,'2018-11-07 11:30:00',1),(9,'2018-11-07 12:00:00',1),(9,'2018-11-07 12:30:00',1),(9,'2018-11-07 13:00:00',1),(9,'2018-11-07 13:30:00',1),(9,'2018-11-07 14:00:00',1),(9,'2018-11-07 16:30:00',1),(9,'2018-11-07 17:00:00',1),(9,'2018-11-07 17:30:00',1),(9,'2018-11-07 18:00:00',1),(9,'2018-11-07 18:30:00',1),(9,'2018-11-07 19:00:00',1),(9,'2018-11-09 08:30:00',1),(9,'2018-11-09 09:00:00',1),(9,'2018-11-09 09:30:00',1),(9,'2018-11-09 10:00:00',1),(9,'2018-11-09 10:30:00',1),(9,'2018-11-09 11:00:00',1),(9,'2018-11-09 11:30:00',1),(9,'2018-11-09 12:00:00',1),(9,'2018-11-09 12:30:00',1),(9,'2018-11-09 13:00:00',1),(9,'2018-11-09 13:30:00',1),(9,'2018-11-09 14:00:00',1),(9,'2018-11-09 16:30:00',1),(9,'2018-11-09 17:00:00',1),(9,'2018-11-09 17:30:00',1),(9,'2018-11-09 18:00:00',1),(9,'2018-11-09 18:30:00',1),(9,'2018-11-09 19:00:00',1),(9,'2018-11-12 08:30:00',1),(9,'2018-11-12 09:00:00',1),(9,'2018-11-12 09:30:00',1),(9,'2018-11-12 10:00:00',1),(9,'2018-11-12 10:30:00',1),(9,'2018-11-12 11:00:00',1),(9,'2018-11-12 11:30:00',1),(9,'2018-11-12 12:00:00',1),(9,'2018-11-12 12:30:00',1),(9,'2018-11-12 13:00:00',1),(9,'2018-11-12 13:30:00',1),(9,'2018-11-12 14:00:00',1),(9,'2018-11-12 16:30:00',1),(9,'2018-11-12 17:00:00',1),(9,'2018-11-12 17:30:00',1),(9,'2018-11-12 18:00:00',1),(9,'2018-11-12 18:30:00',1),(9,'2018-11-12 19:00:00',1),(9,'2018-11-14 08:30:00',1),(9,'2018-11-14 09:00:00',1),(9,'2018-11-14 09:30:00',1),(9,'2018-11-14 10:00:00',1),(9,'2018-11-14 10:30:00',1),(9,'2018-11-14 11:00:00',1),(9,'2018-11-14 11:30:00',1),(9,'2018-11-14 12:00:00',1),(9,'2018-11-14 12:30:00',1),(9,'2018-11-14 13:00:00',1),(9,'2018-11-14 13:30:00',1),(9,'2018-11-14 14:00:00',1),(9,'2018-11-14 16:30:00',1),(9,'2018-11-14 17:00:00',1),(9,'2018-11-14 17:30:00',1),(9,'2018-11-14 18:00:00',1),(9,'2018-11-14 18:30:00',1),(9,'2018-11-14 19:00:00',1),(9,'2018-11-16 08:30:00',1),(9,'2018-11-16 09:00:00',1),(9,'2018-11-16 09:30:00',1),(9,'2018-11-16 10:00:00',1),(9,'2018-11-16 10:30:00',1),(9,'2018-11-16 11:00:00',1),(9,'2018-11-16 11:30:00',1),(9,'2018-11-16 12:00:00',1),(9,'2018-11-16 12:30:00',1),(9,'2018-11-16 13:00:00',1),(9,'2018-11-16 13:30:00',1),(9,'2018-11-16 14:00:00',1),(9,'2018-11-16 16:30:00',1),(9,'2018-11-16 17:00:00',1),(9,'2018-11-16 17:30:00',1),(9,'2018-11-16 18:00:00',1),(9,'2018-11-16 18:30:00',1),(9,'2018-11-16 19:00:00',1),(9,'2018-11-19 08:30:00',1),(9,'2018-11-19 09:00:00',1),(9,'2018-11-19 09:30:00',1),(9,'2018-11-19 10:00:00',1),(9,'2018-11-19 10:30:00',1),(9,'2018-11-19 11:00:00',1),(9,'2018-11-19 11:30:00',1),(9,'2018-11-19 12:00:00',1),(9,'2018-11-19 12:30:00',1),(9,'2018-11-19 13:00:00',1),(9,'2018-11-19 13:30:00',1),(9,'2018-11-19 14:00:00',1),(9,'2018-11-19 16:30:00',1),(9,'2018-11-19 17:00:00',1),(9,'2018-11-19 17:30:00',1),(9,'2018-11-19 18:00:00',1),(9,'2018-11-19 18:30:00',1),(9,'2018-11-19 19:00:00',1),(9,'2018-11-21 08:30:00',1),(9,'2018-11-21 09:00:00',1),(9,'2018-11-21 09:30:00',1),(9,'2018-11-21 10:00:00',1),(9,'2018-11-21 10:30:00',1),(9,'2018-11-21 11:00:00',1),(9,'2018-11-21 11:30:00',1),(9,'2018-11-21 12:00:00',1),(9,'2018-11-21 12:30:00',1),(9,'2018-11-21 13:00:00',1),(9,'2018-11-21 13:30:00',1),(9,'2018-11-21 14:00:00',1),(9,'2018-11-21 16:30:00',1),(9,'2018-11-21 17:00:00',1),(9,'2018-11-21 17:30:00',1),(9,'2018-11-21 18:00:00',1),(9,'2018-11-21 18:30:00',1),(9,'2018-11-21 19:00:00',1),(9,'2018-11-23 08:30:00',1),(9,'2018-11-23 09:00:00',1),(9,'2018-11-23 09:30:00',1),(9,'2018-11-23 10:00:00',1),(9,'2018-11-23 10:30:00',1),(9,'2018-11-23 11:00:00',1),(9,'2018-11-23 11:30:00',1),(9,'2018-11-23 12:00:00',1),(9,'2018-11-23 12:30:00',1),(9,'2018-11-23 13:00:00',1),(9,'2018-11-23 13:30:00',1),(9,'2018-11-23 14:00:00',1),(9,'2018-11-23 16:30:00',1),(9,'2018-11-23 17:00:00',1),(9,'2018-11-23 17:30:00',1),(9,'2018-11-23 18:00:00',1),(9,'2018-11-23 18:30:00',1),(9,'2018-11-23 19:00:00',1),(9,'2018-11-26 08:30:00',1),(9,'2018-11-26 09:00:00',1),(9,'2018-11-26 09:30:00',1),(9,'2018-11-26 10:00:00',1),(9,'2018-11-26 10:30:00',1),(9,'2018-11-26 11:00:00',1),(9,'2018-11-26 11:30:00',1),(9,'2018-11-26 12:00:00',1),(9,'2018-11-26 12:30:00',1),(9,'2018-11-26 13:00:00',1),(9,'2018-11-26 13:30:00',1),(9,'2018-11-26 14:00:00',1),(9,'2018-11-26 16:30:00',1),(9,'2018-11-26 17:00:00',1),(9,'2018-11-26 17:30:00',1),(9,'2018-11-26 18:00:00',1),(9,'2018-11-26 18:30:00',1),(9,'2018-11-26 19:00:00',1),(9,'2018-11-28 08:30:00',1),(9,'2018-11-28 09:00:00',1),(9,'2018-11-28 09:30:00',1),(9,'2018-11-28 10:00:00',1),(9,'2018-11-28 10:30:00',1),(9,'2018-11-28 11:00:00',1),(9,'2018-11-28 11:30:00',1),(9,'2018-11-28 12:00:00',1),(9,'2018-11-28 12:30:00',1),(9,'2018-11-28 13:00:00',1),(9,'2018-11-28 13:30:00',1),(9,'2018-11-28 14:00:00',1),(9,'2018-11-28 16:30:00',1),(9,'2018-11-28 17:00:00',1),(9,'2018-11-28 17:30:00',1),(9,'2018-11-28 18:00:00',1),(9,'2018-11-28 18:30:00',1),(9,'2018-11-28 19:00:00',1),(9,'2018-11-30 08:30:00',1),(9,'2018-11-30 09:00:00',1),(9,'2018-11-30 09:30:00',1),(9,'2018-11-30 10:00:00',1),(9,'2018-11-30 10:30:00',1),(9,'2018-11-30 11:00:00',1),(9,'2018-11-30 11:30:00',1),(9,'2018-11-30 12:00:00',1),(9,'2018-11-30 12:30:00',1),(9,'2018-11-30 13:00:00',1),(9,'2018-11-30 13:30:00',1),(9,'2018-11-30 14:00:00',1),(9,'2018-11-30 16:30:00',1),(9,'2018-11-30 17:00:00',1),(9,'2018-11-30 17:30:00',1),(9,'2018-11-30 18:00:00',1),(9,'2018-11-30 18:30:00',1),(9,'2018-11-30 19:00:00',1),(9,'2018-12-03 08:30:00',1),(9,'2018-12-03 09:00:00',1),(9,'2018-12-03 09:30:00',1),(9,'2018-12-03 10:00:00',1),(9,'2018-12-03 10:30:00',1),(9,'2018-12-03 11:00:00',1),(9,'2018-12-03 11:30:00',1),(9,'2018-12-03 12:00:00',1),(9,'2018-12-03 12:30:00',1),(9,'2018-12-03 13:00:00',1),(9,'2018-12-03 13:30:00',1),(9,'2018-12-03 14:00:00',1),(9,'2018-12-03 16:30:00',1),(9,'2018-12-03 17:00:00',1),(9,'2018-12-03 17:30:00',1),(9,'2018-12-03 18:00:00',1),(9,'2018-12-03 18:30:00',1),(9,'2018-12-03 19:00:00',1),(9,'2018-12-05 08:30:00',1),(9,'2018-12-05 09:00:00',1),(9,'2018-12-05 09:30:00',1),(9,'2018-12-05 10:00:00',1),(9,'2018-12-05 10:30:00',1),(9,'2018-12-05 11:00:00',1),(9,'2018-12-05 11:30:00',1),(9,'2018-12-05 12:00:00',1),(9,'2018-12-05 12:30:00',1),(9,'2018-12-05 13:00:00',1),(9,'2018-12-05 13:30:00',1),(9,'2018-12-05 14:00:00',1),(9,'2018-12-05 16:30:00',1),(9,'2018-12-05 17:00:00',1),(9,'2018-12-05 17:30:00',1),(9,'2018-12-05 18:00:00',1),(9,'2018-12-05 18:30:00',1),(9,'2018-12-05 19:00:00',1),(9,'2018-12-07 08:30:00',1),(9,'2018-12-07 09:00:00',1),(9,'2018-12-07 09:30:00',1),(9,'2018-12-07 10:00:00',1),(9,'2018-12-07 10:30:00',1),(9,'2018-12-07 11:00:00',1),(9,'2018-12-07 11:30:00',1),(9,'2018-12-07 12:00:00',1),(9,'2018-12-07 12:30:00',1),(9,'2018-12-07 13:00:00',1),(9,'2018-12-07 13:30:00',1),(9,'2018-12-07 14:00:00',1),(9,'2018-12-07 16:30:00',1),(9,'2018-12-07 17:00:00',1),(9,'2018-12-07 17:30:00',1),(9,'2018-12-07 18:00:00',1),(9,'2018-12-07 18:30:00',1),(9,'2018-12-07 19:00:00',1),(9,'2018-12-10 08:30:00',1),(9,'2018-12-10 09:00:00',1),(9,'2018-12-10 09:30:00',1),(9,'2018-12-10 10:00:00',1),(9,'2018-12-10 10:30:00',1),(9,'2018-12-10 11:00:00',1),(9,'2018-12-10 11:30:00',1),(9,'2018-12-10 12:00:00',1),(9,'2018-12-10 12:30:00',1),(9,'2018-12-10 13:00:00',1),(9,'2018-12-10 13:30:00',1),(9,'2018-12-10 14:00:00',1),(9,'2018-12-10 16:30:00',1),(9,'2018-12-10 17:00:00',1),(9,'2018-12-10 17:30:00',1),(9,'2018-12-10 18:00:00',1),(9,'2018-12-10 18:30:00',1),(9,'2018-12-10 19:00:00',1),(9,'2018-12-12 08:30:00',1),(9,'2018-12-12 09:00:00',1),(9,'2018-12-12 09:30:00',1),(9,'2018-12-12 10:00:00',1),(9,'2018-12-12 10:30:00',1),(9,'2018-12-12 11:00:00',1),(9,'2018-12-12 11:30:00',1),(9,'2018-12-12 12:00:00',1),(9,'2018-12-12 12:30:00',1),(9,'2018-12-12 13:00:00',1),(9,'2018-12-12 13:30:00',1),(9,'2018-12-12 14:00:00',1),(9,'2018-12-12 16:30:00',1),(9,'2018-12-12 17:00:00',1),(9,'2018-12-12 17:30:00',1),(9,'2018-12-12 18:00:00',1),(9,'2018-12-12 18:30:00',1),(9,'2018-12-12 19:00:00',1),(9,'2018-12-14 08:30:00',1),(9,'2018-12-14 09:00:00',1),(9,'2018-12-14 09:30:00',1),(9,'2018-12-14 10:00:00',1),(9,'2018-12-14 10:30:00',1),(9,'2018-12-14 11:00:00',1),(9,'2018-12-14 11:30:00',1),(9,'2018-12-14 12:00:00',1),(9,'2018-12-14 12:30:00',1),(9,'2018-12-14 13:00:00',1),(9,'2018-12-14 13:30:00',1),(9,'2018-12-14 14:00:00',1),(9,'2018-12-14 16:30:00',1),(9,'2018-12-14 17:00:00',1),(9,'2018-12-14 17:30:00',1),(9,'2018-12-14 18:00:00',1),(9,'2018-12-14 18:30:00',1),(9,'2018-12-14 19:00:00',1),(9,'2018-12-17 08:30:00',1),(9,'2018-12-17 09:00:00',1),(9,'2018-12-17 09:30:00',1),(9,'2018-12-17 10:00:00',1),(9,'2018-12-17 10:30:00',1),(9,'2018-12-17 11:00:00',1),(9,'2018-12-17 11:30:00',1),(9,'2018-12-17 12:00:00',1),(9,'2018-12-17 12:30:00',1),(9,'2018-12-17 13:00:00',1),(9,'2018-12-17 13:30:00',1),(9,'2018-12-17 14:00:00',1),(9,'2018-12-17 16:30:00',1),(9,'2018-12-17 17:00:00',1),(9,'2018-12-17 17:30:00',1),(9,'2018-12-17 18:00:00',1),(9,'2018-12-17 18:30:00',1),(9,'2018-12-17 19:00:00',1),(9,'2018-12-19 08:30:00',1),(9,'2018-12-19 09:00:00',1),(9,'2018-12-19 09:30:00',1),(9,'2018-12-19 10:00:00',1),(9,'2018-12-19 10:30:00',1),(9,'2018-12-19 11:00:00',1),(9,'2018-12-19 11:30:00',1),(9,'2018-12-19 12:00:00',1),(9,'2018-12-19 12:30:00',1),(9,'2018-12-19 13:00:00',1),(9,'2018-12-19 13:30:00',1),(9,'2018-12-19 14:00:00',1),(9,'2018-12-19 16:30:00',1),(9,'2018-12-19 17:00:00',1),(9,'2018-12-19 17:30:00',1),(9,'2018-12-19 18:00:00',1),(9,'2018-12-19 18:30:00',1),(9,'2018-12-19 19:00:00',1),(9,'2018-12-21 08:30:00',1),(9,'2018-12-21 09:00:00',1),(9,'2018-12-21 09:30:00',1),(9,'2018-12-21 10:00:00',1),(9,'2018-12-21 10:30:00',1),(9,'2018-12-21 11:00:00',1),(9,'2018-12-21 11:30:00',1),(9,'2018-12-21 12:00:00',1),(9,'2018-12-21 12:30:00',1),(9,'2018-12-21 13:00:00',1),(9,'2018-12-21 13:30:00',1),(9,'2018-12-21 14:00:00',1),(9,'2018-12-21 16:30:00',1),(9,'2018-12-21 17:00:00',1),(9,'2018-12-21 17:30:00',1),(9,'2018-12-21 18:00:00',1),(9,'2018-12-21 18:30:00',1),(9,'2018-12-21 19:00:00',1),(9,'2018-12-24 08:30:00',1),(9,'2018-12-24 09:00:00',1),(9,'2018-12-24 09:30:00',1),(9,'2018-12-24 10:00:00',1),(9,'2018-12-24 10:30:00',1),(9,'2018-12-24 11:00:00',1),(9,'2018-12-24 11:30:00',1),(9,'2018-12-24 12:00:00',1),(9,'2018-12-24 12:30:00',1),(9,'2018-12-24 13:00:00',1),(9,'2018-12-24 13:30:00',1),(9,'2018-12-24 14:00:00',1),(9,'2018-12-24 16:30:00',1),(9,'2018-12-24 17:00:00',1),(9,'2018-12-24 17:30:00',1),(9,'2018-12-24 18:00:00',1),(9,'2018-12-24 18:30:00',1),(9,'2018-12-24 19:00:00',1),(9,'2018-12-26 08:30:00',1),(9,'2018-12-26 09:00:00',1),(9,'2018-12-26 09:30:00',1),(9,'2018-12-26 10:00:00',1),(9,'2018-12-26 10:30:00',1),(9,'2018-12-26 11:00:00',1),(9,'2018-12-26 11:30:00',1),(9,'2018-12-26 12:00:00',1),(9,'2018-12-26 12:30:00',1),(9,'2018-12-26 13:00:00',1),(9,'2018-12-26 13:30:00',1),(9,'2018-12-26 14:00:00',1),(9,'2018-12-26 16:30:00',1),(9,'2018-12-26 17:00:00',1),(9,'2018-12-26 17:30:00',1),(9,'2018-12-26 18:00:00',1),(9,'2018-12-26 18:30:00',1),(9,'2018-12-26 19:00:00',1),(9,'2018-12-28 08:30:00',1),(9,'2018-12-28 09:00:00',1),(9,'2018-12-28 09:30:00',1),(9,'2018-12-28 10:00:00',1),(9,'2018-12-28 10:30:00',1),(9,'2018-12-28 11:00:00',1),(9,'2018-12-28 11:30:00',1),(9,'2018-12-28 12:00:00',1),(9,'2018-12-28 12:30:00',1),(9,'2018-12-28 13:00:00',1),(9,'2018-12-28 13:30:00',1),(9,'2018-12-28 14:00:00',1),(9,'2018-12-28 16:30:00',1),(9,'2018-12-28 17:00:00',1),(9,'2018-12-28 17:30:00',1),(9,'2018-12-28 18:00:00',1),(9,'2018-12-28 18:30:00',1),(9,'2018-12-28 19:00:00',1),(9,'2018-12-31 08:30:00',1),(9,'2018-12-31 09:00:00',1),(9,'2018-12-31 09:30:00',1),(9,'2018-12-31 10:00:00',1),(9,'2018-12-31 10:30:00',1),(9,'2018-12-31 11:00:00',1),(9,'2018-12-31 11:30:00',1),(9,'2018-12-31 12:00:00',1),(9,'2018-12-31 12:30:00',1),(9,'2018-12-31 13:00:00',1),(9,'2018-12-31 13:30:00',1),(9,'2018-12-31 14:00:00',1),(9,'2018-12-31 16:30:00',1),(9,'2018-12-31 17:00:00',1),(9,'2018-12-31 17:30:00',1),(9,'2018-12-31 18:00:00',1),(9,'2018-12-31 18:30:00',1),(9,'2018-12-31 19:00:00',1),(12,'2018-03-02 08:30:00',1),(12,'2018-03-02 09:00:00',1),(12,'2018-03-02 09:30:00',1),(12,'2018-03-02 10:00:00',1),(12,'2018-03-02 10:30:00',1),(12,'2018-03-02 11:00:00',1),(12,'2018-03-02 11:30:00',1),(12,'2018-03-02 12:00:00',1),(12,'2018-03-02 12:30:00',1),(12,'2018-03-02 13:00:00',1),(12,'2018-03-02 13:30:00',1),(12,'2018-03-02 14:00:00',1),(12,'2018-03-02 16:30:00',1),(12,'2018-03-02 17:00:00',1),(12,'2018-03-02 17:30:00',1),(12,'2018-03-02 18:00:00',1),(12,'2018-03-02 18:30:00',1),(12,'2018-03-02 19:00:00',1),(12,'2018-03-05 08:30:00',1),(12,'2018-03-05 09:00:00',1),(12,'2018-03-05 09:30:00',1),(12,'2018-03-05 10:00:00',1),(12,'2018-03-05 10:30:00',1),(12,'2018-03-05 11:00:00',1),(12,'2018-03-05 11:30:00',1),(12,'2018-03-05 12:00:00',1),(12,'2018-03-05 12:30:00',1),(12,'2018-03-05 13:00:00',1),(12,'2018-03-05 13:30:00',1),(12,'2018-03-05 14:00:00',1),(12,'2018-03-05 16:30:00',1),(12,'2018-03-05 17:00:00',1),(12,'2018-03-05 17:30:00',1),(12,'2018-03-05 18:00:00',1),(12,'2018-03-05 18:30:00',1),(12,'2018-03-05 19:00:00',1),(12,'2018-03-07 08:30:00',1),(12,'2018-03-07 09:00:00',1),(12,'2018-03-07 09:30:00',1),(12,'2018-03-07 10:00:00',1),(12,'2018-03-07 10:30:00',1),(12,'2018-03-07 11:00:00',1),(12,'2018-03-07 11:30:00',1),(12,'2018-03-07 12:00:00',1),(12,'2018-03-07 12:30:00',1),(12,'2018-03-07 13:00:00',1),(12,'2018-03-07 13:30:00',1),(12,'2018-03-07 14:00:00',1),(12,'2018-03-07 16:30:00',1),(12,'2018-03-07 17:00:00',1),(12,'2018-03-07 17:30:00',1),(12,'2018-03-07 18:00:00',1),(12,'2018-03-07 18:30:00',1),(12,'2018-03-07 19:00:00',1),(12,'2018-03-09 08:30:00',1),(12,'2018-03-09 09:00:00',1),(12,'2018-03-09 09:30:00',1),(12,'2018-03-09 10:00:00',1),(12,'2018-03-09 10:30:00',1),(12,'2018-03-09 11:00:00',1),(12,'2018-03-09 11:30:00',1),(12,'2018-03-09 12:00:00',1),(12,'2018-03-09 12:30:00',1),(12,'2018-03-09 13:00:00',1),(12,'2018-03-09 13:30:00',1),(12,'2018-03-09 14:00:00',1),(12,'2018-03-09 16:30:00',1),(12,'2018-03-09 17:00:00',1),(12,'2018-03-09 17:30:00',1),(12,'2018-03-09 18:00:00',1),(12,'2018-03-09 18:30:00',1),(12,'2018-03-09 19:00:00',1),(12,'2018-03-12 08:30:00',1),(12,'2018-03-12 09:00:00',1),(12,'2018-03-12 09:30:00',1),(12,'2018-03-12 10:00:00',1),(12,'2018-03-12 10:30:00',1),(12,'2018-03-12 11:00:00',1),(12,'2018-03-12 11:30:00',1),(12,'2018-03-12 12:00:00',1),(12,'2018-03-12 12:30:00',1),(12,'2018-03-12 13:00:00',1),(12,'2018-03-12 13:30:00',1),(12,'2018-03-12 14:00:00',1),(12,'2018-03-12 16:30:00',1),(12,'2018-03-12 17:00:00',1),(12,'2018-03-12 17:30:00',1),(12,'2018-03-12 18:00:00',1),(12,'2018-03-12 18:30:00',1),(12,'2018-03-12 19:00:00',1),(12,'2018-03-14 08:30:00',1),(12,'2018-03-14 09:00:00',1),(12,'2018-03-14 09:30:00',1),(12,'2018-03-14 10:00:00',1),(12,'2018-03-14 10:30:00',1),(12,'2018-03-14 11:00:00',1),(12,'2018-03-14 11:30:00',1),(12,'2018-03-14 12:00:00',1),(12,'2018-03-14 12:30:00',1),(12,'2018-03-14 13:00:00',1),(12,'2018-03-14 13:30:00',1),(12,'2018-03-14 14:00:00',1),(12,'2018-03-14 16:30:00',1),(12,'2018-03-14 17:00:00',1),(12,'2018-03-14 17:30:00',1),(12,'2018-03-14 18:00:00',1),(12,'2018-03-14 18:30:00',1),(12,'2018-03-14 19:00:00',1),(12,'2018-03-16 08:30:00',1),(12,'2018-03-16 09:00:00',1),(12,'2018-03-16 09:30:00',1),(12,'2018-03-16 10:00:00',1),(12,'2018-03-16 10:30:00',1),(12,'2018-03-16 11:00:00',1),(12,'2018-03-16 11:30:00',1),(12,'2018-03-16 12:00:00',1),(12,'2018-03-16 12:30:00',1),(12,'2018-03-16 13:00:00',1),(12,'2018-03-16 13:30:00',1),(12,'2018-03-16 14:00:00',1),(12,'2018-03-16 16:30:00',1),(12,'2018-03-16 17:00:00',1),(12,'2018-03-16 17:30:00',1),(12,'2018-03-16 18:00:00',1),(12,'2018-03-16 18:30:00',1),(12,'2018-03-16 19:00:00',1),(12,'2018-03-19 08:30:00',1),(12,'2018-03-19 09:00:00',1),(12,'2018-03-19 09:30:00',1),(12,'2018-03-19 10:00:00',1),(12,'2018-03-19 10:30:00',1),(12,'2018-03-19 11:00:00',1),(12,'2018-03-19 11:30:00',1),(12,'2018-03-19 12:00:00',1),(12,'2018-03-19 12:30:00',1),(12,'2018-03-19 13:00:00',1),(12,'2018-03-19 13:30:00',1),(12,'2018-03-19 14:00:00',1),(12,'2018-03-19 16:30:00',1),(12,'2018-03-19 17:00:00',1),(12,'2018-03-19 17:30:00',1),(12,'2018-03-19 18:00:00',1),(12,'2018-03-19 18:30:00',1),(12,'2018-03-19 19:00:00',1),(12,'2018-03-21 08:30:00',1),(12,'2018-03-21 09:00:00',1),(12,'2018-03-21 09:30:00',1),(12,'2018-03-21 10:00:00',1),(12,'2018-03-21 10:30:00',1),(12,'2018-03-21 11:00:00',1),(12,'2018-03-21 11:30:00',1),(12,'2018-03-21 12:00:00',1),(12,'2018-03-21 12:30:00',1),(12,'2018-03-21 13:00:00',1),(12,'2018-03-21 13:30:00',1),(12,'2018-03-21 14:00:00',1),(12,'2018-03-21 16:30:00',1),(12,'2018-03-21 17:00:00',1),(12,'2018-03-21 17:30:00',1),(12,'2018-03-21 18:00:00',1),(12,'2018-03-21 18:30:00',1),(12,'2018-03-21 19:00:00',1),(12,'2018-03-23 08:30:00',1),(12,'2018-03-23 09:00:00',1),(12,'2018-03-23 09:30:00',1),(12,'2018-03-23 10:00:00',1),(12,'2018-03-23 10:30:00',1),(12,'2018-03-23 11:00:00',1),(12,'2018-03-23 11:30:00',1),(12,'2018-03-23 12:00:00',1),(12,'2018-03-23 12:30:00',1),(12,'2018-03-23 13:00:00',1),(12,'2018-03-23 13:30:00',1),(12,'2018-03-23 14:00:00',1),(12,'2018-03-23 16:30:00',1),(12,'2018-03-23 17:00:00',1),(12,'2018-03-23 17:30:00',1),(12,'2018-03-23 18:00:00',1),(12,'2018-03-23 18:30:00',1),(12,'2018-03-23 19:00:00',1),(12,'2018-03-26 08:30:00',1),(12,'2018-03-26 09:00:00',1),(12,'2018-03-26 09:30:00',1),(12,'2018-03-26 10:00:00',1),(12,'2018-03-26 10:30:00',1),(12,'2018-03-26 11:00:00',1),(12,'2018-03-26 11:30:00',1),(12,'2018-03-26 12:00:00',1),(12,'2018-03-26 12:30:00',1),(12,'2018-03-26 13:00:00',1),(12,'2018-03-26 13:30:00',1),(12,'2018-03-26 14:00:00',1),(12,'2018-03-26 16:30:00',1),(12,'2018-03-26 17:00:00',1),(12,'2018-03-26 17:30:00',1),(12,'2018-03-26 18:00:00',1),(12,'2018-03-26 18:30:00',1),(12,'2018-03-26 19:00:00',1),(12,'2018-03-28 08:30:00',1),(12,'2018-03-28 09:00:00',1),(12,'2018-03-28 09:30:00',1),(12,'2018-03-28 10:00:00',1),(12,'2018-03-28 10:30:00',1),(12,'2018-03-28 11:00:00',1),(12,'2018-03-28 11:30:00',1),(12,'2018-03-28 12:00:00',1),(12,'2018-03-28 12:30:00',1),(12,'2018-03-28 13:00:00',1),(12,'2018-03-28 13:30:00',1),(12,'2018-03-28 14:00:00',1),(12,'2018-03-28 16:30:00',1),(12,'2018-03-28 17:00:00',1),(12,'2018-03-28 17:30:00',1),(12,'2018-03-28 18:00:00',1),(12,'2018-03-28 18:30:00',1),(12,'2018-03-28 19:00:00',1),(12,'2018-03-30 08:30:00',1),(12,'2018-03-30 09:00:00',1),(12,'2018-03-30 09:30:00',1),(12,'2018-03-30 10:00:00',1),(12,'2018-03-30 10:30:00',1),(12,'2018-03-30 11:00:00',1),(12,'2018-03-30 11:30:00',1),(12,'2018-03-30 12:00:00',1),(12,'2018-03-30 12:30:00',1),(12,'2018-03-30 13:00:00',1),(12,'2018-03-30 13:30:00',1),(12,'2018-03-30 14:00:00',1),(12,'2018-03-30 16:30:00',1),(12,'2018-03-30 17:00:00',1),(12,'2018-03-30 17:30:00',1),(12,'2018-03-30 18:00:00',1),(12,'2018-03-30 18:30:00',1),(12,'2018-03-30 19:00:00',1),(12,'2018-04-02 08:30:00',1),(12,'2018-04-02 09:00:00',1),(12,'2018-04-02 09:30:00',1),(12,'2018-04-02 10:00:00',1),(12,'2018-04-02 10:30:00',1),(12,'2018-04-02 11:00:00',1),(12,'2018-04-02 11:30:00',1),(12,'2018-04-02 12:00:00',1),(12,'2018-04-02 12:30:00',1),(12,'2018-04-02 13:00:00',1),(12,'2018-04-02 13:30:00',1),(12,'2018-04-02 14:00:00',1),(12,'2018-04-02 16:30:00',1),(12,'2018-04-02 17:00:00',1),(12,'2018-04-02 17:30:00',1),(12,'2018-04-02 18:00:00',1),(12,'2018-04-02 18:30:00',1),(12,'2018-04-02 19:00:00',1),(12,'2018-04-04 08:30:00',1),(12,'2018-04-04 09:00:00',1),(12,'2018-04-04 09:30:00',1),(12,'2018-04-04 10:00:00',1),(12,'2018-04-04 10:30:00',1),(12,'2018-04-04 11:00:00',1),(12,'2018-04-04 11:30:00',1),(12,'2018-04-04 12:00:00',1),(12,'2018-04-04 12:30:00',1),(12,'2018-04-04 13:00:00',1),(12,'2018-04-04 13:30:00',1),(12,'2018-04-04 14:00:00',1),(12,'2018-04-04 16:30:00',1),(12,'2018-04-04 17:00:00',1),(12,'2018-04-04 17:30:00',1),(12,'2018-04-04 18:00:00',1),(12,'2018-04-04 18:30:00',1),(12,'2018-04-04 19:00:00',1),(12,'2018-04-06 08:30:00',1),(12,'2018-04-06 09:00:00',1),(12,'2018-04-06 09:30:00',1),(12,'2018-04-06 10:00:00',1),(12,'2018-04-06 10:30:00',1),(12,'2018-04-06 11:00:00',1),(12,'2018-04-06 11:30:00',1),(12,'2018-04-06 12:00:00',1),(12,'2018-04-06 12:30:00',1),(12,'2018-04-06 13:00:00',1),(12,'2018-04-06 13:30:00',1),(12,'2018-04-06 14:00:00',1),(12,'2018-04-06 16:30:00',1),(12,'2018-04-06 17:00:00',1),(12,'2018-04-06 17:30:00',1),(12,'2018-04-06 18:00:00',1),(12,'2018-04-06 18:30:00',1),(12,'2018-04-06 19:00:00',1),(12,'2018-04-09 08:30:00',1),(12,'2018-04-09 09:00:00',1),(12,'2018-04-09 09:30:00',1),(12,'2018-04-09 10:00:00',1),(12,'2018-04-09 10:30:00',1),(12,'2018-04-09 11:00:00',1),(12,'2018-04-09 11:30:00',1),(12,'2018-04-09 12:00:00',1),(12,'2018-04-09 12:30:00',1),(12,'2018-04-09 13:00:00',1),(12,'2018-04-09 13:30:00',1),(12,'2018-04-09 14:00:00',1),(12,'2018-04-09 16:30:00',1),(12,'2018-04-09 17:00:00',1),(12,'2018-04-09 17:30:00',1),(12,'2018-04-09 18:00:00',1),(12,'2018-04-09 18:30:00',1),(12,'2018-04-09 19:00:00',1),(12,'2018-04-11 08:30:00',1),(12,'2018-04-11 09:00:00',1),(12,'2018-04-11 09:30:00',1),(12,'2018-04-11 10:00:00',1),(12,'2018-04-11 10:30:00',1),(12,'2018-04-11 11:00:00',1),(12,'2018-04-11 11:30:00',1),(12,'2018-04-11 12:00:00',1),(12,'2018-04-11 12:30:00',1),(12,'2018-04-11 13:00:00',1),(12,'2018-04-11 13:30:00',1),(12,'2018-04-11 14:00:00',1),(12,'2018-04-11 16:30:00',1),(12,'2018-04-11 17:00:00',1),(12,'2018-04-11 17:30:00',1),(12,'2018-04-11 18:00:00',1),(12,'2018-04-11 18:30:00',1),(12,'2018-04-11 19:00:00',1),(12,'2018-04-13 08:30:00',1),(12,'2018-04-13 09:00:00',1),(12,'2018-04-13 09:30:00',1),(12,'2018-04-13 10:00:00',1),(12,'2018-04-13 10:30:00',1),(12,'2018-04-13 11:00:00',1),(12,'2018-04-13 11:30:00',1),(12,'2018-04-13 12:00:00',1),(12,'2018-04-13 12:30:00',1),(12,'2018-04-13 13:00:00',1),(12,'2018-04-13 13:30:00',1),(12,'2018-04-13 14:00:00',1),(12,'2018-04-13 16:30:00',1),(12,'2018-04-13 17:00:00',1),(12,'2018-04-13 17:30:00',1),(12,'2018-04-13 18:00:00',1),(12,'2018-04-13 18:30:00',1),(12,'2018-04-13 19:00:00',1),(12,'2018-04-16 08:30:00',1),(12,'2018-04-16 09:00:00',1),(12,'2018-04-16 09:30:00',1),(12,'2018-04-16 10:00:00',1),(12,'2018-04-16 10:30:00',1),(12,'2018-04-16 11:00:00',1),(12,'2018-04-16 11:30:00',1),(12,'2018-04-16 12:00:00',1),(12,'2018-04-16 12:30:00',1),(12,'2018-04-16 13:00:00',1),(12,'2018-04-16 13:30:00',1),(12,'2018-04-16 14:00:00',1),(12,'2018-04-16 16:30:00',1),(12,'2018-04-16 17:00:00',1),(12,'2018-04-16 17:30:00',1),(12,'2018-04-16 18:00:00',1),(12,'2018-04-16 18:30:00',1),(12,'2018-04-16 19:00:00',1),(12,'2018-04-18 08:30:00',1),(12,'2018-04-18 09:00:00',1),(12,'2018-04-18 09:30:00',1),(12,'2018-04-18 10:00:00',1),(12,'2018-04-18 10:30:00',1),(12,'2018-04-18 11:00:00',1),(12,'2018-04-18 11:30:00',1),(12,'2018-04-18 12:00:00',1),(12,'2018-04-18 12:30:00',1),(12,'2018-04-18 13:00:00',1),(12,'2018-04-18 13:30:00',1),(12,'2018-04-18 14:00:00',1),(12,'2018-04-18 16:30:00',1),(12,'2018-04-18 17:00:00',1),(12,'2018-04-18 17:30:00',1),(12,'2018-04-18 18:00:00',1),(12,'2018-04-18 18:30:00',1),(12,'2018-04-18 19:00:00',1),(12,'2018-04-20 08:30:00',1),(12,'2018-04-20 09:00:00',1),(12,'2018-04-20 09:30:00',1),(12,'2018-04-20 10:00:00',1),(12,'2018-04-20 10:30:00',1),(12,'2018-04-20 11:00:00',1),(12,'2018-04-20 11:30:00',1),(12,'2018-04-20 12:00:00',1),(12,'2018-04-20 12:30:00',1),(12,'2018-04-20 13:00:00',1),(12,'2018-04-20 13:30:00',1),(12,'2018-04-20 14:00:00',1),(12,'2018-04-20 16:30:00',1),(12,'2018-04-20 17:00:00',1),(12,'2018-04-20 17:30:00',1),(12,'2018-04-20 18:00:00',1),(12,'2018-04-20 18:30:00',1),(12,'2018-04-20 19:00:00',1),(12,'2018-04-23 08:30:00',1),(12,'2018-04-23 09:00:00',1),(12,'2018-04-23 09:30:00',1),(12,'2018-04-23 10:00:00',1),(12,'2018-04-23 10:30:00',1),(12,'2018-04-23 11:00:00',1),(12,'2018-04-23 11:30:00',1),(12,'2018-04-23 12:00:00',1),(12,'2018-04-23 12:30:00',1),(12,'2018-04-23 13:00:00',1),(12,'2018-04-23 13:30:00',1),(12,'2018-04-23 14:00:00',1),(12,'2018-04-23 16:30:00',1),(12,'2018-04-23 17:00:00',1),(12,'2018-04-23 17:30:00',1),(12,'2018-04-23 18:00:00',1),(12,'2018-04-23 18:30:00',1),(12,'2018-04-23 19:00:00',1),(12,'2018-04-25 08:30:00',1),(12,'2018-04-25 09:00:00',1),(12,'2018-04-25 09:30:00',1),(12,'2018-04-25 10:00:00',1),(12,'2018-04-25 10:30:00',1),(12,'2018-04-25 11:00:00',1),(12,'2018-04-25 11:30:00',1),(12,'2018-04-25 12:00:00',1),(12,'2018-04-25 12:30:00',1),(12,'2018-04-25 13:00:00',1),(12,'2018-04-25 13:30:00',1),(12,'2018-04-25 14:00:00',1),(12,'2018-04-25 16:30:00',1),(12,'2018-04-25 17:00:00',1),(12,'2018-04-25 17:30:00',1),(12,'2018-04-25 18:00:00',1),(12,'2018-04-25 18:30:00',1),(12,'2018-04-25 19:00:00',1),(12,'2018-04-27 08:30:00',1),(12,'2018-04-27 09:00:00',1),(12,'2018-04-27 09:30:00',1),(12,'2018-04-27 10:00:00',1),(12,'2018-04-27 10:30:00',1),(12,'2018-04-27 11:00:00',1),(12,'2018-04-27 11:30:00',1),(12,'2018-04-27 12:00:00',1),(12,'2018-04-27 12:30:00',1),(12,'2018-04-27 13:00:00',1),(12,'2018-04-27 13:30:00',1),(12,'2018-04-27 14:00:00',1),(12,'2018-04-27 16:30:00',1),(12,'2018-04-27 17:00:00',1),(12,'2018-04-27 17:30:00',1),(12,'2018-04-27 18:00:00',1),(12,'2018-04-27 18:30:00',1),(12,'2018-04-27 19:00:00',1),(12,'2018-04-30 08:30:00',1),(12,'2018-04-30 09:00:00',1),(12,'2018-04-30 09:30:00',1),(12,'2018-04-30 10:00:00',1),(12,'2018-04-30 10:30:00',1),(12,'2018-04-30 11:00:00',1),(12,'2018-04-30 11:30:00',1),(12,'2018-04-30 12:00:00',1),(12,'2018-04-30 12:30:00',1),(12,'2018-04-30 13:00:00',1),(12,'2018-04-30 13:30:00',1),(12,'2018-04-30 14:00:00',1),(12,'2018-04-30 16:30:00',1),(12,'2018-04-30 17:00:00',1),(12,'2018-04-30 17:30:00',1),(12,'2018-04-30 18:00:00',1),(12,'2018-04-30 18:30:00',1),(12,'2018-04-30 19:00:00',1),(12,'2018-05-02 08:30:00',1),(12,'2018-05-02 09:00:00',1),(12,'2018-05-02 09:30:00',1),(12,'2018-05-02 10:00:00',1),(12,'2018-05-02 10:30:00',1),(12,'2018-05-02 11:00:00',1),(12,'2018-05-02 11:30:00',1),(12,'2018-05-02 12:00:00',1),(12,'2018-05-02 12:30:00',1),(12,'2018-05-02 13:00:00',1),(12,'2018-05-02 13:30:00',1),(12,'2018-05-02 14:00:00',1),(12,'2018-05-02 16:30:00',1),(12,'2018-05-02 17:00:00',1),(12,'2018-05-02 17:30:00',1),(12,'2018-05-02 18:00:00',1),(12,'2018-05-02 18:30:00',1),(12,'2018-05-02 19:00:00',1),(12,'2018-05-04 08:30:00',1),(12,'2018-05-04 09:00:00',1),(12,'2018-05-04 09:30:00',1),(12,'2018-05-04 10:00:00',1),(12,'2018-05-04 10:30:00',1),(12,'2018-05-04 11:00:00',1),(12,'2018-05-04 11:30:00',1),(12,'2018-05-04 12:00:00',1),(12,'2018-05-04 12:30:00',1),(12,'2018-05-04 13:00:00',1),(12,'2018-05-04 13:30:00',1),(12,'2018-05-04 14:00:00',1),(12,'2018-05-04 16:30:00',1),(12,'2018-05-04 17:00:00',1),(12,'2018-05-04 17:30:00',1),(12,'2018-05-04 18:00:00',1),(12,'2018-05-04 18:30:00',1),(12,'2018-05-04 19:00:00',1),(12,'2018-05-07 08:30:00',1),(12,'2018-05-07 09:00:00',1),(12,'2018-05-07 09:30:00',1),(12,'2018-05-07 10:00:00',1),(12,'2018-05-07 10:30:00',1),(12,'2018-05-07 11:00:00',1),(12,'2018-05-07 11:30:00',1),(12,'2018-05-07 12:00:00',1),(12,'2018-05-07 12:30:00',1),(12,'2018-05-07 13:00:00',1),(12,'2018-05-07 13:30:00',1),(12,'2018-05-07 14:00:00',1),(12,'2018-05-07 16:30:00',1),(12,'2018-05-07 17:00:00',1),(12,'2018-05-07 17:30:00',1),(12,'2018-05-07 18:00:00',1),(12,'2018-05-07 18:30:00',1),(12,'2018-05-07 19:00:00',1),(12,'2018-05-09 08:30:00',1),(12,'2018-05-09 09:00:00',1),(12,'2018-05-09 09:30:00',1),(12,'2018-05-09 10:00:00',1),(12,'2018-05-09 10:30:00',1),(12,'2018-05-09 11:00:00',1),(12,'2018-05-09 11:30:00',1),(12,'2018-05-09 12:00:00',1),(12,'2018-05-09 12:30:00',1),(12,'2018-05-09 13:00:00',1),(12,'2018-05-09 13:30:00',1),(12,'2018-05-09 14:00:00',1),(12,'2018-05-09 16:30:00',1),(12,'2018-05-09 17:00:00',1),(12,'2018-05-09 17:30:00',1),(12,'2018-05-09 18:00:00',1),(12,'2018-05-09 18:30:00',1),(12,'2018-05-09 19:00:00',1),(12,'2018-05-11 08:30:00',1),(12,'2018-05-11 09:00:00',1),(12,'2018-05-11 09:30:00',1),(12,'2018-05-11 10:00:00',1),(12,'2018-05-11 10:30:00',1),(12,'2018-05-11 11:00:00',1),(12,'2018-05-11 11:30:00',1),(12,'2018-05-11 12:00:00',1),(12,'2018-05-11 12:30:00',1),(12,'2018-05-11 13:00:00',1),(12,'2018-05-11 13:30:00',1),(12,'2018-05-11 14:00:00',1),(12,'2018-05-11 16:30:00',1),(12,'2018-05-11 17:00:00',1),(12,'2018-05-11 17:30:00',1),(12,'2018-05-11 18:00:00',1),(12,'2018-05-11 18:30:00',1),(12,'2018-05-11 19:00:00',1),(12,'2018-05-14 08:30:00',1),(12,'2018-05-14 09:00:00',1),(12,'2018-05-14 09:30:00',1),(12,'2018-05-14 10:00:00',1),(12,'2018-05-14 10:30:00',1),(12,'2018-05-14 11:00:00',1),(12,'2018-05-14 11:30:00',1),(12,'2018-05-14 12:00:00',1),(12,'2018-05-14 12:30:00',1),(12,'2018-05-14 13:00:00',1),(12,'2018-05-14 13:30:00',1),(12,'2018-05-14 14:00:00',1),(12,'2018-05-14 16:30:00',1),(12,'2018-05-14 17:00:00',1),(12,'2018-05-14 17:30:00',1),(12,'2018-05-14 18:00:00',1),(12,'2018-05-14 18:30:00',1),(12,'2018-05-14 19:00:00',1),(12,'2018-05-16 08:30:00',1),(12,'2018-05-16 09:00:00',1),(12,'2018-05-16 09:30:00',1),(12,'2018-05-16 10:00:00',1),(12,'2018-05-16 10:30:00',1),(12,'2018-05-16 11:00:00',1),(12,'2018-05-16 11:30:00',1),(12,'2018-05-16 12:00:00',1),(12,'2018-05-16 12:30:00',1),(12,'2018-05-16 13:00:00',1),(12,'2018-05-16 13:30:00',1),(12,'2018-05-16 14:00:00',1),(12,'2018-05-16 16:30:00',1),(12,'2018-05-16 17:00:00',1),(12,'2018-05-16 17:30:00',1),(12,'2018-05-16 18:00:00',1),(12,'2018-05-16 18:30:00',1),(12,'2018-05-16 19:00:00',1),(12,'2018-05-18 08:30:00',1),(12,'2018-05-18 09:00:00',1),(12,'2018-05-18 09:30:00',1),(12,'2018-05-18 10:00:00',1),(12,'2018-05-18 10:30:00',1),(12,'2018-05-18 11:00:00',1),(12,'2018-05-18 11:30:00',1),(12,'2018-05-18 12:00:00',1),(12,'2018-05-18 12:30:00',1),(12,'2018-05-18 13:00:00',1),(12,'2018-05-18 13:30:00',1),(12,'2018-05-18 14:00:00',1),(12,'2018-05-18 16:30:00',1),(12,'2018-05-18 17:00:00',1),(12,'2018-05-18 17:30:00',1),(12,'2018-05-18 18:00:00',1),(12,'2018-05-18 18:30:00',1),(12,'2018-05-18 19:00:00',1),(12,'2018-05-21 08:30:00',1),(12,'2018-05-21 09:00:00',1),(12,'2018-05-21 09:30:00',1),(12,'2018-05-21 10:00:00',1),(12,'2018-05-21 10:30:00',1),(12,'2018-05-21 11:00:00',1),(12,'2018-05-21 11:30:00',1),(12,'2018-05-21 12:00:00',1),(12,'2018-05-21 12:30:00',1),(12,'2018-05-21 13:00:00',1),(12,'2018-05-21 13:30:00',1),(12,'2018-05-21 14:00:00',1),(12,'2018-05-21 16:30:00',1),(12,'2018-05-21 17:00:00',1),(12,'2018-05-21 17:30:00',1),(12,'2018-05-21 18:00:00',1),(12,'2018-05-21 18:30:00',1),(12,'2018-05-21 19:00:00',1),(12,'2018-05-23 08:30:00',1),(12,'2018-05-23 09:00:00',1),(12,'2018-05-23 09:30:00',1),(12,'2018-05-23 10:00:00',1),(12,'2018-05-23 10:30:00',1),(12,'2018-05-23 11:00:00',1),(12,'2018-05-23 11:30:00',1),(12,'2018-05-23 12:00:00',1),(12,'2018-05-23 12:30:00',1),(12,'2018-05-23 13:00:00',1),(12,'2018-05-23 13:30:00',1),(12,'2018-05-23 14:00:00',1),(12,'2018-05-23 16:30:00',1),(12,'2018-05-23 17:00:00',1),(12,'2018-05-23 17:30:00',1),(12,'2018-05-23 18:00:00',1),(12,'2018-05-23 18:30:00',1),(12,'2018-05-23 19:00:00',1),(12,'2018-05-25 08:30:00',1),(12,'2018-05-25 09:00:00',1),(12,'2018-05-25 09:30:00',1),(12,'2018-05-25 10:00:00',1),(12,'2018-05-25 10:30:00',1),(12,'2018-05-25 11:00:00',1),(12,'2018-05-25 11:30:00',1),(12,'2018-05-25 12:00:00',1),(12,'2018-05-25 12:30:00',1),(12,'2018-05-25 13:00:00',1),(12,'2018-05-25 13:30:00',1),(12,'2018-05-25 14:00:00',1),(12,'2018-05-25 16:30:00',1),(12,'2018-05-25 17:00:00',1),(12,'2018-05-25 17:30:00',1),(12,'2018-05-25 18:00:00',1),(12,'2018-05-25 18:30:00',1),(12,'2018-05-25 19:00:00',1),(12,'2018-05-28 08:30:00',1),(12,'2018-05-28 09:00:00',1),(12,'2018-05-28 09:30:00',1),(12,'2018-05-28 10:00:00',1),(12,'2018-05-28 10:30:00',1),(12,'2018-05-28 11:00:00',1),(12,'2018-05-28 11:30:00',1),(12,'2018-05-28 12:00:00',1),(12,'2018-05-28 12:30:00',1),(12,'2018-05-28 13:00:00',1),(12,'2018-05-28 13:30:00',1),(12,'2018-05-28 14:00:00',1),(12,'2018-05-28 16:30:00',1),(12,'2018-05-28 17:00:00',1),(12,'2018-05-28 17:30:00',1),(12,'2018-05-28 18:00:00',1),(12,'2018-05-28 18:30:00',1),(12,'2018-05-28 19:00:00',1),(12,'2018-05-30 08:30:00',1),(12,'2018-05-30 09:00:00',1),(12,'2018-05-30 09:30:00',1),(12,'2018-05-30 10:00:00',1),(12,'2018-05-30 10:30:00',1),(12,'2018-05-30 11:00:00',1),(12,'2018-05-30 11:30:00',1),(12,'2018-05-30 12:00:00',1),(12,'2018-05-30 12:30:00',1),(12,'2018-05-30 13:00:00',1),(12,'2018-05-30 13:30:00',1),(12,'2018-05-30 14:00:00',1),(12,'2018-05-30 16:30:00',1),(12,'2018-05-30 17:00:00',1),(12,'2018-05-30 17:30:00',1),(12,'2018-05-30 18:00:00',1),(12,'2018-05-30 18:30:00',1),(12,'2018-05-30 19:00:00',1),(12,'2018-06-01 08:30:00',1),(12,'2018-06-01 09:00:00',1),(12,'2018-06-01 09:30:00',1),(12,'2018-06-01 10:00:00',1),(12,'2018-06-01 10:30:00',1),(12,'2018-06-01 11:00:00',1),(12,'2018-06-01 11:30:00',1),(12,'2018-06-01 12:00:00',1),(12,'2018-06-01 12:30:00',1),(12,'2018-06-01 13:00:00',1),(12,'2018-06-01 13:30:00',1),(12,'2018-06-01 14:00:00',1),(12,'2018-06-01 16:30:00',1),(12,'2018-06-01 17:00:00',1),(12,'2018-06-01 17:30:00',1),(12,'2018-06-01 18:00:00',1),(12,'2018-06-01 18:30:00',1),(12,'2018-06-01 19:00:00',1),(12,'2018-06-04 08:30:00',1),(12,'2018-06-04 09:00:00',1),(12,'2018-06-04 09:30:00',1),(12,'2018-06-04 10:00:00',1),(12,'2018-06-04 10:30:00',1),(12,'2018-06-04 11:00:00',1),(12,'2018-06-04 11:30:00',1),(12,'2018-06-04 12:00:00',1),(12,'2018-06-04 12:30:00',1),(12,'2018-06-04 13:00:00',1),(12,'2018-06-04 13:30:00',1),(12,'2018-06-04 14:00:00',1),(12,'2018-06-04 16:30:00',1),(12,'2018-06-04 17:00:00',1),(12,'2018-06-04 17:30:00',1),(12,'2018-06-04 18:00:00',1),(12,'2018-06-04 18:30:00',1),(12,'2018-06-04 19:00:00',1),(12,'2018-06-06 08:30:00',1),(12,'2018-06-06 09:00:00',1),(12,'2018-06-06 09:30:00',1),(12,'2018-06-06 10:00:00',1),(12,'2018-06-06 10:30:00',1),(12,'2018-06-06 11:00:00',1),(12,'2018-06-06 11:30:00',1),(12,'2018-06-06 12:00:00',1),(12,'2018-06-06 12:30:00',1),(12,'2018-06-06 13:00:00',1),(12,'2018-06-06 13:30:00',1),(12,'2018-06-06 14:00:00',1),(12,'2018-06-06 16:30:00',1),(12,'2018-06-06 17:00:00',1),(12,'2018-06-06 17:30:00',1),(12,'2018-06-06 18:00:00',1),(12,'2018-06-06 18:30:00',1),(12,'2018-06-06 19:00:00',1),(12,'2018-06-08 08:30:00',1),(12,'2018-06-08 09:00:00',1),(12,'2018-06-08 09:30:00',1),(12,'2018-06-08 10:00:00',1),(12,'2018-06-08 10:30:00',1),(12,'2018-06-08 11:00:00',1),(12,'2018-06-08 11:30:00',1),(12,'2018-06-08 12:00:00',1),(12,'2018-06-08 12:30:00',1),(12,'2018-06-08 13:00:00',1),(12,'2018-06-08 13:30:00',1),(12,'2018-06-08 14:00:00',1),(12,'2018-06-08 16:30:00',1),(12,'2018-06-08 17:00:00',1),(12,'2018-06-08 17:30:00',1),(12,'2018-06-08 18:00:00',1),(12,'2018-06-08 18:30:00',1),(12,'2018-06-08 19:00:00',1),(12,'2018-06-11 08:30:00',1),(12,'2018-06-11 09:00:00',1),(12,'2018-06-11 09:30:00',1),(12,'2018-06-11 10:00:00',1),(12,'2018-06-11 10:30:00',1),(12,'2018-06-11 11:00:00',1),(12,'2018-06-11 11:30:00',1),(12,'2018-06-11 12:00:00',1),(12,'2018-06-11 12:30:00',1),(12,'2018-06-11 13:00:00',1),(12,'2018-06-11 13:30:00',1),(12,'2018-06-11 14:00:00',1),(12,'2018-06-11 16:30:00',1),(12,'2018-06-11 17:00:00',1),(12,'2018-06-11 17:30:00',1),(12,'2018-06-11 18:00:00',1),(12,'2018-06-11 18:30:00',1),(12,'2018-06-11 19:00:00',1),(12,'2018-06-13 08:30:00',1),(12,'2018-06-13 09:00:00',1),(12,'2018-06-13 09:30:00',1),(12,'2018-06-13 10:00:00',1),(12,'2018-06-13 10:30:00',1),(12,'2018-06-13 11:00:00',1),(12,'2018-06-13 11:30:00',1),(12,'2018-06-13 12:00:00',1),(12,'2018-06-13 12:30:00',1),(12,'2018-06-13 13:00:00',1),(12,'2018-06-13 13:30:00',1),(12,'2018-06-13 14:00:00',1),(12,'2018-06-13 16:30:00',1),(12,'2018-06-13 17:00:00',1),(12,'2018-06-13 17:30:00',1),(12,'2018-06-13 18:00:00',1),(12,'2018-06-13 18:30:00',1),(12,'2018-06-13 19:00:00',1),(12,'2018-06-15 08:30:00',1),(12,'2018-06-15 09:00:00',1),(12,'2018-06-15 09:30:00',1),(12,'2018-06-15 10:00:00',1),(12,'2018-06-15 10:30:00',1),(12,'2018-06-15 11:00:00',1),(12,'2018-06-15 11:30:00',1),(12,'2018-06-15 12:00:00',1),(12,'2018-06-15 12:30:00',1),(12,'2018-06-15 13:00:00',1),(12,'2018-06-15 13:30:00',1),(12,'2018-06-15 14:00:00',1),(12,'2018-06-15 16:30:00',1),(12,'2018-06-15 17:00:00',1),(12,'2018-06-15 17:30:00',1),(12,'2018-06-15 18:00:00',1),(12,'2018-06-15 18:30:00',1),(12,'2018-06-15 19:00:00',1),(12,'2018-06-18 08:30:00',1),(12,'2018-06-18 09:00:00',1),(12,'2018-06-18 09:30:00',1),(12,'2018-06-18 10:00:00',1),(12,'2018-06-18 10:30:00',1),(12,'2018-06-18 11:00:00',1),(12,'2018-06-18 11:30:00',1),(12,'2018-06-18 12:00:00',1),(12,'2018-06-18 12:30:00',1),(12,'2018-06-18 13:00:00',1),(12,'2018-06-18 13:30:00',1),(12,'2018-06-18 14:00:00',1),(12,'2018-06-18 16:30:00',1),(12,'2018-06-18 17:00:00',1),(12,'2018-06-18 17:30:00',1),(12,'2018-06-18 18:00:00',1),(12,'2018-06-18 18:30:00',1),(12,'2018-06-18 19:00:00',1),(12,'2018-06-20 08:30:00',1),(12,'2018-06-20 09:00:00',1),(12,'2018-06-20 09:30:00',1),(12,'2018-06-20 10:00:00',1),(12,'2018-06-20 10:30:00',1),(12,'2018-06-20 11:00:00',1),(12,'2018-06-20 11:30:00',1),(12,'2018-06-20 12:00:00',1),(12,'2018-06-20 12:30:00',1),(12,'2018-06-20 13:00:00',1),(12,'2018-06-20 13:30:00',1),(12,'2018-06-20 14:00:00',1),(12,'2018-06-20 16:30:00',1),(12,'2018-06-20 17:00:00',1),(12,'2018-06-20 17:30:00',1),(12,'2018-06-20 18:00:00',1),(12,'2018-06-20 18:30:00',1),(12,'2018-06-20 19:00:00',1),(12,'2018-06-22 08:30:00',1),(12,'2018-06-22 09:00:00',1),(12,'2018-06-22 09:30:00',1),(12,'2018-06-22 10:00:00',1),(12,'2018-06-22 10:30:00',1),(12,'2018-06-22 11:00:00',1),(12,'2018-06-22 11:30:00',1),(12,'2018-06-22 12:00:00',1),(12,'2018-06-22 12:30:00',1),(12,'2018-06-22 13:00:00',1),(12,'2018-06-22 13:30:00',1),(12,'2018-06-22 14:00:00',1),(12,'2018-06-22 16:30:00',1),(12,'2018-06-22 17:00:00',1),(12,'2018-06-22 17:30:00',1),(12,'2018-06-22 18:00:00',1),(12,'2018-06-22 18:30:00',1),(12,'2018-06-22 19:00:00',1),(12,'2018-06-25 08:30:00',1),(12,'2018-06-25 09:00:00',1),(12,'2018-06-25 09:30:00',1),(12,'2018-06-25 10:00:00',1),(12,'2018-06-25 10:30:00',1),(12,'2018-06-25 11:00:00',1),(12,'2018-06-25 11:30:00',1),(12,'2018-06-25 12:00:00',1),(12,'2018-06-25 12:30:00',1),(12,'2018-06-25 13:00:00',1),(12,'2018-06-25 13:30:00',1),(12,'2018-06-25 14:00:00',1),(12,'2018-06-25 16:30:00',1),(12,'2018-06-25 17:00:00',1),(12,'2018-06-25 17:30:00',1),(12,'2018-06-25 18:00:00',1),(12,'2018-06-25 18:30:00',1),(12,'2018-06-25 19:00:00',1),(12,'2018-06-27 08:30:00',1),(12,'2018-06-27 09:00:00',1),(12,'2018-06-27 09:30:00',1),(12,'2018-06-27 10:00:00',1),(12,'2018-06-27 10:30:00',1),(12,'2018-06-27 11:00:00',1),(12,'2018-06-27 11:30:00',1),(12,'2018-06-27 12:00:00',1),(12,'2018-06-27 12:30:00',1),(12,'2018-06-27 13:00:00',1),(12,'2018-06-27 13:30:00',1),(12,'2018-06-27 14:00:00',1),(12,'2018-06-27 16:30:00',1),(12,'2018-06-27 17:00:00',1),(12,'2018-06-27 17:30:00',1),(12,'2018-06-27 18:00:00',1),(12,'2018-06-27 18:30:00',1),(12,'2018-06-27 19:00:00',1),(12,'2018-06-29 08:30:00',1),(12,'2018-06-29 09:00:00',1),(12,'2018-06-29 09:30:00',1),(12,'2018-06-29 10:00:00',1),(12,'2018-06-29 10:30:00',1),(12,'2018-06-29 11:00:00',1),(12,'2018-06-29 11:30:00',1),(12,'2018-06-29 12:00:00',1),(12,'2018-06-29 12:30:00',1),(12,'2018-06-29 13:00:00',1),(12,'2018-06-29 13:30:00',1),(12,'2018-06-29 14:00:00',1),(12,'2018-06-29 16:30:00',1),(12,'2018-06-29 17:00:00',1),(12,'2018-06-29 17:30:00',1),(12,'2018-06-29 18:00:00',1),(12,'2018-06-29 18:30:00',1),(12,'2018-06-29 19:00:00',1),(12,'2018-07-02 08:30:00',1),(12,'2018-07-02 09:00:00',1),(12,'2018-07-02 09:30:00',1),(12,'2018-07-02 10:00:00',1),(12,'2018-07-02 10:30:00',1),(12,'2018-07-02 11:00:00',1),(12,'2018-07-02 11:30:00',1),(12,'2018-07-02 12:00:00',1),(12,'2018-07-02 12:30:00',1),(12,'2018-07-02 13:00:00',1),(12,'2018-07-02 13:30:00',1),(12,'2018-07-02 14:00:00',1),(12,'2018-07-02 16:30:00',1),(12,'2018-07-02 17:00:00',1),(12,'2018-07-02 17:30:00',1),(12,'2018-07-02 18:00:00',1),(12,'2018-07-02 18:30:00',1),(12,'2018-07-02 19:00:00',1),(12,'2018-07-04 08:30:00',1),(12,'2018-07-04 09:00:00',1),(12,'2018-07-04 09:30:00',1),(12,'2018-07-04 10:00:00',1),(12,'2018-07-04 10:30:00',1),(12,'2018-07-04 11:00:00',1),(12,'2018-07-04 11:30:00',1),(12,'2018-07-04 12:00:00',1),(12,'2018-07-04 12:30:00',1),(12,'2018-07-04 13:00:00',1),(12,'2018-07-04 13:30:00',1),(12,'2018-07-04 14:00:00',1),(12,'2018-07-04 16:30:00',1),(12,'2018-07-04 17:00:00',1),(12,'2018-07-04 17:30:00',1),(12,'2018-07-04 18:00:00',1),(12,'2018-07-04 18:30:00',1),(12,'2018-07-04 19:00:00',1),(12,'2018-07-06 08:30:00',1),(12,'2018-07-06 09:00:00',1),(12,'2018-07-06 09:30:00',1),(12,'2018-07-06 10:00:00',1),(12,'2018-07-06 10:30:00',1),(12,'2018-07-06 11:00:00',1),(12,'2018-07-06 11:30:00',1),(12,'2018-07-06 12:00:00',1),(12,'2018-07-06 12:30:00',1),(12,'2018-07-06 13:00:00',1),(12,'2018-07-06 13:30:00',1),(12,'2018-07-06 14:00:00',1),(12,'2018-07-06 16:30:00',1),(12,'2018-07-06 17:00:00',1),(12,'2018-07-06 17:30:00',1),(12,'2018-07-06 18:00:00',1),(12,'2018-07-06 18:30:00',1),(12,'2018-07-06 19:00:00',1),(12,'2018-07-09 08:30:00',1),(12,'2018-07-09 09:00:00',1),(12,'2018-07-09 09:30:00',1),(12,'2018-07-09 10:00:00',1),(12,'2018-07-09 10:30:00',1),(12,'2018-07-09 11:00:00',1),(12,'2018-07-09 11:30:00',1),(12,'2018-07-09 12:00:00',1),(12,'2018-07-09 12:30:00',1),(12,'2018-07-09 13:00:00',1),(12,'2018-07-09 13:30:00',1),(12,'2018-07-09 14:00:00',1),(12,'2018-07-09 16:30:00',1),(12,'2018-07-09 17:00:00',1),(12,'2018-07-09 17:30:00',1),(12,'2018-07-09 18:00:00',1),(12,'2018-07-09 18:30:00',1),(12,'2018-07-09 19:00:00',1),(12,'2018-07-11 08:30:00',1),(12,'2018-07-11 09:00:00',1),(12,'2018-07-11 09:30:00',1),(12,'2018-07-11 10:00:00',1),(12,'2018-07-11 10:30:00',1),(12,'2018-07-11 11:00:00',1),(12,'2018-07-11 11:30:00',1),(12,'2018-07-11 12:00:00',1),(12,'2018-07-11 12:30:00',1),(12,'2018-07-11 13:00:00',1),(12,'2018-07-11 13:30:00',1),(12,'2018-07-11 14:00:00',1),(12,'2018-07-11 16:30:00',1),(12,'2018-07-11 17:00:00',1),(12,'2018-07-11 17:30:00',1),(12,'2018-07-11 18:00:00',1),(12,'2018-07-11 18:30:00',1),(12,'2018-07-11 19:00:00',1),(12,'2018-07-13 08:30:00',1),(12,'2018-07-13 09:00:00',1),(12,'2018-07-13 09:30:00',1),(12,'2018-07-13 10:00:00',1),(12,'2018-07-13 10:30:00',1),(12,'2018-07-13 11:00:00',1),(12,'2018-07-13 11:30:00',1),(12,'2018-07-13 12:00:00',1),(12,'2018-07-13 12:30:00',1),(12,'2018-07-13 13:00:00',1),(12,'2018-07-13 13:30:00',1),(12,'2018-07-13 14:00:00',1),(12,'2018-07-13 16:30:00',1),(12,'2018-07-13 17:00:00',1),(12,'2018-07-13 17:30:00',1),(12,'2018-07-13 18:00:00',1),(12,'2018-07-13 18:30:00',1),(12,'2018-07-13 19:00:00',1),(12,'2018-07-16 08:30:00',1),(12,'2018-07-16 09:00:00',1),(12,'2018-07-16 09:30:00',1),(12,'2018-07-16 10:00:00',1),(12,'2018-07-16 10:30:00',1),(12,'2018-07-16 11:00:00',1),(12,'2018-07-16 11:30:00',1),(12,'2018-07-16 12:00:00',1),(12,'2018-07-16 12:30:00',1),(12,'2018-07-16 13:00:00',1),(12,'2018-07-16 13:30:00',1),(12,'2018-07-16 14:00:00',1),(12,'2018-07-16 16:30:00',1),(12,'2018-07-16 17:00:00',1),(12,'2018-07-16 17:30:00',1),(12,'2018-07-16 18:00:00',1),(12,'2018-07-16 18:30:00',1),(12,'2018-07-16 19:00:00',1),(12,'2018-07-18 08:30:00',1),(12,'2018-07-18 09:00:00',1),(12,'2018-07-18 09:30:00',1),(12,'2018-07-18 10:00:00',1),(12,'2018-07-18 10:30:00',1),(12,'2018-07-18 11:00:00',1),(12,'2018-07-18 11:30:00',1),(12,'2018-07-18 12:00:00',1),(12,'2018-07-18 12:30:00',1),(12,'2018-07-18 13:00:00',1),(12,'2018-07-18 13:30:00',1),(12,'2018-07-18 14:00:00',1),(12,'2018-07-18 16:30:00',1),(12,'2018-07-18 17:00:00',1),(12,'2018-07-18 17:30:00',1),(12,'2018-07-18 18:00:00',1),(12,'2018-07-18 18:30:00',1),(12,'2018-07-18 19:00:00',1),(12,'2018-07-20 08:30:00',1),(12,'2018-07-20 09:00:00',1),(12,'2018-07-20 09:30:00',1),(12,'2018-07-20 10:00:00',1),(12,'2018-07-20 10:30:00',1),(12,'2018-07-20 11:00:00',1),(12,'2018-07-20 11:30:00',1),(12,'2018-07-20 12:00:00',1),(12,'2018-07-20 12:30:00',1),(12,'2018-07-20 13:00:00',1),(12,'2018-07-20 13:30:00',1),(12,'2018-07-20 14:00:00',1),(12,'2018-07-20 16:30:00',1),(12,'2018-07-20 17:00:00',1),(12,'2018-07-20 17:30:00',1),(12,'2018-07-20 18:00:00',1),(12,'2018-07-20 18:30:00',1),(12,'2018-07-20 19:00:00',1),(12,'2018-07-23 08:30:00',1),(12,'2018-07-23 09:00:00',1),(12,'2018-07-23 09:30:00',1),(12,'2018-07-23 10:00:00',1),(12,'2018-07-23 10:30:00',1),(12,'2018-07-23 11:00:00',1),(12,'2018-07-23 11:30:00',1),(12,'2018-07-23 12:00:00',1),(12,'2018-07-23 12:30:00',1),(12,'2018-07-23 13:00:00',1),(12,'2018-07-23 13:30:00',1),(12,'2018-07-23 14:00:00',1),(12,'2018-07-23 16:30:00',1),(12,'2018-07-23 17:00:00',1),(12,'2018-07-23 17:30:00',1),(12,'2018-07-23 18:00:00',1),(12,'2018-07-23 18:30:00',1),(12,'2018-07-23 19:00:00',1),(12,'2018-07-25 08:30:00',1),(12,'2018-07-25 09:00:00',1),(12,'2018-07-25 09:30:00',1),(12,'2018-07-25 10:00:00',1),(12,'2018-07-25 10:30:00',1),(12,'2018-07-25 11:00:00',1),(12,'2018-07-25 11:30:00',1),(12,'2018-07-25 12:00:00',1),(12,'2018-07-25 12:30:00',1),(12,'2018-07-25 13:00:00',1),(12,'2018-07-25 13:30:00',1),(12,'2018-07-25 14:00:00',1),(12,'2018-07-25 16:30:00',1),(12,'2018-07-25 17:00:00',1),(12,'2018-07-25 17:30:00',1),(12,'2018-07-25 18:00:00',1),(12,'2018-07-25 18:30:00',1),(12,'2018-07-25 19:00:00',1),(12,'2018-07-27 08:30:00',1),(12,'2018-07-27 09:00:00',1),(12,'2018-07-27 09:30:00',1),(12,'2018-07-27 10:00:00',1),(12,'2018-07-27 10:30:00',1),(12,'2018-07-27 11:00:00',1),(12,'2018-07-27 11:30:00',1),(12,'2018-07-27 12:00:00',1),(12,'2018-07-27 12:30:00',1),(12,'2018-07-27 13:00:00',1),(12,'2018-07-27 13:30:00',1),(12,'2018-07-27 14:00:00',1),(12,'2018-07-27 16:30:00',1),(12,'2018-07-27 17:00:00',1),(12,'2018-07-27 17:30:00',1),(12,'2018-07-27 18:00:00',1),(12,'2018-07-27 18:30:00',1),(12,'2018-07-27 19:00:00',1),(12,'2018-07-30 08:30:00',1),(12,'2018-07-30 09:00:00',1),(12,'2018-07-30 09:30:00',1),(12,'2018-07-30 10:00:00',1),(12,'2018-07-30 10:30:00',1),(12,'2018-07-30 11:00:00',1),(12,'2018-07-30 11:30:00',1),(12,'2018-07-30 12:00:00',1),(12,'2018-07-30 12:30:00',1),(12,'2018-07-30 13:00:00',1),(12,'2018-07-30 13:30:00',1),(12,'2018-07-30 14:00:00',1),(12,'2018-07-30 16:30:00',1),(12,'2018-07-30 17:00:00',1),(12,'2018-07-30 17:30:00',1),(12,'2018-07-30 18:00:00',1),(12,'2018-07-30 18:30:00',1),(12,'2018-07-30 19:00:00',1),(12,'2018-08-01 08:30:00',1),(12,'2018-08-01 09:00:00',1),(12,'2018-08-01 09:30:00',1),(12,'2018-08-01 10:00:00',1),(12,'2018-08-01 10:30:00',1),(12,'2018-08-01 11:00:00',1),(12,'2018-08-01 11:30:00',1),(12,'2018-08-01 12:00:00',1),(12,'2018-08-01 12:30:00',1),(12,'2018-08-01 13:00:00',1),(12,'2018-08-01 13:30:00',1),(12,'2018-08-01 14:00:00',1),(12,'2018-08-01 16:30:00',1),(12,'2018-08-01 17:00:00',1),(12,'2018-08-01 17:30:00',1),(12,'2018-08-01 18:00:00',1),(12,'2018-08-01 18:30:00',1),(12,'2018-08-01 19:00:00',1),(12,'2018-08-03 08:30:00',1),(12,'2018-08-03 09:00:00',1),(12,'2018-08-03 09:30:00',1),(12,'2018-08-03 10:00:00',1),(12,'2018-08-03 10:30:00',1),(12,'2018-08-03 11:00:00',1),(12,'2018-08-03 11:30:00',1),(12,'2018-08-03 12:00:00',1),(12,'2018-08-03 12:30:00',1),(12,'2018-08-03 13:00:00',1),(12,'2018-08-03 13:30:00',1),(12,'2018-08-03 14:00:00',1),(12,'2018-08-03 16:30:00',1),(12,'2018-08-03 17:00:00',1),(12,'2018-08-03 17:30:00',1),(12,'2018-08-03 18:00:00',1),(12,'2018-08-03 18:30:00',1),(12,'2018-08-03 19:00:00',1),(12,'2018-08-06 08:30:00',1),(12,'2018-08-06 09:00:00',1),(12,'2018-08-06 09:30:00',1),(12,'2018-08-06 10:00:00',1),(12,'2018-08-06 10:30:00',1),(12,'2018-08-06 11:00:00',1),(12,'2018-08-06 11:30:00',1),(12,'2018-08-06 12:00:00',1),(12,'2018-08-06 12:30:00',1),(12,'2018-08-06 13:00:00',1),(12,'2018-08-06 13:30:00',1),(12,'2018-08-06 14:00:00',1),(12,'2018-08-06 16:30:00',1),(12,'2018-08-06 17:00:00',1),(12,'2018-08-06 17:30:00',1),(12,'2018-08-06 18:00:00',1),(12,'2018-08-06 18:30:00',1),(12,'2018-08-06 19:00:00',1),(12,'2018-08-08 08:30:00',1),(12,'2018-08-08 09:00:00',1),(12,'2018-08-08 09:30:00',1),(12,'2018-08-08 10:00:00',1),(12,'2018-08-08 10:30:00',1),(12,'2018-08-08 11:00:00',1),(12,'2018-08-08 11:30:00',1),(12,'2018-08-08 12:00:00',1),(12,'2018-08-08 12:30:00',1),(12,'2018-08-08 13:00:00',1),(12,'2018-08-08 13:30:00',1),(12,'2018-08-08 14:00:00',1),(12,'2018-08-08 16:30:00',1),(12,'2018-08-08 17:00:00',1),(12,'2018-08-08 17:30:00',1),(12,'2018-08-08 18:00:00',1),(12,'2018-08-08 18:30:00',1),(12,'2018-08-08 19:00:00',1),(12,'2018-08-10 08:30:00',1),(12,'2018-08-10 09:00:00',1),(12,'2018-08-10 09:30:00',1),(12,'2018-08-10 10:00:00',1),(12,'2018-08-10 10:30:00',1),(12,'2018-08-10 11:00:00',1),(12,'2018-08-10 11:30:00',1),(12,'2018-08-10 12:00:00',1),(12,'2018-08-10 12:30:00',1),(12,'2018-08-10 13:00:00',1),(12,'2018-08-10 13:30:00',1),(12,'2018-08-10 14:00:00',1),(12,'2018-08-10 16:30:00',1),(12,'2018-08-10 17:00:00',1),(12,'2018-08-10 17:30:00',1),(12,'2018-08-10 18:00:00',1),(12,'2018-08-10 18:30:00',1),(12,'2018-08-10 19:00:00',1),(12,'2018-08-13 08:30:00',1),(12,'2018-08-13 09:00:00',1),(12,'2018-08-13 09:30:00',1),(12,'2018-08-13 10:00:00',1),(12,'2018-08-13 10:30:00',1),(12,'2018-08-13 11:00:00',1),(12,'2018-08-13 11:30:00',1),(12,'2018-08-13 12:00:00',1),(12,'2018-08-13 12:30:00',1),(12,'2018-08-13 13:00:00',1),(12,'2018-08-13 13:30:00',1),(12,'2018-08-13 14:00:00',1),(12,'2018-08-13 16:30:00',1),(12,'2018-08-13 17:00:00',1),(12,'2018-08-13 17:30:00',1),(12,'2018-08-13 18:00:00',1),(12,'2018-08-13 18:30:00',1),(12,'2018-08-13 19:00:00',1),(12,'2018-08-15 08:30:00',1),(12,'2018-08-15 09:00:00',1),(12,'2018-08-15 09:30:00',1),(12,'2018-08-15 10:00:00',1),(12,'2018-08-15 10:30:00',1),(12,'2018-08-15 11:00:00',1),(12,'2018-08-15 11:30:00',1),(12,'2018-08-15 12:00:00',1),(12,'2018-08-15 12:30:00',1),(12,'2018-08-15 13:00:00',1),(12,'2018-08-15 13:30:00',1),(12,'2018-08-15 14:00:00',1),(12,'2018-08-15 16:30:00',1),(12,'2018-08-15 17:00:00',1),(12,'2018-08-15 17:30:00',1),(12,'2018-08-15 18:00:00',1),(12,'2018-08-15 18:30:00',1),(12,'2018-08-15 19:00:00',1),(12,'2018-08-17 08:30:00',1),(12,'2018-08-17 09:00:00',1),(12,'2018-08-17 09:30:00',1),(12,'2018-08-17 10:00:00',1),(12,'2018-08-17 10:30:00',1),(12,'2018-08-17 11:00:00',1),(12,'2018-08-17 11:30:00',1),(12,'2018-08-17 12:00:00',1),(12,'2018-08-17 12:30:00',1),(12,'2018-08-17 13:00:00',1),(12,'2018-08-17 13:30:00',1),(12,'2018-08-17 14:00:00',1),(12,'2018-08-17 16:30:00',1),(12,'2018-08-17 17:00:00',1),(12,'2018-08-17 17:30:00',1),(12,'2018-08-17 18:00:00',1),(12,'2018-08-17 18:30:00',1),(12,'2018-08-17 19:00:00',1),(12,'2018-08-20 08:30:00',1),(12,'2018-08-20 09:00:00',1),(12,'2018-08-20 09:30:00',1),(12,'2018-08-20 10:00:00',1),(12,'2018-08-20 10:30:00',1),(12,'2018-08-20 11:00:00',1),(12,'2018-08-20 11:30:00',1),(12,'2018-08-20 12:00:00',1),(12,'2018-08-20 12:30:00',1),(12,'2018-08-20 13:00:00',1),(12,'2018-08-20 13:30:00',1),(12,'2018-08-20 14:00:00',1),(12,'2018-08-20 16:30:00',1),(12,'2018-08-20 17:00:00',1),(12,'2018-08-20 17:30:00',1),(12,'2018-08-20 18:00:00',1),(12,'2018-08-20 18:30:00',1),(12,'2018-08-20 19:00:00',1),(12,'2018-08-22 08:30:00',1),(12,'2018-08-22 09:00:00',1),(12,'2018-08-22 09:30:00',1),(12,'2018-08-22 10:00:00',1),(12,'2018-08-22 10:30:00',1),(12,'2018-08-22 11:00:00',1),(12,'2018-08-22 11:30:00',1),(12,'2018-08-22 12:00:00',1),(12,'2018-08-22 12:30:00',1),(12,'2018-08-22 13:00:00',1),(12,'2018-08-22 13:30:00',1),(12,'2018-08-22 14:00:00',1),(12,'2018-08-22 16:30:00',1),(12,'2018-08-22 17:00:00',1),(12,'2018-08-22 17:30:00',1),(12,'2018-08-22 18:00:00',1),(12,'2018-08-22 18:30:00',1),(12,'2018-08-22 19:00:00',1),(12,'2018-08-24 08:30:00',1),(12,'2018-08-24 09:00:00',1),(12,'2018-08-24 09:30:00',1),(12,'2018-08-24 10:00:00',1),(12,'2018-08-24 10:30:00',1),(12,'2018-08-24 11:00:00',1),(12,'2018-08-24 11:30:00',1),(12,'2018-08-24 12:00:00',1),(12,'2018-08-24 12:30:00',1),(12,'2018-08-24 13:00:00',1),(12,'2018-08-24 13:30:00',1),(12,'2018-08-24 14:00:00',1),(12,'2018-08-24 16:30:00',1),(12,'2018-08-24 17:00:00',1),(12,'2018-08-24 17:30:00',1),(12,'2018-08-24 18:00:00',1),(12,'2018-08-24 18:30:00',1),(12,'2018-08-24 19:00:00',1),(12,'2018-08-27 08:30:00',1),(12,'2018-08-27 09:00:00',1),(12,'2018-08-27 09:30:00',1),(12,'2018-08-27 10:00:00',1),(12,'2018-08-27 10:30:00',1),(12,'2018-08-27 11:00:00',1),(12,'2018-08-27 11:30:00',1),(12,'2018-08-27 12:00:00',1),(12,'2018-08-27 12:30:00',1),(12,'2018-08-27 13:00:00',1),(12,'2018-08-27 13:30:00',1),(12,'2018-08-27 14:00:00',1),(12,'2018-08-27 16:30:00',1),(12,'2018-08-27 17:00:00',1),(12,'2018-08-27 17:30:00',1),(12,'2018-08-27 18:00:00',1),(12,'2018-08-27 18:30:00',1),(12,'2018-08-27 19:00:00',1),(12,'2018-08-29 08:30:00',1),(12,'2018-08-29 09:00:00',1),(12,'2018-08-29 09:30:00',1),(12,'2018-08-29 10:00:00',1),(12,'2018-08-29 10:30:00',1),(12,'2018-08-29 11:00:00',1),(12,'2018-08-29 11:30:00',1),(12,'2018-08-29 12:00:00',1),(12,'2018-08-29 12:30:00',1),(12,'2018-08-29 13:00:00',1),(12,'2018-08-29 13:30:00',1),(12,'2018-08-29 14:00:00',1),(12,'2018-08-29 16:30:00',1),(12,'2018-08-29 17:00:00',1),(12,'2018-08-29 17:30:00',1),(12,'2018-08-29 18:00:00',1),(12,'2018-08-29 18:30:00',1),(12,'2018-08-29 19:00:00',1),(12,'2018-08-31 08:30:00',1),(12,'2018-08-31 09:00:00',1),(12,'2018-08-31 09:30:00',1),(12,'2018-08-31 10:00:00',1),(12,'2018-08-31 10:30:00',1),(12,'2018-08-31 11:00:00',1),(12,'2018-08-31 11:30:00',1),(12,'2018-08-31 12:00:00',1),(12,'2018-08-31 12:30:00',1),(12,'2018-08-31 13:00:00',1),(12,'2018-08-31 13:30:00',1),(12,'2018-08-31 14:00:00',1),(12,'2018-08-31 16:30:00',1),(12,'2018-08-31 17:00:00',1),(12,'2018-08-31 17:30:00',1),(12,'2018-08-31 18:00:00',1),(12,'2018-08-31 18:30:00',1),(12,'2018-08-31 19:00:00',1),(12,'2018-09-03 08:30:00',1),(12,'2018-09-03 09:00:00',1),(12,'2018-09-03 09:30:00',1),(12,'2018-09-03 10:00:00',1),(12,'2018-09-03 10:30:00',1),(12,'2018-09-03 11:00:00',1),(12,'2018-09-03 11:30:00',1),(12,'2018-09-03 12:00:00',1),(12,'2018-09-03 12:30:00',1),(12,'2018-09-03 13:00:00',1),(12,'2018-09-03 13:30:00',1),(12,'2018-09-03 14:00:00',1),(12,'2018-09-03 16:30:00',1),(12,'2018-09-03 17:00:00',1),(12,'2018-09-03 17:30:00',1),(12,'2018-09-03 18:00:00',1),(12,'2018-09-03 18:30:00',1),(12,'2018-09-03 19:00:00',1),(12,'2018-09-05 08:30:00',1),(12,'2018-09-05 09:00:00',1),(12,'2018-09-05 09:30:00',1),(12,'2018-09-05 10:00:00',1),(12,'2018-09-05 10:30:00',1),(12,'2018-09-05 11:00:00',1),(12,'2018-09-05 11:30:00',1),(12,'2018-09-05 12:00:00',1),(12,'2018-09-05 12:30:00',1),(12,'2018-09-05 13:00:00',1),(12,'2018-09-05 13:30:00',1),(12,'2018-09-05 14:00:00',1),(12,'2018-09-05 16:30:00',1),(12,'2018-09-05 17:00:00',1),(12,'2018-09-05 17:30:00',1),(12,'2018-09-05 18:00:00',1),(12,'2018-09-05 18:30:00',1),(12,'2018-09-05 19:00:00',1),(12,'2018-09-07 08:30:00',1),(12,'2018-09-07 09:00:00',1),(12,'2018-09-07 09:30:00',1),(12,'2018-09-07 10:00:00',1),(12,'2018-09-07 10:30:00',1),(12,'2018-09-07 11:00:00',1),(12,'2018-09-07 11:30:00',1),(12,'2018-09-07 12:00:00',1),(12,'2018-09-07 12:30:00',1),(12,'2018-09-07 13:00:00',1),(12,'2018-09-07 13:30:00',1),(12,'2018-09-07 14:00:00',1),(12,'2018-09-07 16:30:00',1),(12,'2018-09-07 17:00:00',1),(12,'2018-09-07 17:30:00',1),(12,'2018-09-07 18:00:00',1),(12,'2018-09-07 18:30:00',1),(12,'2018-09-07 19:00:00',1),(12,'2018-09-10 08:30:00',1),(12,'2018-09-10 09:00:00',1),(12,'2018-09-10 09:30:00',1),(12,'2018-09-10 10:00:00',1),(12,'2018-09-10 10:30:00',1),(12,'2018-09-10 11:00:00',1),(12,'2018-09-10 11:30:00',1),(12,'2018-09-10 12:00:00',1),(12,'2018-09-10 12:30:00',1),(12,'2018-09-10 13:00:00',1),(12,'2018-09-10 13:30:00',1),(12,'2018-09-10 14:00:00',1),(12,'2018-09-10 16:30:00',1),(12,'2018-09-10 17:00:00',1),(12,'2018-09-10 17:30:00',1),(12,'2018-09-10 18:00:00',1),(12,'2018-09-10 18:30:00',1),(12,'2018-09-10 19:00:00',1),(12,'2018-09-12 08:30:00',1),(12,'2018-09-12 09:00:00',1),(12,'2018-09-12 09:30:00',1),(12,'2018-09-12 10:00:00',1),(12,'2018-09-12 10:30:00',1),(12,'2018-09-12 11:00:00',1),(12,'2018-09-12 11:30:00',1),(12,'2018-09-12 12:00:00',1),(12,'2018-09-12 12:30:00',1),(12,'2018-09-12 13:00:00',1),(12,'2018-09-12 13:30:00',1),(12,'2018-09-12 14:00:00',1),(12,'2018-09-12 16:30:00',1),(12,'2018-09-12 17:00:00',1),(12,'2018-09-12 17:30:00',1),(12,'2018-09-12 18:00:00',1),(12,'2018-09-12 18:30:00',1),(12,'2018-09-12 19:00:00',1),(12,'2018-09-14 08:30:00',1),(12,'2018-09-14 09:00:00',1),(12,'2018-09-14 09:30:00',1),(12,'2018-09-14 10:00:00',1),(12,'2018-09-14 10:30:00',1),(12,'2018-09-14 11:00:00',1),(12,'2018-09-14 11:30:00',1),(12,'2018-09-14 12:00:00',1),(12,'2018-09-14 12:30:00',1),(12,'2018-09-14 13:00:00',1),(12,'2018-09-14 13:30:00',1),(12,'2018-09-14 14:00:00',1),(12,'2018-09-14 16:30:00',1),(12,'2018-09-14 17:00:00',1),(12,'2018-09-14 17:30:00',1),(12,'2018-09-14 18:00:00',1),(12,'2018-09-14 18:30:00',1),(12,'2018-09-14 19:00:00',1),(12,'2018-09-17 08:30:00',1),(12,'2018-09-17 09:00:00',1),(12,'2018-09-17 09:30:00',1),(12,'2018-09-17 10:00:00',1),(12,'2018-09-17 10:30:00',1),(12,'2018-09-17 11:00:00',1),(12,'2018-09-17 11:30:00',1),(12,'2018-09-17 12:00:00',1),(12,'2018-09-17 12:30:00',1),(12,'2018-09-17 13:00:00',1),(12,'2018-09-17 13:30:00',1),(12,'2018-09-17 14:00:00',1),(12,'2018-09-17 16:30:00',1),(12,'2018-09-17 17:00:00',1),(12,'2018-09-17 17:30:00',1),(12,'2018-09-17 18:00:00',1),(12,'2018-09-17 18:30:00',1),(12,'2018-09-17 19:00:00',1),(12,'2018-09-19 08:30:00',1),(12,'2018-09-19 09:00:00',1),(12,'2018-09-19 09:30:00',1),(12,'2018-09-19 10:00:00',1),(12,'2018-09-19 10:30:00',1),(12,'2018-09-19 11:00:00',1),(12,'2018-09-19 11:30:00',1),(12,'2018-09-19 12:00:00',1),(12,'2018-09-19 12:30:00',1),(12,'2018-09-19 13:00:00',1),(12,'2018-09-19 13:30:00',1),(12,'2018-09-19 14:00:00',1),(12,'2018-09-19 16:30:00',1),(12,'2018-09-19 17:00:00',1),(12,'2018-09-19 17:30:00',1),(12,'2018-09-19 18:00:00',1),(12,'2018-09-19 18:30:00',1),(12,'2018-09-19 19:00:00',1),(12,'2018-09-21 08:30:00',1),(12,'2018-09-21 09:00:00',1),(12,'2018-09-21 09:30:00',1),(12,'2018-09-21 10:00:00',1),(12,'2018-09-21 10:30:00',1),(12,'2018-09-21 11:00:00',1),(12,'2018-09-21 11:30:00',1),(12,'2018-09-21 12:00:00',1),(12,'2018-09-21 12:30:00',1),(12,'2018-09-21 13:00:00',1),(12,'2018-09-21 13:30:00',1),(12,'2018-09-21 14:00:00',1),(12,'2018-09-21 16:30:00',1),(12,'2018-09-21 17:00:00',1),(12,'2018-09-21 17:30:00',1),(12,'2018-09-21 18:00:00',1),(12,'2018-09-21 18:30:00',1),(12,'2018-09-21 19:00:00',1),(12,'2018-09-24 08:30:00',1),(12,'2018-09-24 09:00:00',1),(12,'2018-09-24 09:30:00',1),(12,'2018-09-24 10:00:00',1),(12,'2018-09-24 10:30:00',1),(12,'2018-09-24 11:00:00',1),(12,'2018-09-24 11:30:00',1),(12,'2018-09-24 12:00:00',1),(12,'2018-09-24 12:30:00',1),(12,'2018-09-24 13:00:00',1),(12,'2018-09-24 13:30:00',1),(12,'2018-09-24 14:00:00',1),(12,'2018-09-24 16:30:00',1),(12,'2018-09-24 17:00:00',1),(12,'2018-09-24 17:30:00',1),(12,'2018-09-24 18:00:00',1),(12,'2018-09-24 18:30:00',1),(12,'2018-09-24 19:00:00',1),(12,'2018-09-26 08:30:00',1),(12,'2018-09-26 09:00:00',1),(12,'2018-09-26 09:30:00',1),(12,'2018-09-26 10:00:00',1),(12,'2018-09-26 10:30:00',1),(12,'2018-09-26 11:00:00',1),(12,'2018-09-26 11:30:00',1),(12,'2018-09-26 12:00:00',1),(12,'2018-09-26 12:30:00',1),(12,'2018-09-26 13:00:00',1),(12,'2018-09-26 13:30:00',1),(12,'2018-09-26 14:00:00',1),(12,'2018-09-26 16:30:00',1),(12,'2018-09-26 17:00:00',1),(12,'2018-09-26 17:30:00',1),(12,'2018-09-26 18:00:00',1),(12,'2018-09-26 18:30:00',1),(12,'2018-09-26 19:00:00',1),(12,'2018-09-28 08:30:00',1),(12,'2018-09-28 09:00:00',1),(12,'2018-09-28 09:30:00',1),(12,'2018-09-28 10:00:00',1),(12,'2018-09-28 10:30:00',1),(12,'2018-09-28 11:00:00',1),(12,'2018-09-28 11:30:00',1),(12,'2018-09-28 12:00:00',1),(12,'2018-09-28 12:30:00',1),(12,'2018-09-28 13:00:00',1),(12,'2018-09-28 13:30:00',1),(12,'2018-09-28 14:00:00',1),(12,'2018-09-28 16:30:00',1),(12,'2018-09-28 17:00:00',1),(12,'2018-09-28 17:30:00',1),(12,'2018-09-28 18:00:00',1),(12,'2018-09-28 18:30:00',1),(12,'2018-09-28 19:00:00',1),(12,'2018-10-01 08:30:00',1),(12,'2018-10-01 09:00:00',1),(12,'2018-10-01 09:30:00',1),(12,'2018-10-01 10:00:00',1),(12,'2018-10-01 10:30:00',1),(12,'2018-10-01 11:00:00',1),(12,'2018-10-01 11:30:00',1),(12,'2018-10-01 12:00:00',1),(12,'2018-10-01 12:30:00',1),(12,'2018-10-01 13:00:00',1),(12,'2018-10-01 13:30:00',1),(12,'2018-10-01 14:00:00',1),(12,'2018-10-01 16:30:00',1),(12,'2018-10-01 17:00:00',1),(12,'2018-10-01 17:30:00',1),(12,'2018-10-01 18:00:00',1),(12,'2018-10-01 18:30:00',1),(12,'2018-10-01 19:00:00',1),(12,'2018-10-03 08:30:00',1),(12,'2018-10-03 09:00:00',1),(12,'2018-10-03 09:30:00',1),(12,'2018-10-03 10:00:00',1),(12,'2018-10-03 10:30:00',1),(12,'2018-10-03 11:00:00',1),(12,'2018-10-03 11:30:00',1),(12,'2018-10-03 12:00:00',1),(12,'2018-10-03 12:30:00',1),(12,'2018-10-03 13:00:00',1),(12,'2018-10-03 13:30:00',1),(12,'2018-10-03 14:00:00',1),(12,'2018-10-03 16:30:00',1),(12,'2018-10-03 17:00:00',1),(12,'2018-10-03 17:30:00',1),(12,'2018-10-03 18:00:00',1),(12,'2018-10-03 18:30:00',1),(12,'2018-10-03 19:00:00',1),(12,'2018-10-05 08:30:00',1),(12,'2018-10-05 09:00:00',1),(12,'2018-10-05 09:30:00',1),(12,'2018-10-05 10:00:00',1),(12,'2018-10-05 10:30:00',1),(12,'2018-10-05 11:00:00',1),(12,'2018-10-05 11:30:00',1),(12,'2018-10-05 12:00:00',1),(12,'2018-10-05 12:30:00',1),(12,'2018-10-05 13:00:00',1),(12,'2018-10-05 13:30:00',1),(12,'2018-10-05 14:00:00',1),(12,'2018-10-05 16:30:00',1),(12,'2018-10-05 17:00:00',1),(12,'2018-10-05 17:30:00',1),(12,'2018-10-05 18:00:00',1),(12,'2018-10-05 18:30:00',1),(12,'2018-10-05 19:00:00',1),(12,'2018-10-08 08:30:00',1),(12,'2018-10-08 09:00:00',1),(12,'2018-10-08 09:30:00',1),(12,'2018-10-08 10:00:00',1),(12,'2018-10-08 10:30:00',1),(12,'2018-10-08 11:00:00',1),(12,'2018-10-08 11:30:00',1),(12,'2018-10-08 12:00:00',1),(12,'2018-10-08 12:30:00',1),(12,'2018-10-08 13:00:00',1),(12,'2018-10-08 13:30:00',1),(12,'2018-10-08 14:00:00',1),(12,'2018-10-08 16:30:00',1),(12,'2018-10-08 17:00:00',1),(12,'2018-10-08 17:30:00',1),(12,'2018-10-08 18:00:00',1),(12,'2018-10-08 18:30:00',1),(12,'2018-10-08 19:00:00',1),(12,'2018-10-10 08:30:00',1),(12,'2018-10-10 09:00:00',1),(12,'2018-10-10 09:30:00',1),(12,'2018-10-10 10:00:00',1),(12,'2018-10-10 10:30:00',1),(12,'2018-10-10 11:00:00',1),(12,'2018-10-10 11:30:00',1),(12,'2018-10-10 12:00:00',1),(12,'2018-10-10 12:30:00',1),(12,'2018-10-10 13:00:00',1),(12,'2018-10-10 13:30:00',1),(12,'2018-10-10 14:00:00',1),(12,'2018-10-10 16:30:00',1),(12,'2018-10-10 17:00:00',1),(12,'2018-10-10 17:30:00',1),(12,'2018-10-10 18:00:00',1),(12,'2018-10-10 18:30:00',1),(12,'2018-10-10 19:00:00',1),(12,'2018-10-12 08:30:00',1),(12,'2018-10-12 09:00:00',1),(12,'2018-10-12 09:30:00',1),(12,'2018-10-12 10:00:00',1),(12,'2018-10-12 10:30:00',1),(12,'2018-10-12 11:00:00',1),(12,'2018-10-12 11:30:00',1),(12,'2018-10-12 12:00:00',1),(12,'2018-10-12 12:30:00',1),(12,'2018-10-12 13:00:00',1),(12,'2018-10-12 13:30:00',1),(12,'2018-10-12 14:00:00',1),(12,'2018-10-12 16:30:00',1),(12,'2018-10-12 17:00:00',1),(12,'2018-10-12 17:30:00',1),(12,'2018-10-12 18:00:00',1),(12,'2018-10-12 18:30:00',1),(12,'2018-10-12 19:00:00',1),(12,'2018-10-15 08:30:00',1),(12,'2018-10-15 09:00:00',1),(12,'2018-10-15 09:30:00',1),(12,'2018-10-15 10:00:00',1),(12,'2018-10-15 10:30:00',1),(12,'2018-10-15 11:00:00',1),(12,'2018-10-15 11:30:00',1),(12,'2018-10-15 12:00:00',1),(12,'2018-10-15 12:30:00',1),(12,'2018-10-15 13:00:00',1),(12,'2018-10-15 13:30:00',1),(12,'2018-10-15 14:00:00',1),(12,'2018-10-15 16:30:00',1),(12,'2018-10-15 17:00:00',1),(12,'2018-10-15 17:30:00',1),(12,'2018-10-15 18:00:00',1),(12,'2018-10-15 18:30:00',1),(12,'2018-10-15 19:00:00',1),(12,'2018-10-17 08:30:00',1),(12,'2018-10-17 09:00:00',1),(12,'2018-10-17 09:30:00',1),(12,'2018-10-17 10:00:00',1),(12,'2018-10-17 10:30:00',1),(12,'2018-10-17 11:00:00',1),(12,'2018-10-17 11:30:00',1),(12,'2018-10-17 12:00:00',1),(12,'2018-10-17 12:30:00',1),(12,'2018-10-17 13:00:00',1),(12,'2018-10-17 13:30:00',1),(12,'2018-10-17 14:00:00',1),(12,'2018-10-17 16:30:00',1),(12,'2018-10-17 17:00:00',1),(12,'2018-10-17 17:30:00',1),(12,'2018-10-17 18:00:00',1),(12,'2018-10-17 18:30:00',1),(12,'2018-10-17 19:00:00',1),(12,'2018-10-19 08:30:00',1),(12,'2018-10-19 09:00:00',1),(12,'2018-10-19 09:30:00',1),(12,'2018-10-19 10:00:00',1),(12,'2018-10-19 10:30:00',1),(12,'2018-10-19 11:00:00',1),(12,'2018-10-19 11:30:00',1),(12,'2018-10-19 12:00:00',1),(12,'2018-10-19 12:30:00',1),(12,'2018-10-19 13:00:00',1),(12,'2018-10-19 13:30:00',1),(12,'2018-10-19 14:00:00',1),(12,'2018-10-19 16:30:00',1),(12,'2018-10-19 17:00:00',1),(12,'2018-10-19 17:30:00',1),(12,'2018-10-19 18:00:00',1),(12,'2018-10-19 18:30:00',1),(12,'2018-10-19 19:00:00',1),(12,'2018-10-22 08:30:00',1),(12,'2018-10-22 09:00:00',1),(12,'2018-10-22 09:30:00',1),(12,'2018-10-22 10:00:00',1),(12,'2018-10-22 10:30:00',1),(12,'2018-10-22 11:00:00',1),(12,'2018-10-22 11:30:00',1),(12,'2018-10-22 12:00:00',1),(12,'2018-10-22 12:30:00',1),(12,'2018-10-22 13:00:00',1),(12,'2018-10-22 13:30:00',1),(12,'2018-10-22 14:00:00',1),(12,'2018-10-22 16:30:00',1),(12,'2018-10-22 17:00:00',1),(12,'2018-10-22 17:30:00',1),(12,'2018-10-22 18:00:00',1),(12,'2018-10-22 18:30:00',1),(12,'2018-10-22 19:00:00',1),(12,'2018-10-24 08:30:00',1),(12,'2018-10-24 09:00:00',1),(12,'2018-10-24 09:30:00',1),(12,'2018-10-24 10:00:00',1),(12,'2018-10-24 10:30:00',1),(12,'2018-10-24 11:00:00',1),(12,'2018-10-24 11:30:00',1),(12,'2018-10-24 12:00:00',1),(12,'2018-10-24 12:30:00',1),(12,'2018-10-24 13:00:00',1),(12,'2018-10-24 13:30:00',1),(12,'2018-10-24 14:00:00',1),(12,'2018-10-24 16:30:00',1),(12,'2018-10-24 17:00:00',1),(12,'2018-10-24 17:30:00',1),(12,'2018-10-24 18:00:00',1),(12,'2018-10-24 18:30:00',1),(12,'2018-10-24 19:00:00',1),(12,'2018-10-26 08:30:00',1),(12,'2018-10-26 09:00:00',1),(12,'2018-10-26 09:30:00',1),(12,'2018-10-26 10:00:00',1),(12,'2018-10-26 10:30:00',1),(12,'2018-10-26 11:00:00',1),(12,'2018-10-26 11:30:00',1),(12,'2018-10-26 12:00:00',1),(12,'2018-10-26 12:30:00',1),(12,'2018-10-26 13:00:00',1),(12,'2018-10-26 13:30:00',1),(12,'2018-10-26 14:00:00',1),(12,'2018-10-26 16:30:00',1),(12,'2018-10-26 17:00:00',1),(12,'2018-10-26 17:30:00',1),(12,'2018-10-26 18:00:00',1),(12,'2018-10-26 18:30:00',1),(12,'2018-10-26 19:00:00',1),(12,'2018-10-29 08:30:00',1),(12,'2018-10-29 09:00:00',1),(12,'2018-10-29 09:30:00',1),(12,'2018-10-29 10:00:00',1),(12,'2018-10-29 10:30:00',1),(12,'2018-10-29 11:00:00',1),(12,'2018-10-29 11:30:00',1),(12,'2018-10-29 12:00:00',1),(12,'2018-10-29 12:30:00',1),(12,'2018-10-29 13:00:00',1),(12,'2018-10-29 13:30:00',1),(12,'2018-10-29 14:00:00',1),(12,'2018-10-29 16:30:00',1),(12,'2018-10-29 17:00:00',1),(12,'2018-10-29 17:30:00',1),(12,'2018-10-29 18:00:00',1),(12,'2018-10-29 18:30:00',1),(12,'2018-10-29 19:00:00',1),(12,'2018-10-31 08:30:00',1),(12,'2018-10-31 09:00:00',1),(12,'2018-10-31 09:30:00',1),(12,'2018-10-31 10:00:00',1),(12,'2018-10-31 10:30:00',1),(12,'2018-10-31 11:00:00',1),(12,'2018-10-31 11:30:00',1),(12,'2018-10-31 12:00:00',1),(12,'2018-10-31 12:30:00',1),(12,'2018-10-31 13:00:00',1),(12,'2018-10-31 13:30:00',1),(12,'2018-10-31 14:00:00',1),(12,'2018-10-31 16:30:00',1),(12,'2018-10-31 17:00:00',1),(12,'2018-10-31 17:30:00',1),(12,'2018-10-31 18:00:00',1),(12,'2018-10-31 18:30:00',1),(12,'2018-10-31 19:00:00',1),(12,'2018-11-02 08:30:00',1),(12,'2018-11-02 09:00:00',1),(12,'2018-11-02 09:30:00',1),(12,'2018-11-02 10:00:00',1),(12,'2018-11-02 10:30:00',1),(12,'2018-11-02 11:00:00',1),(12,'2018-11-02 11:30:00',1),(12,'2018-11-02 12:00:00',1),(12,'2018-11-02 12:30:00',1),(12,'2018-11-02 13:00:00',1),(12,'2018-11-02 13:30:00',1),(12,'2018-11-02 14:00:00',1),(12,'2018-11-02 16:30:00',1),(12,'2018-11-02 17:00:00',1),(12,'2018-11-02 17:30:00',1),(12,'2018-11-02 18:00:00',1),(12,'2018-11-02 18:30:00',1),(12,'2018-11-02 19:00:00',1),(12,'2018-11-05 08:30:00',1),(12,'2018-11-05 09:00:00',1),(12,'2018-11-05 09:30:00',1),(12,'2018-11-05 10:00:00',1),(12,'2018-11-05 10:30:00',1),(12,'2018-11-05 11:00:00',1),(12,'2018-11-05 11:30:00',1),(12,'2018-11-05 12:00:00',1),(12,'2018-11-05 12:30:00',1),(12,'2018-11-05 13:00:00',1),(12,'2018-11-05 13:30:00',1),(12,'2018-11-05 14:00:00',1),(12,'2018-11-05 16:30:00',1),(12,'2018-11-05 17:00:00',1),(12,'2018-11-05 17:30:00',1),(12,'2018-11-05 18:00:00',1),(12,'2018-11-05 18:30:00',1),(12,'2018-11-05 19:00:00',1),(12,'2018-11-07 08:30:00',1),(12,'2018-11-07 09:00:00',1),(12,'2018-11-07 09:30:00',1),(12,'2018-11-07 10:00:00',1),(12,'2018-11-07 10:30:00',1),(12,'2018-11-07 11:00:00',1),(12,'2018-11-07 11:30:00',1),(12,'2018-11-07 12:00:00',1),(12,'2018-11-07 12:30:00',1),(12,'2018-11-07 13:00:00',1),(12,'2018-11-07 13:30:00',1),(12,'2018-11-07 14:00:00',1),(12,'2018-11-07 16:30:00',1),(12,'2018-11-07 17:00:00',1),(12,'2018-11-07 17:30:00',1),(12,'2018-11-07 18:00:00',1),(12,'2018-11-07 18:30:00',1),(12,'2018-11-07 19:00:00',1),(12,'2018-11-09 08:30:00',1),(12,'2018-11-09 09:00:00',1),(12,'2018-11-09 09:30:00',1),(12,'2018-11-09 10:00:00',1),(12,'2018-11-09 10:30:00',1),(12,'2018-11-09 11:00:00',1),(12,'2018-11-09 11:30:00',1),(12,'2018-11-09 12:00:00',1),(12,'2018-11-09 12:30:00',1),(12,'2018-11-09 13:00:00',1),(12,'2018-11-09 13:30:00',1),(12,'2018-11-09 14:00:00',1),(12,'2018-11-09 16:30:00',1),(12,'2018-11-09 17:00:00',1),(12,'2018-11-09 17:30:00',1),(12,'2018-11-09 18:00:00',1),(12,'2018-11-09 18:30:00',1),(12,'2018-11-09 19:00:00',1),(12,'2018-11-12 08:30:00',1),(12,'2018-11-12 09:00:00',1),(12,'2018-11-12 09:30:00',1),(12,'2018-11-12 10:00:00',1),(12,'2018-11-12 10:30:00',1),(12,'2018-11-12 11:00:00',1),(12,'2018-11-12 11:30:00',1),(12,'2018-11-12 12:00:00',1),(12,'2018-11-12 12:30:00',1),(12,'2018-11-12 13:00:00',1),(12,'2018-11-12 13:30:00',1),(12,'2018-11-12 14:00:00',1),(12,'2018-11-12 16:30:00',1),(12,'2018-11-12 17:00:00',1),(12,'2018-11-12 17:30:00',1),(12,'2018-11-12 18:00:00',1),(12,'2018-11-12 18:30:00',1),(12,'2018-11-12 19:00:00',1),(12,'2018-11-14 08:30:00',1),(12,'2018-11-14 09:00:00',1),(12,'2018-11-14 09:30:00',1),(12,'2018-11-14 10:00:00',1),(12,'2018-11-14 10:30:00',1),(12,'2018-11-14 11:00:00',1),(12,'2018-11-14 11:30:00',1),(12,'2018-11-14 12:00:00',1),(12,'2018-11-14 12:30:00',1),(12,'2018-11-14 13:00:00',1),(12,'2018-11-14 13:30:00',1),(12,'2018-11-14 14:00:00',1),(12,'2018-11-14 16:30:00',1),(12,'2018-11-14 17:00:00',1),(12,'2018-11-14 17:30:00',1),(12,'2018-11-14 18:00:00',1),(12,'2018-11-14 18:30:00',1),(12,'2018-11-14 19:00:00',1),(12,'2018-11-16 08:30:00',1),(12,'2018-11-16 09:00:00',1),(12,'2018-11-16 09:30:00',1),(12,'2018-11-16 10:00:00',1),(12,'2018-11-16 10:30:00',1),(12,'2018-11-16 11:00:00',1),(12,'2018-11-16 11:30:00',1),(12,'2018-11-16 12:00:00',1),(12,'2018-11-16 12:30:00',1),(12,'2018-11-16 13:00:00',1),(12,'2018-11-16 13:30:00',1),(12,'2018-11-16 14:00:00',1),(12,'2018-11-16 16:30:00',1),(12,'2018-11-16 17:00:00',1),(12,'2018-11-16 17:30:00',1),(12,'2018-11-16 18:00:00',1),(12,'2018-11-16 18:30:00',1),(12,'2018-11-16 19:00:00',1),(12,'2018-11-19 08:30:00',1),(12,'2018-11-19 09:00:00',1),(12,'2018-11-19 09:30:00',1),(12,'2018-11-19 10:00:00',1),(12,'2018-11-19 10:30:00',1),(12,'2018-11-19 11:00:00',1),(12,'2018-11-19 11:30:00',1),(12,'2018-11-19 12:00:00',1),(12,'2018-11-19 12:30:00',1),(12,'2018-11-19 13:00:00',1),(12,'2018-11-19 13:30:00',1),(12,'2018-11-19 14:00:00',1),(12,'2018-11-19 16:30:00',1),(12,'2018-11-19 17:00:00',1),(12,'2018-11-19 17:30:00',1),(12,'2018-11-19 18:00:00',1),(12,'2018-11-19 18:30:00',1),(12,'2018-11-19 19:00:00',1),(12,'2018-11-21 08:30:00',1),(12,'2018-11-21 09:00:00',1),(12,'2018-11-21 09:30:00',1),(12,'2018-11-21 10:00:00',1),(12,'2018-11-21 10:30:00',1),(12,'2018-11-21 11:00:00',1),(12,'2018-11-21 11:30:00',1),(12,'2018-11-21 12:00:00',1),(12,'2018-11-21 12:30:00',1),(12,'2018-11-21 13:00:00',1),(12,'2018-11-21 13:30:00',1),(12,'2018-11-21 14:00:00',1),(12,'2018-11-21 16:30:00',1),(12,'2018-11-21 17:00:00',1),(12,'2018-11-21 17:30:00',1),(12,'2018-11-21 18:00:00',1),(12,'2018-11-21 18:30:00',1),(12,'2018-11-21 19:00:00',1),(12,'2018-11-23 08:30:00',1),(12,'2018-11-23 09:00:00',1),(12,'2018-11-23 09:30:00',1),(12,'2018-11-23 10:00:00',1),(12,'2018-11-23 10:30:00',1),(12,'2018-11-23 11:00:00',1),(12,'2018-11-23 11:30:00',1),(12,'2018-11-23 12:00:00',1),(12,'2018-11-23 12:30:00',1),(12,'2018-11-23 13:00:00',1),(12,'2018-11-23 13:30:00',1),(12,'2018-11-23 14:00:00',1),(12,'2018-11-23 16:30:00',1),(12,'2018-11-23 17:00:00',1),(12,'2018-11-23 17:30:00',1),(12,'2018-11-23 18:00:00',1),(12,'2018-11-23 18:30:00',1),(12,'2018-11-23 19:00:00',1),(12,'2018-11-26 08:30:00',1),(12,'2018-11-26 09:00:00',1),(12,'2018-11-26 09:30:00',1),(12,'2018-11-26 10:00:00',1),(12,'2018-11-26 10:30:00',1),(12,'2018-11-26 11:00:00',1),(12,'2018-11-26 11:30:00',1),(12,'2018-11-26 12:00:00',1),(12,'2018-11-26 12:30:00',1),(12,'2018-11-26 13:00:00',1),(12,'2018-11-26 13:30:00',1),(12,'2018-11-26 14:00:00',1),(12,'2018-11-26 16:30:00',1),(12,'2018-11-26 17:00:00',1),(12,'2018-11-26 17:30:00',1),(12,'2018-11-26 18:00:00',1),(12,'2018-11-26 18:30:00',1),(12,'2018-11-26 19:00:00',1),(12,'2018-11-28 08:30:00',1),(12,'2018-11-28 09:00:00',1),(12,'2018-11-28 09:30:00',1),(12,'2018-11-28 10:00:00',1),(12,'2018-11-28 10:30:00',1),(12,'2018-11-28 11:00:00',1),(12,'2018-11-28 11:30:00',1),(12,'2018-11-28 12:00:00',1),(12,'2018-11-28 12:30:00',1),(12,'2018-11-28 13:00:00',1),(12,'2018-11-28 13:30:00',1),(12,'2018-11-28 14:00:00',1),(12,'2018-11-28 16:30:00',1),(12,'2018-11-28 17:00:00',1),(12,'2018-11-28 17:30:00',1),(12,'2018-11-28 18:00:00',1),(12,'2018-11-28 18:30:00',1),(12,'2018-11-28 19:00:00',1),(12,'2018-11-30 08:30:00',1),(12,'2018-11-30 09:00:00',1),(12,'2018-11-30 09:30:00',1),(12,'2018-11-30 10:00:00',1),(12,'2018-11-30 10:30:00',1),(12,'2018-11-30 11:00:00',1),(12,'2018-11-30 11:30:00',1),(12,'2018-11-30 12:00:00',1),(12,'2018-11-30 12:30:00',1),(12,'2018-11-30 13:00:00',1),(12,'2018-11-30 13:30:00',1),(12,'2018-11-30 14:00:00',1),(12,'2018-11-30 16:30:00',1),(12,'2018-11-30 17:00:00',1),(12,'2018-11-30 17:30:00',1),(12,'2018-11-30 18:00:00',1),(12,'2018-11-30 18:30:00',1),(12,'2018-11-30 19:00:00',1),(12,'2018-12-03 08:30:00',1),(12,'2018-12-03 09:00:00',1),(12,'2018-12-03 09:30:00',1),(12,'2018-12-03 10:00:00',1),(12,'2018-12-03 10:30:00',1),(12,'2018-12-03 11:00:00',1),(12,'2018-12-03 11:30:00',1),(12,'2018-12-03 12:00:00',1),(12,'2018-12-03 12:30:00',1),(12,'2018-12-03 13:00:00',1),(12,'2018-12-03 13:30:00',1),(12,'2018-12-03 14:00:00',1),(12,'2018-12-03 16:30:00',1),(12,'2018-12-03 17:00:00',1),(12,'2018-12-03 17:30:00',1),(12,'2018-12-03 18:00:00',1),(12,'2018-12-03 18:30:00',1),(12,'2018-12-03 19:00:00',1),(12,'2018-12-05 08:30:00',1),(12,'2018-12-05 09:00:00',1),(12,'2018-12-05 09:30:00',1),(12,'2018-12-05 10:00:00',1),(12,'2018-12-05 10:30:00',1),(12,'2018-12-05 11:00:00',1),(12,'2018-12-05 11:30:00',1),(12,'2018-12-05 12:00:00',1),(12,'2018-12-05 12:30:00',1),(12,'2018-12-05 13:00:00',1),(12,'2018-12-05 13:30:00',1),(12,'2018-12-05 14:00:00',1),(12,'2018-12-05 16:30:00',1),(12,'2018-12-05 17:00:00',1),(12,'2018-12-05 17:30:00',1),(12,'2018-12-05 18:00:00',1),(12,'2018-12-05 18:30:00',1),(12,'2018-12-05 19:00:00',1),(12,'2018-12-07 08:30:00',1),(12,'2018-12-07 09:00:00',1),(12,'2018-12-07 09:30:00',1),(12,'2018-12-07 10:00:00',1),(12,'2018-12-07 10:30:00',1),(12,'2018-12-07 11:00:00',1),(12,'2018-12-07 11:30:00',1),(12,'2018-12-07 12:00:00',1),(12,'2018-12-07 12:30:00',1),(12,'2018-12-07 13:00:00',1),(12,'2018-12-07 13:30:00',1),(12,'2018-12-07 14:00:00',1),(12,'2018-12-07 16:30:00',1),(12,'2018-12-07 17:00:00',1),(12,'2018-12-07 17:30:00',1),(12,'2018-12-07 18:00:00',1),(12,'2018-12-07 18:30:00',1),(12,'2018-12-07 19:00:00',1),(12,'2018-12-10 08:30:00',1),(12,'2018-12-10 09:00:00',1),(12,'2018-12-10 09:30:00',1),(12,'2018-12-10 10:00:00',1),(12,'2018-12-10 10:30:00',1),(12,'2018-12-10 11:00:00',1),(12,'2018-12-10 11:30:00',1),(12,'2018-12-10 12:00:00',1),(12,'2018-12-10 12:30:00',1),(12,'2018-12-10 13:00:00',1),(12,'2018-12-10 13:30:00',1),(12,'2018-12-10 14:00:00',1),(12,'2018-12-10 16:30:00',1),(12,'2018-12-10 17:00:00',1),(12,'2018-12-10 17:30:00',1),(12,'2018-12-10 18:00:00',1),(12,'2018-12-10 18:30:00',1),(12,'2018-12-10 19:00:00',1),(12,'2018-12-12 08:30:00',1),(12,'2018-12-12 09:00:00',1),(12,'2018-12-12 09:30:00',1),(12,'2018-12-12 10:00:00',1),(12,'2018-12-12 10:30:00',1),(12,'2018-12-12 11:00:00',1),(12,'2018-12-12 11:30:00',1),(12,'2018-12-12 12:00:00',1),(12,'2018-12-12 12:30:00',1),(12,'2018-12-12 13:00:00',1),(12,'2018-12-12 13:30:00',1),(12,'2018-12-12 14:00:00',1),(12,'2018-12-12 16:30:00',1),(12,'2018-12-12 17:00:00',1),(12,'2018-12-12 17:30:00',1),(12,'2018-12-12 18:00:00',1),(12,'2018-12-12 18:30:00',1),(12,'2018-12-12 19:00:00',1),(12,'2018-12-14 08:30:00',1),(12,'2018-12-14 09:00:00',1),(12,'2018-12-14 09:30:00',1),(12,'2018-12-14 10:00:00',1),(12,'2018-12-14 10:30:00',1),(12,'2018-12-14 11:00:00',1),(12,'2018-12-14 11:30:00',1),(12,'2018-12-14 12:00:00',1),(12,'2018-12-14 12:30:00',1),(12,'2018-12-14 13:00:00',1),(12,'2018-12-14 13:30:00',1),(12,'2018-12-14 14:00:00',1),(12,'2018-12-14 16:30:00',1),(12,'2018-12-14 17:00:00',1),(12,'2018-12-14 17:30:00',1),(12,'2018-12-14 18:00:00',1),(12,'2018-12-14 18:30:00',1),(12,'2018-12-14 19:00:00',1),(12,'2018-12-17 08:30:00',1),(12,'2018-12-17 09:00:00',1),(12,'2018-12-17 09:30:00',1),(12,'2018-12-17 10:00:00',1),(12,'2018-12-17 10:30:00',1),(12,'2018-12-17 11:00:00',1),(12,'2018-12-17 11:30:00',1),(12,'2018-12-17 12:00:00',1),(12,'2018-12-17 12:30:00',1),(12,'2018-12-17 13:00:00',1),(12,'2018-12-17 13:30:00',1),(12,'2018-12-17 14:00:00',1),(12,'2018-12-17 16:30:00',1),(12,'2018-12-17 17:00:00',1),(12,'2018-12-17 17:30:00',1),(12,'2018-12-17 18:00:00',1),(12,'2018-12-17 18:30:00',1),(12,'2018-12-17 19:00:00',1),(12,'2018-12-19 08:30:00',1),(12,'2018-12-19 09:00:00',1),(12,'2018-12-19 09:30:00',1),(12,'2018-12-19 10:00:00',1),(12,'2018-12-19 10:30:00',1),(12,'2018-12-19 11:00:00',1),(12,'2018-12-19 11:30:00',1),(12,'2018-12-19 12:00:00',1),(12,'2018-12-19 12:30:00',1),(12,'2018-12-19 13:00:00',1),(12,'2018-12-19 13:30:00',1),(12,'2018-12-19 14:00:00',1),(12,'2018-12-19 16:30:00',1),(12,'2018-12-19 17:00:00',1),(12,'2018-12-19 17:30:00',1),(12,'2018-12-19 18:00:00',1),(12,'2018-12-19 18:30:00',1),(12,'2018-12-19 19:00:00',1),(12,'2018-12-21 08:30:00',1),(12,'2018-12-21 09:00:00',1),(12,'2018-12-21 09:30:00',1),(12,'2018-12-21 10:00:00',1),(12,'2018-12-21 10:30:00',1),(12,'2018-12-21 11:00:00',1),(12,'2018-12-21 11:30:00',1),(12,'2018-12-21 12:00:00',1),(12,'2018-12-21 12:30:00',1),(12,'2018-12-21 13:00:00',1),(12,'2018-12-21 13:30:00',1),(12,'2018-12-21 14:00:00',1),(12,'2018-12-21 16:30:00',1),(12,'2018-12-21 17:00:00',1),(12,'2018-12-21 17:30:00',1),(12,'2018-12-21 18:00:00',1),(12,'2018-12-21 18:30:00',1),(12,'2018-12-21 19:00:00',1),(12,'2018-12-24 08:30:00',1),(12,'2018-12-24 09:00:00',1),(12,'2018-12-24 09:30:00',1),(12,'2018-12-24 10:00:00',1),(12,'2018-12-24 10:30:00',1),(12,'2018-12-24 11:00:00',1),(12,'2018-12-24 11:30:00',1),(12,'2018-12-24 12:00:00',1),(12,'2018-12-24 12:30:00',1),(12,'2018-12-24 13:00:00',1),(12,'2018-12-24 13:30:00',1),(12,'2018-12-24 14:00:00',1),(12,'2018-12-24 16:30:00',1),(12,'2018-12-24 17:00:00',1),(12,'2018-12-24 17:30:00',1),(12,'2018-12-24 18:00:00',1),(12,'2018-12-24 18:30:00',1),(12,'2018-12-24 19:00:00',1),(12,'2018-12-26 08:30:00',1),(12,'2018-12-26 09:00:00',1),(12,'2018-12-26 09:30:00',1),(12,'2018-12-26 10:00:00',1),(12,'2018-12-26 10:30:00',1),(12,'2018-12-26 11:00:00',1),(12,'2018-12-26 11:30:00',1),(12,'2018-12-26 12:00:00',1),(12,'2018-12-26 12:30:00',1),(12,'2018-12-26 13:00:00',1),(12,'2018-12-26 13:30:00',1),(12,'2018-12-26 14:00:00',1),(12,'2018-12-26 16:30:00',1),(12,'2018-12-26 17:00:00',1),(12,'2018-12-26 17:30:00',1),(12,'2018-12-26 18:00:00',1),(12,'2018-12-26 18:30:00',1),(12,'2018-12-26 19:00:00',1),(12,'2018-12-28 08:30:00',1),(12,'2018-12-28 09:00:00',1),(12,'2018-12-28 09:30:00',1),(12,'2018-12-28 10:00:00',1),(12,'2018-12-28 10:30:00',1),(12,'2018-12-28 11:00:00',1),(12,'2018-12-28 11:30:00',1),(12,'2018-12-28 12:00:00',1),(12,'2018-12-28 12:30:00',1),(12,'2018-12-28 13:00:00',1),(12,'2018-12-28 13:30:00',1),(12,'2018-12-28 14:00:00',1),(12,'2018-12-28 16:30:00',1),(12,'2018-12-28 17:00:00',1),(12,'2018-12-28 17:30:00',1),(12,'2018-12-28 18:00:00',1),(12,'2018-12-28 18:30:00',1),(12,'2018-12-28 19:00:00',1),(12,'2018-12-31 08:30:00',1),(12,'2018-12-31 09:00:00',1),(12,'2018-12-31 09:30:00',1),(12,'2018-12-31 10:00:00',1),(12,'2018-12-31 10:30:00',1),(12,'2018-12-31 11:00:00',1),(12,'2018-12-31 11:30:00',1),(12,'2018-12-31 12:00:00',1),(12,'2018-12-31 12:30:00',1),(12,'2018-12-31 13:00:00',1),(12,'2018-12-31 13:30:00',1),(12,'2018-12-31 14:00:00',1),(12,'2018-12-31 16:30:00',1),(12,'2018-12-31 17:00:00',1),(12,'2018-12-31 17:30:00',1),(12,'2018-12-31 18:00:00',1),(12,'2018-12-31 18:30:00',1),(12,'2018-12-31 19:00:00',1),(23,'2018-03-01 13:00:00',1),(23,'2018-03-01 13:30:00',1),(23,'2018-03-01 14:00:00',1),(23,'2018-03-01 14:30:00',1),(23,'2018-03-01 15:00:00',1),(23,'2018-03-01 15:30:00',1),(23,'2018-03-01 16:00:00',1),(23,'2018-03-01 16:30:00',1),(23,'2018-03-01 17:00:00',1),(23,'2018-03-01 17:30:00',1),(23,'2018-03-01 18:00:00',1),(23,'2018-03-02 13:00:00',1),(23,'2018-03-02 13:30:00',1),(23,'2018-03-02 14:00:00',1),(23,'2018-03-02 14:30:00',1),(23,'2018-03-02 15:00:00',1),(23,'2018-03-02 15:30:00',1),(23,'2018-03-02 16:00:00',1),(23,'2018-03-02 16:30:00',1),(23,'2018-03-02 17:00:00',1),(23,'2018-03-02 17:30:00',1),(23,'2018-03-02 18:00:00',1),(23,'2018-03-08 13:00:00',1),(23,'2018-03-08 13:30:00',1),(23,'2018-03-08 14:00:00',1),(23,'2018-03-08 14:30:00',1),(23,'2018-03-08 15:00:00',1),(23,'2018-03-08 15:30:00',1),(23,'2018-03-08 16:00:00',1),(23,'2018-03-08 16:30:00',1),(23,'2018-03-08 17:00:00',1),(23,'2018-03-08 17:30:00',1),(23,'2018-03-08 18:00:00',1),(23,'2018-03-09 13:00:00',1),(23,'2018-03-09 13:30:00',1),(23,'2018-03-09 14:00:00',1),(23,'2018-03-09 14:30:00',1),(23,'2018-03-09 15:00:00',1),(23,'2018-03-09 15:30:00',1),(23,'2018-03-09 16:00:00',1),(23,'2018-03-09 16:30:00',1),(23,'2018-03-09 17:00:00',1),(23,'2018-03-09 17:30:00',1),(23,'2018-03-09 18:00:00',1),(23,'2018-03-15 13:00:00',1),(23,'2018-03-15 13:30:00',1),(23,'2018-03-15 14:00:00',1),(23,'2018-03-15 14:30:00',1),(23,'2018-03-15 15:00:00',1),(23,'2018-03-15 15:30:00',1),(23,'2018-03-15 16:00:00',1),(23,'2018-03-15 16:30:00',1),(23,'2018-03-15 17:00:00',1),(23,'2018-03-15 17:30:00',1),(23,'2018-03-15 18:00:00',1),(23,'2018-03-16 13:00:00',1),(23,'2018-03-16 13:30:00',1),(23,'2018-03-16 14:00:00',1),(23,'2018-03-16 14:30:00',1),(23,'2018-03-16 15:00:00',1),(23,'2018-03-16 15:30:00',1),(23,'2018-03-16 16:00:00',1),(23,'2018-03-16 16:30:00',1),(23,'2018-03-16 17:00:00',1),(23,'2018-03-16 17:30:00',1),(23,'2018-03-16 18:00:00',1),(23,'2018-03-22 13:00:00',1),(23,'2018-03-22 13:30:00',1),(23,'2018-03-22 14:00:00',1),(23,'2018-03-22 14:30:00',1),(23,'2018-03-22 15:00:00',1),(23,'2018-03-22 15:30:00',1),(23,'2018-03-22 16:00:00',1),(23,'2018-03-22 16:30:00',1),(23,'2018-03-22 17:00:00',1),(23,'2018-03-22 17:30:00',1),(23,'2018-03-22 18:00:00',1),(23,'2018-03-23 13:00:00',1),(23,'2018-03-23 13:30:00',1),(23,'2018-03-23 14:00:00',1),(23,'2018-03-23 14:30:00',1),(23,'2018-03-23 15:00:00',1),(23,'2018-03-23 15:30:00',1),(23,'2018-03-23 16:00:00',1),(23,'2018-03-23 16:30:00',1),(23,'2018-03-23 17:00:00',1),(23,'2018-03-23 17:30:00',1),(23,'2018-03-23 18:00:00',1),(23,'2018-03-29 13:00:00',1),(23,'2018-03-29 13:30:00',1),(23,'2018-03-29 14:00:00',1),(23,'2018-03-29 14:30:00',1),(23,'2018-03-29 15:00:00',1),(23,'2018-03-29 15:30:00',1),(23,'2018-03-29 16:00:00',1),(23,'2018-03-29 16:30:00',1),(23,'2018-03-29 17:00:00',1),(23,'2018-03-29 17:30:00',1),(23,'2018-03-29 18:00:00',1),(23,'2018-03-30 13:00:00',1),(23,'2018-03-30 13:30:00',1),(23,'2018-03-30 14:00:00',1),(23,'2018-03-30 14:30:00',1),(23,'2018-03-30 15:00:00',1),(23,'2018-03-30 15:30:00',1),(23,'2018-03-30 16:00:00',1),(23,'2018-03-30 16:30:00',1),(23,'2018-03-30 17:00:00',1),(23,'2018-03-30 17:30:00',1),(23,'2018-03-30 18:00:00',1),(23,'2018-04-05 13:00:00',1),(23,'2018-04-05 13:30:00',1),(23,'2018-04-05 14:00:00',1),(23,'2018-04-05 14:30:00',1),(23,'2018-04-05 15:00:00',1),(23,'2018-04-05 15:30:00',1),(23,'2018-04-05 16:00:00',1),(23,'2018-04-05 16:30:00',1),(23,'2018-04-05 17:00:00',1),(23,'2018-04-05 17:30:00',1),(23,'2018-04-05 18:00:00',1),(23,'2018-04-06 13:00:00',1),(23,'2018-04-06 13:30:00',1),(23,'2018-04-06 14:00:00',1),(23,'2018-04-06 14:30:00',1),(23,'2018-04-06 15:00:00',1),(23,'2018-04-06 15:30:00',1),(23,'2018-04-06 16:00:00',1),(23,'2018-04-06 16:30:00',1),(23,'2018-04-06 17:00:00',1),(23,'2018-04-06 17:30:00',1),(23,'2018-04-06 18:00:00',1),(23,'2018-04-12 13:00:00',1),(23,'2018-04-12 13:30:00',1),(23,'2018-04-12 14:00:00',1),(23,'2018-04-12 14:30:00',1),(23,'2018-04-12 15:00:00',1),(23,'2018-04-12 15:30:00',1),(23,'2018-04-12 16:00:00',1),(23,'2018-04-12 16:30:00',1),(23,'2018-04-12 17:00:00',1),(23,'2018-04-12 17:30:00',1),(23,'2018-04-12 18:00:00',1),(23,'2018-04-13 13:00:00',1),(23,'2018-04-13 13:30:00',1),(23,'2018-04-13 14:00:00',1),(23,'2018-04-13 14:30:00',1),(23,'2018-04-13 15:00:00',1),(23,'2018-04-13 15:30:00',1),(23,'2018-04-13 16:00:00',1),(23,'2018-04-13 16:30:00',1),(23,'2018-04-13 17:00:00',1),(23,'2018-04-13 17:30:00',1),(23,'2018-04-13 18:00:00',1),(23,'2018-04-19 13:00:00',1),(23,'2018-04-19 13:30:00',1),(23,'2018-04-19 14:00:00',1),(23,'2018-04-19 14:30:00',1),(23,'2018-04-19 15:00:00',1),(23,'2018-04-19 15:30:00',1),(23,'2018-04-19 16:00:00',1),(23,'2018-04-19 16:30:00',1),(23,'2018-04-19 17:00:00',1),(23,'2018-04-19 17:30:00',1),(23,'2018-04-19 18:00:00',1),(23,'2018-04-20 13:00:00',1),(23,'2018-04-20 13:30:00',1),(23,'2018-04-20 14:00:00',1),(23,'2018-04-20 14:30:00',1),(23,'2018-04-20 15:00:00',1),(23,'2018-04-20 15:30:00',1),(23,'2018-04-20 16:00:00',1),(23,'2018-04-20 16:30:00',1),(23,'2018-04-20 17:00:00',1),(23,'2018-04-20 17:30:00',1),(23,'2018-04-20 18:00:00',1),(23,'2018-04-26 13:00:00',1),(23,'2018-04-26 13:30:00',1),(23,'2018-04-26 14:00:00',1),(23,'2018-04-26 14:30:00',1),(23,'2018-04-26 15:00:00',1),(23,'2018-04-26 15:30:00',1),(23,'2018-04-26 16:00:00',1),(23,'2018-04-26 16:30:00',1),(23,'2018-04-26 17:00:00',1),(23,'2018-04-26 17:30:00',1),(23,'2018-04-26 18:00:00',1),(23,'2018-04-27 13:00:00',1),(23,'2018-04-27 13:30:00',1),(23,'2018-04-27 14:00:00',1),(23,'2018-04-27 14:30:00',1),(23,'2018-04-27 15:00:00',1),(23,'2018-04-27 15:30:00',1),(23,'2018-04-27 16:00:00',1),(23,'2018-04-27 16:30:00',1),(23,'2018-04-27 17:00:00',1),(23,'2018-04-27 17:30:00',1),(23,'2018-04-27 18:00:00',1),(23,'2018-05-03 13:00:00',1),(23,'2018-05-03 13:30:00',1),(23,'2018-05-03 14:00:00',1),(23,'2018-05-03 14:30:00',1),(23,'2018-05-03 15:00:00',1),(23,'2018-05-03 15:30:00',1),(23,'2018-05-03 16:00:00',1),(23,'2018-05-03 16:30:00',1),(23,'2018-05-03 17:00:00',1),(23,'2018-05-03 17:30:00',1),(23,'2018-05-03 18:00:00',1),(23,'2018-05-04 13:00:00',1),(23,'2018-05-04 13:30:00',1),(23,'2018-05-04 14:00:00',1),(23,'2018-05-04 14:30:00',1),(23,'2018-05-04 15:00:00',1),(23,'2018-05-04 15:30:00',1),(23,'2018-05-04 16:00:00',1),(23,'2018-05-04 16:30:00',1),(23,'2018-05-04 17:00:00',1),(23,'2018-05-04 17:30:00',1),(23,'2018-05-04 18:00:00',1),(23,'2018-05-10 13:00:00',1),(23,'2018-05-10 13:30:00',1),(23,'2018-05-10 14:00:00',1),(23,'2018-05-10 14:30:00',1),(23,'2018-05-10 15:00:00',1),(23,'2018-05-10 15:30:00',1),(23,'2018-05-10 16:00:00',1),(23,'2018-05-10 16:30:00',1),(23,'2018-05-10 17:00:00',1),(23,'2018-05-10 17:30:00',1),(23,'2018-05-10 18:00:00',1),(23,'2018-05-11 13:00:00',1),(23,'2018-05-11 13:30:00',1),(23,'2018-05-11 14:00:00',1),(23,'2018-05-11 14:30:00',1),(23,'2018-05-11 15:00:00',1),(23,'2018-05-11 15:30:00',1),(23,'2018-05-11 16:00:00',1),(23,'2018-05-11 16:30:00',1),(23,'2018-05-11 17:00:00',1),(23,'2018-05-11 17:30:00',1),(23,'2018-05-11 18:00:00',1),(23,'2018-05-17 13:00:00',1),(23,'2018-05-17 13:30:00',1),(23,'2018-05-17 14:00:00',1),(23,'2018-05-17 14:30:00',1),(23,'2018-05-17 15:00:00',1),(23,'2018-05-17 15:30:00',1),(23,'2018-05-17 16:00:00',1),(23,'2018-05-17 16:30:00',1),(23,'2018-05-17 17:00:00',1),(23,'2018-05-17 17:30:00',1),(23,'2018-05-17 18:00:00',1),(23,'2018-05-18 13:00:00',1),(23,'2018-05-18 13:30:00',1),(23,'2018-05-18 14:00:00',1),(23,'2018-05-18 14:30:00',1),(23,'2018-05-18 15:00:00',1),(23,'2018-05-18 15:30:00',1),(23,'2018-05-18 16:00:00',1),(23,'2018-05-18 16:30:00',1),(23,'2018-05-18 17:00:00',1),(23,'2018-05-18 17:30:00',1),(23,'2018-05-18 18:00:00',1),(23,'2018-05-24 13:00:00',1),(23,'2018-05-24 13:30:00',1),(23,'2018-05-24 14:00:00',1),(23,'2018-05-24 14:30:00',1),(23,'2018-05-24 15:00:00',1),(23,'2018-05-24 15:30:00',1),(23,'2018-05-24 16:00:00',1),(23,'2018-05-24 16:30:00',1),(23,'2018-05-24 17:00:00',1),(23,'2018-05-24 17:30:00',1),(23,'2018-05-24 18:00:00',1),(23,'2018-05-25 13:00:00',1),(23,'2018-05-25 13:30:00',1),(23,'2018-05-25 14:00:00',1),(23,'2018-05-25 14:30:00',1),(23,'2018-05-25 15:00:00',1),(23,'2018-05-25 15:30:00',1),(23,'2018-05-25 16:00:00',1),(23,'2018-05-25 16:30:00',1),(23,'2018-05-25 17:00:00',1),(23,'2018-05-25 17:30:00',1),(23,'2018-05-25 18:00:00',1),(23,'2018-05-31 13:00:00',1),(23,'2018-05-31 13:30:00',1),(23,'2018-05-31 14:00:00',1),(23,'2018-05-31 14:30:00',1),(23,'2018-05-31 15:00:00',1),(23,'2018-05-31 15:30:00',1),(23,'2018-05-31 16:00:00',1),(23,'2018-05-31 16:30:00',1),(23,'2018-05-31 17:00:00',1),(23,'2018-05-31 17:30:00',1),(23,'2018-05-31 18:00:00',1),(23,'2018-06-01 13:00:00',1),(23,'2018-06-01 13:30:00',1),(23,'2018-06-01 14:00:00',1),(23,'2018-06-01 14:30:00',1),(23,'2018-06-01 15:00:00',1),(23,'2018-06-01 15:30:00',1),(23,'2018-06-01 16:00:00',1),(23,'2018-06-01 16:30:00',1),(23,'2018-06-01 17:00:00',1),(23,'2018-06-01 17:30:00',1),(23,'2018-06-01 18:00:00',1),(23,'2018-06-07 13:00:00',1),(23,'2018-06-07 13:30:00',1),(23,'2018-06-07 14:00:00',1),(23,'2018-06-07 14:30:00',1),(23,'2018-06-07 15:00:00',1),(23,'2018-06-07 15:30:00',1),(23,'2018-06-07 16:00:00',1),(23,'2018-06-07 16:30:00',1),(23,'2018-06-07 17:00:00',1),(23,'2018-06-07 17:30:00',1),(23,'2018-06-07 18:00:00',1),(23,'2018-06-08 13:00:00',1),(23,'2018-06-08 13:30:00',1),(23,'2018-06-08 14:00:00',1),(23,'2018-06-08 14:30:00',1),(23,'2018-06-08 15:00:00',1),(23,'2018-06-08 15:30:00',1),(23,'2018-06-08 16:00:00',1),(23,'2018-06-08 16:30:00',1),(23,'2018-06-08 17:00:00',1),(23,'2018-06-08 17:30:00',1),(23,'2018-06-08 18:00:00',1),(23,'2018-06-14 13:00:00',1),(23,'2018-06-14 13:30:00',1),(23,'2018-06-14 14:00:00',1),(23,'2018-06-14 14:30:00',1),(23,'2018-06-14 15:00:00',1),(23,'2018-06-14 15:30:00',1),(23,'2018-06-14 16:00:00',1),(23,'2018-06-14 16:30:00',1),(23,'2018-06-14 17:00:00',1),(23,'2018-06-14 17:30:00',1),(23,'2018-06-14 18:00:00',1),(23,'2018-06-15 13:00:00',1),(23,'2018-06-15 13:30:00',1),(23,'2018-06-15 14:00:00',1),(23,'2018-06-15 14:30:00',1),(23,'2018-06-15 15:00:00',1),(23,'2018-06-15 15:30:00',1),(23,'2018-06-15 16:00:00',1),(23,'2018-06-15 16:30:00',1),(23,'2018-06-15 17:00:00',1),(23,'2018-06-15 17:30:00',1),(23,'2018-06-15 18:00:00',1),(23,'2018-06-21 13:00:00',1),(23,'2018-06-21 13:30:00',1),(23,'2018-06-21 14:00:00',1),(23,'2018-06-21 14:30:00',1),(23,'2018-06-21 15:00:00',1),(23,'2018-06-21 15:30:00',1),(23,'2018-06-21 16:00:00',1),(23,'2018-06-21 16:30:00',1),(23,'2018-06-21 17:00:00',1),(23,'2018-06-21 17:30:00',1),(23,'2018-06-21 18:00:00',1),(23,'2018-06-22 13:00:00',1),(23,'2018-06-22 13:30:00',1),(23,'2018-06-22 14:00:00',1),(23,'2018-06-22 14:30:00',1),(23,'2018-06-22 15:00:00',1),(23,'2018-06-22 15:30:00',1),(23,'2018-06-22 16:00:00',1),(23,'2018-06-22 16:30:00',1),(23,'2018-06-22 17:00:00',1),(23,'2018-06-22 17:30:00',1),(23,'2018-06-22 18:00:00',1),(23,'2018-06-28 13:00:00',1),(23,'2018-06-28 13:30:00',1),(23,'2018-06-28 14:00:00',1),(23,'2018-06-28 14:30:00',1),(23,'2018-06-28 15:00:00',1),(23,'2018-06-28 15:30:00',1),(23,'2018-06-28 16:00:00',1),(23,'2018-06-28 16:30:00',1),(23,'2018-06-28 17:00:00',1),(23,'2018-06-28 17:30:00',1),(23,'2018-06-28 18:00:00',1),(23,'2018-06-29 13:00:00',1),(23,'2018-06-29 13:30:00',1),(23,'2018-06-29 14:00:00',1),(23,'2018-06-29 14:30:00',1),(23,'2018-06-29 15:00:00',1),(23,'2018-06-29 15:30:00',1),(23,'2018-06-29 16:00:00',1),(23,'2018-06-29 16:30:00',1),(23,'2018-06-29 17:00:00',1),(23,'2018-06-29 17:30:00',1),(23,'2018-06-29 18:00:00',1),(23,'2018-07-05 13:00:00',1),(23,'2018-07-05 13:30:00',1),(23,'2018-07-05 14:00:00',1),(23,'2018-07-05 14:30:00',1),(23,'2018-07-05 15:00:00',1),(23,'2018-07-05 15:30:00',1),(23,'2018-07-05 16:00:00',1),(23,'2018-07-05 16:30:00',1),(23,'2018-07-05 17:00:00',1),(23,'2018-07-05 17:30:00',1),(23,'2018-07-05 18:00:00',1),(23,'2018-07-06 13:00:00',1),(23,'2018-07-06 13:30:00',1),(23,'2018-07-06 14:00:00',1),(23,'2018-07-06 14:30:00',1),(23,'2018-07-06 15:00:00',1),(23,'2018-07-06 15:30:00',1),(23,'2018-07-06 16:00:00',1),(23,'2018-07-06 16:30:00',1),(23,'2018-07-06 17:00:00',1),(23,'2018-07-06 17:30:00',1),(23,'2018-07-06 18:00:00',1),(23,'2018-07-12 13:00:00',1),(23,'2018-07-12 13:30:00',1),(23,'2018-07-12 14:00:00',1),(23,'2018-07-12 14:30:00',1),(23,'2018-07-12 15:00:00',1),(23,'2018-07-12 15:30:00',1),(23,'2018-07-12 16:00:00',1),(23,'2018-07-12 16:30:00',1),(23,'2018-07-12 17:00:00',1),(23,'2018-07-12 17:30:00',1),(23,'2018-07-12 18:00:00',1),(23,'2018-07-13 13:00:00',1),(23,'2018-07-13 13:30:00',1),(23,'2018-07-13 14:00:00',1),(23,'2018-07-13 14:30:00',1),(23,'2018-07-13 15:00:00',1),(23,'2018-07-13 15:30:00',1),(23,'2018-07-13 16:00:00',1),(23,'2018-07-13 16:30:00',1),(23,'2018-07-13 17:00:00',1),(23,'2018-07-13 17:30:00',1),(23,'2018-07-13 18:00:00',1),(23,'2018-07-19 13:00:00',1),(23,'2018-07-19 13:30:00',1),(23,'2018-07-19 14:00:00',1),(23,'2018-07-19 14:30:00',1),(23,'2018-07-19 15:00:00',1),(23,'2018-07-19 15:30:00',1),(23,'2018-07-19 16:00:00',1),(23,'2018-07-19 16:30:00',1),(23,'2018-07-19 17:00:00',1),(23,'2018-07-19 17:30:00',1),(23,'2018-07-19 18:00:00',1),(23,'2018-07-20 13:00:00',1),(23,'2018-07-20 13:30:00',1),(23,'2018-07-20 14:00:00',1),(23,'2018-07-20 14:30:00',1),(23,'2018-07-20 15:00:00',1),(23,'2018-07-20 15:30:00',1),(23,'2018-07-20 16:00:00',1),(23,'2018-07-20 16:30:00',1),(23,'2018-07-20 17:00:00',1),(23,'2018-07-20 17:30:00',1),(23,'2018-07-20 18:00:00',1),(23,'2018-07-26 13:00:00',1),(23,'2018-07-26 13:30:00',1),(23,'2018-07-26 14:00:00',1),(23,'2018-07-26 14:30:00',1),(23,'2018-07-26 15:00:00',1),(23,'2018-07-26 15:30:00',1),(23,'2018-07-26 16:00:00',1),(23,'2018-07-26 16:30:00',1),(23,'2018-07-26 17:00:00',1),(23,'2018-07-26 17:30:00',1),(23,'2018-07-26 18:00:00',1),(23,'2018-07-27 13:00:00',1),(23,'2018-07-27 13:30:00',1),(23,'2018-07-27 14:00:00',1),(23,'2018-07-27 14:30:00',1),(23,'2018-07-27 15:00:00',1),(23,'2018-07-27 15:30:00',1),(23,'2018-07-27 16:00:00',1),(23,'2018-07-27 16:30:00',1),(23,'2018-07-27 17:00:00',1),(23,'2018-07-27 17:30:00',1),(23,'2018-07-27 18:00:00',1),(23,'2018-08-02 13:00:00',1),(23,'2018-08-02 13:30:00',1),(23,'2018-08-02 14:00:00',1),(23,'2018-08-02 14:30:00',1),(23,'2018-08-02 15:00:00',1),(23,'2018-08-02 15:30:00',1),(23,'2018-08-02 16:00:00',1),(23,'2018-08-02 16:30:00',1),(23,'2018-08-02 17:00:00',1),(23,'2018-08-02 17:30:00',1),(23,'2018-08-02 18:00:00',1),(23,'2018-08-03 13:00:00',1),(23,'2018-08-03 13:30:00',1),(23,'2018-08-03 14:00:00',1),(23,'2018-08-03 14:30:00',1),(23,'2018-08-03 15:00:00',1),(23,'2018-08-03 15:30:00',1),(23,'2018-08-03 16:00:00',1),(23,'2018-08-03 16:30:00',1),(23,'2018-08-03 17:00:00',1),(23,'2018-08-03 17:30:00',1),(23,'2018-08-03 18:00:00',1),(23,'2018-08-09 13:00:00',1),(23,'2018-08-09 13:30:00',1),(23,'2018-08-09 14:00:00',1),(23,'2018-08-09 14:30:00',1),(23,'2018-08-09 15:00:00',1),(23,'2018-08-09 15:30:00',1),(23,'2018-08-09 16:00:00',1),(23,'2018-08-09 16:30:00',1),(23,'2018-08-09 17:00:00',1),(23,'2018-08-09 17:30:00',1),(23,'2018-08-09 18:00:00',1),(23,'2018-08-10 13:00:00',1),(23,'2018-08-10 13:30:00',1),(23,'2018-08-10 14:00:00',1),(23,'2018-08-10 14:30:00',1),(23,'2018-08-10 15:00:00',1),(23,'2018-08-10 15:30:00',1),(23,'2018-08-10 16:00:00',1),(23,'2018-08-10 16:30:00',1),(23,'2018-08-10 17:00:00',1),(23,'2018-08-10 17:30:00',1),(23,'2018-08-10 18:00:00',1),(23,'2018-08-16 13:00:00',1),(23,'2018-08-16 13:30:00',1),(23,'2018-08-16 14:00:00',1),(23,'2018-08-16 14:30:00',1),(23,'2018-08-16 15:00:00',1),(23,'2018-08-16 15:30:00',1),(23,'2018-08-16 16:00:00',1),(23,'2018-08-16 16:30:00',1),(23,'2018-08-16 17:00:00',1),(23,'2018-08-16 17:30:00',1),(23,'2018-08-16 18:00:00',1),(23,'2018-08-17 13:00:00',1),(23,'2018-08-17 13:30:00',1),(23,'2018-08-17 14:00:00',1),(23,'2018-08-17 14:30:00',1),(23,'2018-08-17 15:00:00',1),(23,'2018-08-17 15:30:00',1),(23,'2018-08-17 16:00:00',1),(23,'2018-08-17 16:30:00',1),(23,'2018-08-17 17:00:00',1),(23,'2018-08-17 17:30:00',1),(23,'2018-08-17 18:00:00',1),(23,'2018-08-23 13:00:00',1),(23,'2018-08-23 13:30:00',1),(23,'2018-08-23 14:00:00',1),(23,'2018-08-23 14:30:00',1),(23,'2018-08-23 15:00:00',1),(23,'2018-08-23 15:30:00',1),(23,'2018-08-23 16:00:00',1),(23,'2018-08-23 16:30:00',1),(23,'2018-08-23 17:00:00',1),(23,'2018-08-23 17:30:00',1),(23,'2018-08-23 18:00:00',1),(23,'2018-08-24 13:00:00',1),(23,'2018-08-24 13:30:00',1),(23,'2018-08-24 14:00:00',1),(23,'2018-08-24 14:30:00',1),(23,'2018-08-24 15:00:00',1),(23,'2018-08-24 15:30:00',1),(23,'2018-08-24 16:00:00',1),(23,'2018-08-24 16:30:00',1),(23,'2018-08-24 17:00:00',1),(23,'2018-08-24 17:30:00',1),(23,'2018-08-24 18:00:00',1),(23,'2018-08-30 13:00:00',1),(23,'2018-08-30 13:30:00',1),(23,'2018-08-30 14:00:00',1),(23,'2018-08-30 14:30:00',1),(23,'2018-08-30 15:00:00',1),(23,'2018-08-30 15:30:00',1),(23,'2018-08-30 16:00:00',1),(23,'2018-08-30 16:30:00',1),(23,'2018-08-30 17:00:00',1),(23,'2018-08-30 17:30:00',1),(23,'2018-08-30 18:00:00',1),(23,'2018-08-31 13:00:00',1),(23,'2018-08-31 13:30:00',1),(23,'2018-08-31 14:00:00',1),(23,'2018-08-31 14:30:00',1),(23,'2018-08-31 15:00:00',1),(23,'2018-08-31 15:30:00',1),(23,'2018-08-31 16:00:00',1),(23,'2018-08-31 16:30:00',1),(23,'2018-08-31 17:00:00',1),(23,'2018-08-31 17:30:00',1),(23,'2018-08-31 18:00:00',1),(23,'2018-09-06 13:00:00',1),(23,'2018-09-06 13:30:00',1),(23,'2018-09-06 14:00:00',1),(23,'2018-09-06 14:30:00',1),(23,'2018-09-06 15:00:00',1),(23,'2018-09-06 15:30:00',1),(23,'2018-09-06 16:00:00',1),(23,'2018-09-06 16:30:00',1),(23,'2018-09-06 17:00:00',1),(23,'2018-09-06 17:30:00',1),(23,'2018-09-06 18:00:00',1),(23,'2018-09-07 13:00:00',1),(23,'2018-09-07 13:30:00',1),(23,'2018-09-07 14:00:00',1),(23,'2018-09-07 14:30:00',1),(23,'2018-09-07 15:00:00',1),(23,'2018-09-07 15:30:00',1),(23,'2018-09-07 16:00:00',1),(23,'2018-09-07 16:30:00',1),(23,'2018-09-07 17:00:00',1),(23,'2018-09-07 17:30:00',1),(23,'2018-09-07 18:00:00',1),(23,'2018-09-13 13:00:00',1),(23,'2018-09-13 13:30:00',1),(23,'2018-09-13 14:00:00',1),(23,'2018-09-13 14:30:00',1),(23,'2018-09-13 15:00:00',1),(23,'2018-09-13 15:30:00',1),(23,'2018-09-13 16:00:00',1),(23,'2018-09-13 16:30:00',1),(23,'2018-09-13 17:00:00',1),(23,'2018-09-13 17:30:00',1),(23,'2018-09-13 18:00:00',1),(23,'2018-09-14 13:00:00',1),(23,'2018-09-14 13:30:00',1),(23,'2018-09-14 14:00:00',1),(23,'2018-09-14 14:30:00',1),(23,'2018-09-14 15:00:00',1),(23,'2018-09-14 15:30:00',1),(23,'2018-09-14 16:00:00',1),(23,'2018-09-14 16:30:00',1),(23,'2018-09-14 17:00:00',1),(23,'2018-09-14 17:30:00',1),(23,'2018-09-14 18:00:00',1),(23,'2018-09-20 13:00:00',1),(23,'2018-09-20 13:30:00',1),(23,'2018-09-20 14:00:00',1),(23,'2018-09-20 14:30:00',1),(23,'2018-09-20 15:00:00',1),(23,'2018-09-20 15:30:00',1),(23,'2018-09-20 16:00:00',1),(23,'2018-09-20 16:30:00',1),(23,'2018-09-20 17:00:00',1),(23,'2018-09-20 17:30:00',1),(23,'2018-09-20 18:00:00',1),(23,'2018-09-21 13:00:00',1),(23,'2018-09-21 13:30:00',1),(23,'2018-09-21 14:00:00',1),(23,'2018-09-21 14:30:00',1),(23,'2018-09-21 15:00:00',1),(23,'2018-09-21 15:30:00',1),(23,'2018-09-21 16:00:00',1),(23,'2018-09-21 16:30:00',1),(23,'2018-09-21 17:00:00',1),(23,'2018-09-21 17:30:00',1),(23,'2018-09-21 18:00:00',1),(23,'2018-09-27 13:00:00',1),(23,'2018-09-27 13:30:00',1),(23,'2018-09-27 14:00:00',1),(23,'2018-09-27 14:30:00',1),(23,'2018-09-27 15:00:00',1),(23,'2018-09-27 15:30:00',1),(23,'2018-09-27 16:00:00',1),(23,'2018-09-27 16:30:00',1),(23,'2018-09-27 17:00:00',1),(23,'2018-09-27 17:30:00',1),(23,'2018-09-27 18:00:00',1),(23,'2018-09-28 13:00:00',1),(23,'2018-09-28 13:30:00',1),(23,'2018-09-28 14:00:00',1),(23,'2018-09-28 14:30:00',1),(23,'2018-09-28 15:00:00',1),(23,'2018-09-28 15:30:00',1),(23,'2018-09-28 16:00:00',1),(23,'2018-09-28 16:30:00',1),(23,'2018-09-28 17:00:00',1),(23,'2018-09-28 17:30:00',1),(23,'2018-09-28 18:00:00',1),(23,'2018-10-04 13:00:00',1),(23,'2018-10-04 13:30:00',1),(23,'2018-10-04 14:00:00',1),(23,'2018-10-04 14:30:00',1),(23,'2018-10-04 15:00:00',1),(23,'2018-10-04 15:30:00',1),(23,'2018-10-04 16:00:00',1),(23,'2018-10-04 16:30:00',1),(23,'2018-10-04 17:00:00',1),(23,'2018-10-04 17:30:00',1),(23,'2018-10-04 18:00:00',1),(23,'2018-10-05 13:00:00',1),(23,'2018-10-05 13:30:00',1),(23,'2018-10-05 14:00:00',1),(23,'2018-10-05 14:30:00',1),(23,'2018-10-05 15:00:00',1),(23,'2018-10-05 15:30:00',1),(23,'2018-10-05 16:00:00',1),(23,'2018-10-05 16:30:00',1),(23,'2018-10-05 17:00:00',1),(23,'2018-10-05 17:30:00',1),(23,'2018-10-05 18:00:00',1),(23,'2018-10-11 13:00:00',1),(23,'2018-10-11 13:30:00',1),(23,'2018-10-11 14:00:00',1),(23,'2018-10-11 14:30:00',1),(23,'2018-10-11 15:00:00',1),(23,'2018-10-11 15:30:00',1),(23,'2018-10-11 16:00:00',1),(23,'2018-10-11 16:30:00',1),(23,'2018-10-11 17:00:00',1),(23,'2018-10-11 17:30:00',1),(23,'2018-10-11 18:00:00',1),(23,'2018-10-12 13:00:00',1),(23,'2018-10-12 13:30:00',1),(23,'2018-10-12 14:00:00',1),(23,'2018-10-12 14:30:00',1),(23,'2018-10-12 15:00:00',1),(23,'2018-10-12 15:30:00',1),(23,'2018-10-12 16:00:00',1),(23,'2018-10-12 16:30:00',1),(23,'2018-10-12 17:00:00',1),(23,'2018-10-12 17:30:00',1),(23,'2018-10-12 18:00:00',1),(23,'2018-10-18 13:00:00',1),(23,'2018-10-18 13:30:00',1),(23,'2018-10-18 14:00:00',1),(23,'2018-10-18 14:30:00',1),(23,'2018-10-18 15:00:00',1),(23,'2018-10-18 15:30:00',1),(23,'2018-10-18 16:00:00',1),(23,'2018-10-18 16:30:00',1),(23,'2018-10-18 17:00:00',1),(23,'2018-10-18 17:30:00',1),(23,'2018-10-18 18:00:00',1),(23,'2018-10-19 13:00:00',1),(23,'2018-10-19 13:30:00',1),(23,'2018-10-19 14:00:00',1),(23,'2018-10-19 14:30:00',1),(23,'2018-10-19 15:00:00',1),(23,'2018-10-19 15:30:00',1),(23,'2018-10-19 16:00:00',1),(23,'2018-10-19 16:30:00',1),(23,'2018-10-19 17:00:00',1),(23,'2018-10-19 17:30:00',1),(23,'2018-10-19 18:00:00',1),(23,'2018-10-25 13:00:00',1),(23,'2018-10-25 13:30:00',1),(23,'2018-10-25 14:00:00',1),(23,'2018-10-25 14:30:00',1),(23,'2018-10-25 15:00:00',1),(23,'2018-10-25 15:30:00',1),(23,'2018-10-25 16:00:00',1),(23,'2018-10-25 16:30:00',1),(23,'2018-10-25 17:00:00',1),(23,'2018-10-25 17:30:00',1),(23,'2018-10-25 18:00:00',1),(23,'2018-10-26 13:00:00',1),(23,'2018-10-26 13:30:00',1),(23,'2018-10-26 14:00:00',1),(23,'2018-10-26 14:30:00',1),(23,'2018-10-26 15:00:00',1),(23,'2018-10-26 15:30:00',1),(23,'2018-10-26 16:00:00',1),(23,'2018-10-26 16:30:00',1),(23,'2018-10-26 17:00:00',1),(23,'2018-10-26 17:30:00',1),(23,'2018-10-26 18:00:00',1),(23,'2018-11-01 13:00:00',1),(23,'2018-11-01 13:30:00',1),(23,'2018-11-01 14:00:00',1),(23,'2018-11-01 14:30:00',1),(23,'2018-11-01 15:00:00',1),(23,'2018-11-01 15:30:00',1),(23,'2018-11-01 16:00:00',1),(23,'2018-11-01 16:30:00',1),(23,'2018-11-01 17:00:00',1),(23,'2018-11-01 17:30:00',1),(23,'2018-11-01 18:00:00',1),(23,'2018-11-02 13:00:00',1),(23,'2018-11-02 13:30:00',1),(23,'2018-11-02 14:00:00',1),(23,'2018-11-02 14:30:00',1),(23,'2018-11-02 15:00:00',1),(23,'2018-11-02 15:30:00',1),(23,'2018-11-02 16:00:00',1),(23,'2018-11-02 16:30:00',1),(23,'2018-11-02 17:00:00',1),(23,'2018-11-02 17:30:00',1),(23,'2018-11-02 18:00:00',1),(23,'2018-11-08 13:00:00',1),(23,'2018-11-08 13:30:00',1),(23,'2018-11-08 14:00:00',1),(23,'2018-11-08 14:30:00',1),(23,'2018-11-08 15:00:00',1),(23,'2018-11-08 15:30:00',1),(23,'2018-11-08 16:00:00',1),(23,'2018-11-08 16:30:00',1),(23,'2018-11-08 17:00:00',1),(23,'2018-11-08 17:30:00',1),(23,'2018-11-08 18:00:00',1),(23,'2018-11-09 13:00:00',1),(23,'2018-11-09 13:30:00',1),(23,'2018-11-09 14:00:00',1),(23,'2018-11-09 14:30:00',1),(23,'2018-11-09 15:00:00',1),(23,'2018-11-09 15:30:00',1),(23,'2018-11-09 16:00:00',1),(23,'2018-11-09 16:30:00',1),(23,'2018-11-09 17:00:00',1),(23,'2018-11-09 17:30:00',1),(23,'2018-11-09 18:00:00',1),(23,'2018-11-15 13:00:00',1),(23,'2018-11-15 13:30:00',1),(23,'2018-11-15 14:00:00',1),(23,'2018-11-15 14:30:00',1),(23,'2018-11-15 15:00:00',1),(23,'2018-11-15 15:30:00',1),(23,'2018-11-15 16:00:00',1),(23,'2018-11-15 16:30:00',1),(23,'2018-11-15 17:00:00',1),(23,'2018-11-15 17:30:00',1),(23,'2018-11-15 18:00:00',1),(23,'2018-11-16 13:00:00',1),(23,'2018-11-16 13:30:00',1),(23,'2018-11-16 14:00:00',1),(23,'2018-11-16 14:30:00',1),(23,'2018-11-16 15:00:00',1),(23,'2018-11-16 15:30:00',1),(23,'2018-11-16 16:00:00',1),(23,'2018-11-16 16:30:00',1),(23,'2018-11-16 17:00:00',1),(23,'2018-11-16 17:30:00',1),(23,'2018-11-16 18:00:00',1),(23,'2018-11-22 13:00:00',1),(23,'2018-11-22 13:30:00',1),(23,'2018-11-22 14:00:00',1),(23,'2018-11-22 14:30:00',1),(23,'2018-11-22 15:00:00',1),(23,'2018-11-22 15:30:00',1),(23,'2018-11-22 16:00:00',1),(23,'2018-11-22 16:30:00',1),(23,'2018-11-22 17:00:00',1),(23,'2018-11-22 17:30:00',1),(23,'2018-11-22 18:00:00',1),(23,'2018-11-23 13:00:00',1),(23,'2018-11-23 13:30:00',1),(23,'2018-11-23 14:00:00',1),(23,'2018-11-23 14:30:00',1),(23,'2018-11-23 15:00:00',1),(23,'2018-11-23 15:30:00',1),(23,'2018-11-23 16:00:00',1),(23,'2018-11-23 16:30:00',1),(23,'2018-11-23 17:00:00',1),(23,'2018-11-23 17:30:00',1),(23,'2018-11-23 18:00:00',1),(23,'2018-11-29 13:00:00',1),(23,'2018-11-29 13:30:00',1),(23,'2018-11-29 14:00:00',1),(23,'2018-11-29 14:30:00',1),(23,'2018-11-29 15:00:00',1),(23,'2018-11-29 15:30:00',1),(23,'2018-11-29 16:00:00',1),(23,'2018-11-29 16:30:00',1),(23,'2018-11-29 17:00:00',1),(23,'2018-11-29 17:30:00',1),(23,'2018-11-29 18:00:00',1),(23,'2018-11-30 13:00:00',1),(23,'2018-11-30 13:30:00',1),(23,'2018-11-30 14:00:00',1),(23,'2018-11-30 14:30:00',1),(23,'2018-11-30 15:00:00',1),(23,'2018-11-30 15:30:00',1),(23,'2018-11-30 16:00:00',1),(23,'2018-11-30 16:30:00',1),(23,'2018-11-30 17:00:00',1),(23,'2018-11-30 17:30:00',1),(23,'2018-11-30 18:00:00',1),(23,'2018-12-06 13:00:00',1),(23,'2018-12-06 13:30:00',1),(23,'2018-12-06 14:00:00',1),(23,'2018-12-06 14:30:00',1),(23,'2018-12-06 15:00:00',1),(23,'2018-12-06 15:30:00',1),(23,'2018-12-06 16:00:00',1),(23,'2018-12-06 16:30:00',1),(23,'2018-12-06 17:00:00',1),(23,'2018-12-06 17:30:00',1),(23,'2018-12-06 18:00:00',1),(23,'2018-12-07 13:00:00',1),(23,'2018-12-07 13:30:00',1),(23,'2018-12-07 14:00:00',1),(23,'2018-12-07 14:30:00',1),(23,'2018-12-07 15:00:00',1),(23,'2018-12-07 15:30:00',1),(23,'2018-12-07 16:00:00',1),(23,'2018-12-07 16:30:00',1),(23,'2018-12-07 17:00:00',1),(23,'2018-12-07 17:30:00',1),(23,'2018-12-07 18:00:00',1),(23,'2018-12-13 13:00:00',1),(23,'2018-12-13 13:30:00',1),(23,'2018-12-13 14:00:00',1),(23,'2018-12-13 14:30:00',1),(23,'2018-12-13 15:00:00',1),(23,'2018-12-13 15:30:00',1),(23,'2018-12-13 16:00:00',1),(23,'2018-12-13 16:30:00',1),(23,'2018-12-13 17:00:00',1),(23,'2018-12-13 17:30:00',1),(23,'2018-12-13 18:00:00',1),(23,'2018-12-14 13:00:00',1),(23,'2018-12-14 13:30:00',1),(23,'2018-12-14 14:00:00',1),(23,'2018-12-14 14:30:00',1),(23,'2018-12-14 15:00:00',1),(23,'2018-12-14 15:30:00',1),(23,'2018-12-14 16:00:00',1),(23,'2018-12-14 16:30:00',1),(23,'2018-12-14 17:00:00',1),(23,'2018-12-14 17:30:00',1),(23,'2018-12-14 18:00:00',1),(23,'2018-12-20 13:00:00',1),(23,'2018-12-20 13:30:00',1),(23,'2018-12-20 14:00:00',1),(23,'2018-12-20 14:30:00',1),(23,'2018-12-20 15:00:00',1),(23,'2018-12-20 15:30:00',1),(23,'2018-12-20 16:00:00',1),(23,'2018-12-20 16:30:00',1),(23,'2018-12-20 17:00:00',1),(23,'2018-12-20 17:30:00',1),(23,'2018-12-20 18:00:00',1),(23,'2018-12-21 13:00:00',1),(23,'2018-12-21 13:30:00',1),(23,'2018-12-21 14:00:00',1),(23,'2018-12-21 14:30:00',1),(23,'2018-12-21 15:00:00',1),(23,'2018-12-21 15:30:00',1),(23,'2018-12-21 16:00:00',1),(23,'2018-12-21 16:30:00',1),(23,'2018-12-21 17:00:00',1),(23,'2018-12-21 17:30:00',1),(23,'2018-12-21 18:00:00',1),(23,'2018-12-27 13:00:00',1),(23,'2018-12-27 13:30:00',1),(23,'2018-12-27 14:00:00',1),(23,'2018-12-27 14:30:00',1),(23,'2018-12-27 15:00:00',1),(23,'2018-12-27 15:30:00',1),(23,'2018-12-27 16:00:00',1),(23,'2018-12-27 16:30:00',1),(23,'2018-12-27 17:00:00',1),(23,'2018-12-27 17:30:00',1),(23,'2018-12-27 18:00:00',1),(23,'2018-12-28 13:00:00',1),(23,'2018-12-28 13:30:00',1),(23,'2018-12-28 14:00:00',1),(23,'2018-12-28 14:30:00',1),(23,'2018-12-28 15:00:00',1),(23,'2018-12-28 15:30:00',1),(23,'2018-12-28 16:00:00',1),(23,'2018-12-28 16:30:00',1),(23,'2018-12-28 17:00:00',1),(23,'2018-12-28 17:30:00',1),(23,'2018-12-28 18:00:00',1);
/*!40000 ALTER TABLE `calendarios_agendas_turnos` ENABLE KEYS */;
UNLOCK TABLES;

--
-- Table structure for table `especialidades`
--

DROP TABLE IF EXISTS `especialidades`;
/*!40101 SET @saved_cs_client     = @@character_set_client */;
/*!40101 SET character_set_client = utf8 */;
CREATE TABLE `especialidades` (
  `ID_Especialidad` int(11) NOT NULL,
  `Descripcion` varchar(45) DEFAULT NULL,
  PRIMARY KEY (`ID_Especialidad`)
) ENGINE=InnoDB DEFAULT CHARSET=utf8;
/*!40101 SET character_set_client = @saved_cs_client */;

--
-- Dumping data for table `especialidades`
--

LOCK TABLES `especialidades` WRITE;
/*!40000 ALTER TABLE `especialidades` DISABLE KEYS */;
INSERT INTO `especialidades` VALUES (1,'NUTRICIN'),(2,'OBSTETRICIA'),(3,'UROLOGA'),(4,'ANESTESIOLOGA'),(5,'CARDIOLOGA'),(6,'INFECTOLOGA'),(7,'KINESIOLOGA'),(8,'ORTOPEDIA Y TRAUMATOLOGA'),(9,'OFTALMOLOGA'),(10,'ODONTOLOGA');
/*!40000 ALTER TABLE `especialidades` ENABLE KEYS */;
UNLOCK TABLES;

--
-- Table structure for table `historias_clinicas`
--

DROP TABLE IF EXISTS `historias_clinicas`;
/*!40101 SET @saved_cs_client     = @@character_set_client */;
/*!40101 SET character_set_client = utf8 */;
CREATE TABLE `historias_clinicas` (
  `ID_HistoriaClinica` int(11) NOT NULL,
  `CampoAdefinir1` varchar(45) DEFAULT NULL,
  `Pacientes_DNI` varchar(50) NOT NULL,
  PRIMARY KEY (`ID_HistoriaClinica`),
  KEY `fk_HistoriasClinicas_Pacientes1_idx` (`Pacientes_DNI`),
  CONSTRAINT `fk_HistoriasClinicas_Pacientes1` FOREIGN KEY (`Pacientes_DNI`) REFERENCES `pacientes` (`Dni`) ON DELETE NO ACTION ON UPDATE NO ACTION
) ENGINE=InnoDB DEFAULT CHARSET=utf8;
/*!40101 SET character_set_client = @saved_cs_client */;

--
-- Dumping data for table `historias_clinicas`
--

LOCK TABLES `historias_clinicas` WRITE;
/*!40000 ALTER TABLE `historias_clinicas` DISABLE KEYS */;
/*!40000 ALTER TABLE `historias_clinicas` ENABLE KEYS */;
UNLOCK TABLES;

--
-- Table structure for table `medicos`
--

DROP TABLE IF EXISTS `medicos`;
/*!40101 SET @saved_cs_client     = @@character_set_client */;
/*!40101 SET character_set_client = utf8 */;
CREATE TABLE `medicos` (
  `NroLegajo` int(11) NOT NULL,
  `DNI` varchar(20) NOT NULL,
  `Nombre` varchar(200) NOT NULL,
  `Apellido` varchar(50) NOT NULL,
  `Direccion` varchar(50) DEFAULT NULL,
  `Telefono` varchar(200) DEFAULT NULL,
  `EMAIL` varchar(200) DEFAULT NULL,
  `FechaIngreso` date DEFAULT NULL,
  `ID_Especialidad` int(11) NOT NULL,
  PRIMARY KEY (`NroLegajo`),
  UNIQUE KEY `DNI_UNIQUE` (`DNI`),
  KEY `fk_Medicos_Especialidades1_idx` (`ID_Especialidad`),
  CONSTRAINT `fk_Medicos_Especialidades1` FOREIGN KEY (`ID_Especialidad`) REFERENCES `especialidades` (`ID_Especialidad`) ON DELETE NO ACTION ON UPDATE NO ACTION
) ENGINE=InnoDB DEFAULT CHARSET=utf8;
/*!40101 SET character_set_client = @saved_cs_client */;

--
-- Dumping data for table `medicos`
--

LOCK TABLES `medicos` WRITE;
/*!40000 ALTER TABLE `medicos` DISABLE KEYS */;
INSERT INTO `medicos` VALUES (1,'26423324','Julieta','Bertarini','Estrada 32122','2234461987','jbertarini@gmail.com','2015-04-05',1),(2,'28987124','Gabriela','Capurro','San Martin 1233','2234547478','gabriela231capurro@live.com.ar','2016-07-06',1),(3,'27984001','Alejandro','Jaksic','Moreno 2134 PB A','2235236547','nutricionJaksic@arnet.com','2009-02-25',1),(4,'29414014','Veronica Florencia','Surace','Luro 4501','4726927','surace29414@yahoo.com.ar','2017-04-04',1),(5,'22321145','Mariela','Acua','Libertad 3214','4995847','mari2010@gmail.com','2012-01-07',2),(6,'24324998|','Jorge','Anuncibay','Bv.Maritimo 764','2235478214|','anuncibayJ@hotmail.com','2013-04-04',2),(7,'29145215','Diego','Franco','Los Andes 3212','2235641222','nutricionysaludFrancoD@uol.com','2009-12-20',2),(8,'23145258','Carlos','Peralta','Alem  211','2234566223','peralta1972@gmail.com','2008-01-01',3),(9,'27423111','Pablo','Calabria','Alberti 2312','2234460987','pcalabri21@gmail.com','2016-05-05',4),(10,'28923101','Juan Pablo','Castorina','Bolivar 212','2234777847','castorinajp@gmail.com','2012-01-28',4),(11,'29323001','Gustavo','Fratini','Guido 234 2do A','2235123478','fratinig@yahoo.com','2011-06-25',4),(12,'22111002','Luis','Vazquez Avila','Jujuy 1231','2234879582','avilaLuis@arnet.com.ar','2005-11-17',4),(13,'23421123','Esteban','Ayerdi','Salta 812','2234115468','ayerdi222@live.com','2015-06-11',5),(14,'26126456','Gustavo','Canteros','Catamarca 2300 PB C','2234458976','canteros_g@hotmail.com','2013-04-21',5),(15,'27654657','Oscar','Menna','Champagnat 955','2235468795','mennadelrojo@speedy.com.ar','2016-07-12',5),(16,'28789888','Alfredo','Casarini','Cataluna 5656','2235478820','casarinia2@live.com','2011-10-22',6),(17,'21987999','Maria Jesus','Casarini','Rojas 322','2235123987','casarinimj@gmail.com','2012-01-05',6),(19,'24990123','Jorge','Soria','Luro 2432 7 E','223441005','soriaj_cardio@gmail.com','2016-09-15',6),(20,'26009234','Priscila','Alliney','Alem 154','2235778956','palliney@arnet.com','2018-01-05',7),(21,'28003421','Maria Emilia','Ayechu','Funes 628','4925500','maayechu222@hotmail.com','2011-07-11',7),(22,'29223666','Carolina','Busolo','Misiones 2829','4726927','carolinitabusolo@arnet.com','2016-08-22',7),(23,'30212667','Agustin','Arregui','Castelli 2387','2234159846','arreguiAgust@speedy.com','2012-06-15',8),(24,'31222876','Mariano','Arregui','Chaco 2754','2234499984','arregui_456@live.com','2013-11-07',8),(25,'32875999','Denis','Doctor','Correa de Saa 1909','2233031838','denis@gmail.com','2018-02-05',1);
/*!40000 ALTER TABLE `medicos` ENABLE KEYS */;
UNLOCK TABLES;

--
-- Table structure for table `medicos_obras_sociales`
--

DROP TABLE IF EXISTS `medicos_obras_sociales`;
/*!40101 SET @saved_cs_client     = @@character_set_client */;
/*!40101 SET character_set_client = utf8 */;
CREATE TABLE `medicos_obras_sociales` (
  `ID_medicos_obras_sociales` int(6) NOT NULL AUTO_INCREMENT,
  `NroLegajo` int(11) NOT NULL,
  `ID_ObraSocial` int(11) NOT NULL,
  PRIMARY KEY (`ID_medicos_obras_sociales`)
) ENGINE=InnoDB AUTO_INCREMENT=822 DEFAULT CHARSET=latin1;
/*!40101 SET character_set_client = @saved_cs_client */;

--
-- Dumping data for table `medicos_obras_sociales`
--

LOCK TABLES `medicos_obras_sociales` WRITE;
/*!40000 ALTER TABLE `medicos_obras_sociales` DISABLE KEYS */;
INSERT INTO `medicos_obras_sociales` VALUES (2,2,1),(3,3,1),(4,4,1),(5,5,1),(6,6,1),(7,7,1),(8,8,1),(9,9,1),(10,10,1),(11,11,1),(12,12,1),(13,13,1),(14,14,1),(15,15,1),(16,16,1),(17,17,1),(18,19,1),(19,20,1),(20,21,1),(21,22,1),(22,23,1),(23,24,1),(25,2,2),(26,3,2),(27,4,2),(28,5,2),(29,6,2),(30,7,2),(31,8,2),(32,9,2),(33,10,2),(34,11,2),(35,12,2),(36,13,2),(37,14,2),(38,15,2),(39,16,2),(40,17,2),(41,19,2),(42,20,2),(43,21,2),(44,22,2),(45,23,2),(46,24,2),(48,2,3),(49,3,3),(50,4,3),(51,5,3),(52,6,3),(53,7,3),(54,8,3),(55,9,3),(56,10,3),(57,11,3),(58,12,3),(59,13,3),(60,14,3),(61,15,3),(62,16,3),(63,17,3),(64,19,3),(65,20,3),(66,21,3),(67,22,3),(68,23,3),(69,24,3),(71,2,4),(72,3,4),(73,4,4),(74,5,4),(75,6,4),(76,7,4),(77,8,4),(78,9,4),(79,10,4),(80,11,4),(81,12,4),(82,13,4),(83,14,4),(84,15,4),(85,16,4),(86,17,4),(87,19,4),(88,20,4),(89,21,4),(90,22,4),(91,23,4),(92,24,4),(94,2,5),(95,3,5),(96,4,5),(97,5,5),(98,6,5),(99,7,5),(100,8,5),(101,9,5),(102,10,5),(103,11,5),(104,12,5),(105,13,5),(106,14,5),(107,15,5),(108,16,5),(109,17,5),(110,19,5),(111,20,5),(112,21,5),(113,22,5),(114,23,5),(115,24,5),(117,2,6),(118,3,6),(119,4,6),(120,5,6),(121,6,6),(122,7,6),(123,8,6),(124,9,6),(125,10,6),(126,11,6),(127,12,6),(128,13,6),(129,14,6),(130,15,6),(131,16,6),(132,17,6),(133,19,6),(134,20,6),(135,21,6),(136,22,6),(137,23,6),(138,24,6),(140,2,7),(141,3,7),(142,4,7),(143,5,7),(144,6,7),(145,7,7),(146,8,7),(147,9,7),(148,10,7),(149,11,7),(150,12,7),(151,13,7),(152,14,7),(153,15,7),(154,16,7),(155,17,7),(156,19,7),(157,20,7),(158,21,7),(159,22,7),(160,23,7),(161,24,7),(163,2,8),(164,3,8),(165,4,8),(166,5,8),(167,6,8),(168,7,8),(169,8,8),(170,9,8),(171,10,8),(172,11,8),(173,12,8),(174,13,8),(175,14,8),(176,15,8),(177,16,8),(178,17,8),(179,19,8),(180,20,8),(181,21,8),(182,22,8),(183,23,8),(184,24,8),(186,2,9),(187,3,9),(188,4,9),(189,5,9),(190,6,9),(191,7,9),(192,8,9),(193,9,9),(194,10,9),(195,11,9),(196,12,9),(197,13,9),(198,14,9),(199,15,9),(200,16,9),(201,17,9),(202,19,9),(203,20,9),(204,21,9),(205,22,9),(206,23,9),(207,24,9),(209,2,10),(210,3,10),(211,4,10),(212,5,10),(213,6,10),(214,7,10),(215,8,10),(216,9,10),(217,10,10),(218,11,10),(219,12,10),(220,13,10),(221,14,10),(222,15,10),(223,16,10),(224,17,10),(225,19,10),(226,20,10),(227,21,10),(228,22,10),(229,23,10),(230,24,10),(232,2,11),(233,3,11),(234,4,11),(235,5,11),(236,6,11),(237,7,11),(238,8,11),(239,9,11),(240,10,11),(241,11,11),(242,12,11),(243,13,11),(244,14,11),(245,15,11),(246,16,11),(247,17,11),(248,19,11),(249,20,11),(250,21,11),(251,22,11),(252,23,11),(253,24,11),(255,2,12),(256,3,12),(257,4,12),(258,5,12),(259,6,12),(260,7,12),(261,8,12),(262,9,12),(263,10,12),(264,11,12),(265,12,12),(266,13,12),(267,14,12),(268,15,12),(269,16,12),(270,17,12),(271,19,12),(272,20,12),(273,21,12),(274,22,12),(275,23,12),(276,24,12),(278,2,13),(279,3,13),(280,4,13),(281,5,13),(282,6,13),(283,7,13),(284,8,13),(285,9,13),(286,10,13),(287,11,13),(288,12,13),(289,13,13),(290,14,13),(291,15,13),(292,16,13),(293,17,13),(294,19,13),(295,20,13),(296,21,13),(297,22,13),(298,23,13),(299,24,13),(301,2,14),(302,3,14),(303,4,14),(304,5,14),(305,6,14),(306,7,14),(307,8,14),(308,9,14),(309,10,14),(310,11,14),(311,12,14),(312,13,14),(313,14,14),(314,15,14),(315,16,14),(316,17,14),(317,19,14),(318,20,14),(319,21,14),(320,22,14),(321,23,14),(322,24,14),(324,2,15),(325,3,15),(326,4,15),(327,5,15),(328,6,15),(329,7,15),(330,8,15),(331,9,15),(332,10,15),(333,11,15),(334,12,15),(335,13,15),(336,14,15),(337,15,15),(338,16,15),(339,17,15),(340,19,15),(341,20,15),(342,21,15),(343,22,15),(344,23,15),(345,24,15),(347,2,16),(348,3,16),(349,4,16),(350,5,16),(351,6,16),(352,7,16),(353,8,16),(354,9,16),(355,10,16),(356,11,16),(357,12,16),(358,13,16),(359,14,16),(360,15,16),(361,16,16),(362,17,16),(363,19,16),(364,20,16),(365,21,16),(366,22,16),(367,23,16),(368,24,16),(370,2,17),(371,3,17),(372,4,17),(373,5,17),(374,6,17),(375,7,17),(376,8,17),(377,9,17),(378,10,17),(379,11,17),(380,12,17),(381,13,17),(382,14,17),(383,15,17),(384,16,17),(385,17,17),(386,19,17),(387,20,17),(388,21,17),(389,22,17),(390,23,17),(391,24,17),(393,2,18),(394,3,18),(395,4,18),(396,5,18),(397,6,18),(398,7,18),(399,8,18),(400,9,18),(401,10,18),(402,11,18),(403,12,18),(404,13,18),(405,14,18),(406,15,18),(407,16,18),(408,17,18),(409,19,18),(410,20,18),(411,21,18),(412,22,18),(413,23,18),(414,24,18),(416,2,19),(417,3,19),(418,4,19),(419,5,19),(420,6,19),(421,7,19),(422,8,19),(423,9,19),(424,10,19),(425,11,19),(426,12,19),(427,13,19),(428,14,19),(429,15,19),(430,16,19),(431,17,19),(432,19,19),(433,20,19),(434,21,19),(435,22,19),(436,23,19),(437,24,19),(439,2,20),(440,3,20),(441,4,20),(442,5,20),(443,6,20),(444,7,20),(445,8,20),(446,9,20),(447,10,20),(448,11,20),(449,12,20),(450,13,20),(451,14,20),(452,15,20),(453,16,20),(454,17,20),(455,19,20),(456,20,20),(457,21,20),(458,22,20),(459,23,20),(460,24,20),(806,1,3),(807,1,4),(808,1,5),(809,1,6),(810,1,7),(811,1,8),(812,1,10),(813,1,12),(814,1,13),(815,1,14),(816,1,15),(817,1,16),(818,1,17),(819,1,18),(820,1,19),(821,1,20);
/*!40000 ALTER TABLE `medicos_obras_sociales` ENABLE KEYS */;
UNLOCK TABLES;

--
-- Table structure for table `medicos_secretarias`
--

DROP TABLE IF EXISTS `medicos_secretarias`;
/*!40101 SET @saved_cs_client     = @@character_set_client */;
/*!40101 SET character_set_client = utf8 */;
CREATE TABLE `medicos_secretarias` (
  `ID_Medicos_Secretarias` int(11) NOT NULL AUTO_INCREMENT,
  `NroLegajo_Medico` int(11) NOT NULL,
  `NroLegajo_Secretaria` int(11) NOT NULL,
  PRIMARY KEY (`ID_Medicos_Secretarias`)
) ENGINE=InnoDB AUTO_INCREMENT=63 DEFAULT CHARSET=latin1;
/*!40101 SET character_set_client = @saved_cs_client */;

--
-- Dumping data for table `medicos_secretarias`
--

LOCK TABLES `medicos_secretarias` WRITE;
/*!40000 ALTER TABLE `medicos_secretarias` DISABLE KEYS */;
INSERT INTO `medicos_secretarias` VALUES (3,2,27),(4,2,28),(61,1,42),(62,1,49);
/*!40000 ALTER TABLE `medicos_secretarias` ENABLE KEYS */;
UNLOCK TABLES;

--
-- Table structure for table `medicos_secretarias_old`
--

DROP TABLE IF EXISTS `medicos_secretarias_old`;
/*!40101 SET @saved_cs_client     = @@character_set_client */;
/*!40101 SET character_set_client = utf8 */;
CREATE TABLE `medicos_secretarias_old` (
  `Medicos_NroLegajo` int(11) NOT NULL,
  `Secretarias_NroLegajo` int(11) NOT NULL,
  PRIMARY KEY (`Medicos_NroLegajo`,`Secretarias_NroLegajo`),
  KEY `fk_Medicos_has_Secretarias_Secretarias1_idx` (`Secretarias_NroLegajo`),
  KEY `fk_Medicos_has_Secretarias_Medicos1_idx` (`Medicos_NroLegajo`),
  CONSTRAINT `fk_Medicos_has_Secretarias_Medicos1` FOREIGN KEY (`Medicos_NroLegajo`) REFERENCES `medicos` (`NroLegajo`) ON DELETE NO ACTION ON UPDATE NO ACTION,
  CONSTRAINT `fk_Medicos_has_Secretarias_Secretarias1` FOREIGN KEY (`Secretarias_NroLegajo`) REFERENCES `secretarias` (`NroLegajo`) ON DELETE NO ACTION ON UPDATE NO ACTION
) ENGINE=InnoDB DEFAULT CHARSET=utf8;
/*!40101 SET character_set_client = @saved_cs_client */;

--
-- Dumping data for table `medicos_secretarias_old`
--

LOCK TABLES `medicos_secretarias_old` WRITE;
/*!40000 ALTER TABLE `medicos_secretarias_old` DISABLE KEYS */;
/*!40000 ALTER TABLE `medicos_secretarias_old` ENABLE KEYS */;
UNLOCK TABLES;

--
-- Table structure for table `obras_sociales`
--

DROP TABLE IF EXISTS `obras_sociales`;
/*!40101 SET @saved_cs_client     = @@character_set_client */;
/*!40101 SET character_set_client = utf8 */;
CREATE TABLE `obras_sociales` (
  `ID_ObraSocial` int(11) NOT NULL,
  `Sigla` varchar(255) NOT NULL,
  `Denominacion` varchar(255) NOT NULL,
  `CUIT` varchar(50) NOT NULL,
  `Activa` tinyint(4) NOT NULL DEFAULT '1',
  PRIMARY KEY (`ID_ObraSocial`),
  UNIQUE KEY `Sigla_UNIQUE` (`Sigla`),
  UNIQUE KEY `CUIT_UNIQUE` (`CUIT`)
) ENGINE=InnoDB DEFAULT CHARSET=utf8;
/*!40101 SET character_set_client = @saved_cs_client */;

--
-- Dumping data for table `obras_sociales`
--

LOCK TABLES `obras_sociales` WRITE;
/*!40000 ALTER TABLE `obras_sociales` DISABLE KEYS */;
INSERT INTO `obras_sociales` VALUES (1,'MEDIFE','MEDIFE S A','30-68273765-0',1),(2,'THEMA','THEMA CONSULT SA','30-68589727-6',1),(3,'GALENO','GALENO S R L',' 30-52242816-3',0),(4,'IOMA','INSTITUTO DE OBRA MEDICO ASISTENCIAL','30-62824952-7',0),(5,'OSDE','ORGANIZACION DE SERVICIOS DIRECTOS EMPRESARIOS','30-54674125-3',1),(6,'PAMI',' Instituto Nacional de Servicios Sociales para Jubilados y Pensionados','30-66607401-3',1),(7,'SAMI','MUTUAL DE SERVICIOS ASISTENCIALES DE MEDICINA INTERDISCIPLINARIA',' 30-70751126-1',0),(8,'SWISS MEDICAL','SWISS MEDICAL S A','30-65485516-8',1),(9,'OSFATLYF','OBRA SOCIAL DE LA FEDERACIN ARGENTINA DE TRABAJADORES DE LUZ Y FUERZA','30-66322124-4',1),(10,'OSPEPBA',' Obra Social del Personal de Escribanas de la Provincia de. Buenos Aires','30-66571571-6',0),(11,'OSIAD','OBRA SOCIAL PARA EL PERSONAL DE LA INDUSTRIA ACEITERA DESMOTADORA Y AFINES','30-58331882-4',1),(12,'OSA','Obra Social de Actores','30-64621797-7',1),(13,'OMINT','SOCIEDAD ANONIMA DE SERVICIOS','30-55024530-9',1),(14,'OSCHOCA','OBRA SOCIAL DE CHOFERES DE CAMIONES','30-67788309-6',0),(15,'OSPEDYC','OBRA SOCIAL DEL PERSONAL DE ENTIDADES DEPORTIVAS Y CIVILES','30-68833954-1',1),(16,'OSPF','OBRA SOCIAL DEL PERSONAL DE FARMACIA','33-64810438-9',1),(17,'OSECAC','OBRA SOCIAL DE LOS EMPLEADOS DE COMERCIO Y ACTIVIDADES CIVILES','30-55027355-8',1),(18,'MEDICUS','MEDICUS SOCIEDAD ANONIMA DE ASISTENCIA MEDICA Y CIENTIFICA','30-54677131-4',1),(19,'OSPETAX','OBRA SOCIAL DE PEONES DE TAXIS',' 30-64250751-2',1),(20,'OSPAD','OBRA SOCIAL DEL PERSONAL ADUANERO DE LA REPUBLICA ARGENTINA','30-67911343-3',1);
/*!40000 ALTER TABLE `obras_sociales` ENABLE KEYS */;
UNLOCK TABLES;

--
-- Table structure for table `pacientes`
--

DROP TABLE IF EXISTS `pacientes`;
/*!40101 SET @saved_cs_client     = @@character_set_client */;
/*!40101 SET character_set_client = utf8 */;
CREATE TABLE `pacientes` (
  `Dni` varchar(50) NOT NULL,
  `Nombre` varchar(45) DEFAULT NULL,
  `Apellido` varchar(45) DEFAULT NULL,
  `Direccion` varchar(45) DEFAULT NULL,
  `Telefono` varchar(45) DEFAULT NULL,
  `Email` varchar(45) DEFAULT NULL,
  `IdObraSocial` varchar(45) DEFAULT NULL,
  `EstadoCivil` int(11) DEFAULT NULL,
  PRIMARY KEY (`Dni`)
) ENGINE=InnoDB DEFAULT CHARSET=utf8;
/*!40101 SET character_set_client = @saved_cs_client */;

--
-- Dumping data for table `pacientes`
--

LOCK TABLES `pacientes` WRITE;
/*!40000 ALTER TABLE `pacientes` DISABLE KEYS */;
INSERT INTO `pacientes` VALUES ('22351235','Carlos','Panqueque','wefwwefwef 34234','234234324','carlos@gmail.com','9',0),('23678010','Luciana Beln',' \"D\'Arpa\"',' \"Estado de Israel 761\"',' 2266454213','belencita_darpa@gmail.com','10',1),('24053930','Julieta Alejandra',' Fulcheri',' \"Salta 2764\"','2234501223','juli_fulchi@hotmail.com','18',2),('29257291','Eugenia',' Klein',' \"Avellaneda 4500\"',' 2234556660','keugenia@yahoo.com','2',3),('30967539','Barbara Renee',' Alvarez',' \"Francia 2289\"',' 226445951','barbarita_alva@hotmail.com','3',0),('31004025','Gaspar',' Liberati',' \"Blgina 7298\"',' 2234550888','liberati_gasparcito@gmail.com','4',1),('32132156','debora','delgado','cfwerf 33','23153','debora@gmail.com','5',2),('32383515','Micaela',' Alonso',' \"Estrada 4432\"',' 2235882228','malonso_88@gmail.com','5',3),('32523653','Sabrina Anah',' Botto',' \"Peru 5421\"',' 224587987','sabribotto@live.com','3',0),('32875100','chambi33','jose3','Correa de Saa 19092','223303183','chambi@gmail.com','18',2),('32888555','Juan','Perez','Mitre 231','2233031838','juan@gmail.com','7',2),('32888999','Maria Laura','Contreras','','','adriel@gmail.com','4',3),('33253154','Veronica','Meza','fweffwe 53135','235132','vero@gmail.com','5',0),('34541229','Emanue',' Arroyo',' \"Avellaneda 5421\"',' 2234112289','arroyo_emanuel@ufasta.edu.ar','5',1),('35562250','Luciana',' Cattoni',' \"Colon 1200 6 A\"',' 2234112221','luchacattoni@gmail.com','3',2),('36110696','Romina Giselle',' Bugallo',' \"Mejico 211\"',' 223500600','giromibugallo@gmail.com','2',3),('36332114','Emiliano',' Gauna',' \"San Lorenzo 7221\"',' 2234774441','Emi_el22@gmail.com','2',0),('36363346','Franco',' Cabrelli',' \"Uruguay 3290\"',' 223145541','franqui_cabrelli@gmail.com','3',1),('36387835','Federico Leonardo',' Mauco',' \"Rojas 991\"',' 2275489963','leo_fmauco@gmail.com','4',2),('36798387','Alejandra Elisabet',' Fabiero',' \"Ayolas 320\"',' 2234552396','Ale_loquilla321@yahoo.com','2',3),('36834927','Cesr Gabriel',' \"Montero Lacasa\"',' \"Blgica 7211\"',' 2264235321','elcesarg_montero@hotmail.com','4',0),('36858204','Mara Eugenia',' Mancini',' \"Chile 2721\"',' 2236555888','mancinime@live.com','5',1),('36906307','Agustin',' Izzo',' \"Bolivar 2111\"',' 2235669990','agizzo_carp@yahoo.com','6',2),('37030988','Lucia Daiana',' Dasilva',' \"Catamarca 3421\"',' 225478887','luci_dai231@live.com.ar','7',3),('37031662','Luciano','Abreu','Ricardo Palma 5423','2234445554','labreu@ufasta.edu.ar','7',0),('37237391','Agustin',' Collado',' \"Av.Arturo Alio 223\"','2234111005','colladoag@gmail.com','8',1),('37240060','Mara Sol',' Bertarini',' \"Luro 3215\"',' 2235213456','marisolb@hotmail.com','3',2),('37344242','Juan Pablo',' Dalesandro',' \"Jujuy 3211\"',' 2235447774','juanpabloacademia@live.com','5',3);
/*!40000 ALTER TABLE `pacientes` ENABLE KEYS */;
UNLOCK TABLES;

--
-- Table structure for table `pacientes_obras_sociales`
--

DROP TABLE IF EXISTS `pacientes_obras_sociales`;
/*!40101 SET @saved_cs_client     = @@character_set_client */;
/*!40101 SET character_set_client = utf8 */;
CREATE TABLE `pacientes_obras_sociales` (
  `Paciente_DNI` varchar(50) NOT NULL,
  `ID_ObraSocial` int(11) NOT NULL,
  `NumeroAfiliado` varchar(200) DEFAULT NULL,
  `FechaIngreso` datetime NOT NULL DEFAULT CURRENT_TIMESTAMP,
  `Activo` tinyint(4) DEFAULT NULL,
  PRIMARY KEY (`Paciente_DNI`,`ID_ObraSocial`),
  KEY `fk_Paciente_has_ObraSocial_ObraSocial1_idx` (`ID_ObraSocial`),
  KEY `fk_Paciente_has_ObraSocial_Paciente1_idx` (`Paciente_DNI`),
  CONSTRAINT `fk_Paciente_has_ObraSocial_ObraSocial1` FOREIGN KEY (`ID_ObraSocial`) REFERENCES `obras_sociales` (`ID_ObraSocial`) ON DELETE NO ACTION ON UPDATE NO ACTION,
  CONSTRAINT `fk_Paciente_has_ObraSocial_Paciente1` FOREIGN KEY (`Paciente_DNI`) REFERENCES `pacientes` (`Dni`) ON DELETE NO ACTION ON UPDATE NO ACTION
) ENGINE=InnoDB DEFAULT CHARSET=utf8;
/*!40101 SET character_set_client = @saved_cs_client */;

--
-- Dumping data for table `pacientes_obras_sociales`
--

LOCK TABLES `pacientes_obras_sociales` WRITE;
/*!40000 ALTER TABLE `pacientes_obras_sociales` DISABLE KEYS */;
INSERT INTO `pacientes_obras_sociales` VALUES ('23678010',1,'23678','2002-02-01 00:00:00',1),('24053930',2,'24053','2006-02-25 00:00:00',1),('29257291',1,'29257','2009-07-05 00:00:00',1),('30967539',2,'30967','1998-04-12 00:00:00',1),('31004025',3,'2548','1991-09-18 00:00:00',1),('32383515',4,'3256','2005-06-24 00:00:00',1),('32523653',5,'32523','2001-12-12 00:00:00',1),('34541229',5,'34541','1994-11-11 00:00:00',1),('35562250',8,'1548','1999-10-02 00:00:00',1),('36110696',7,'3611','1992-09-19 00:00:00',1),('36332114',5,'36332','2010-11-22 00:00:00',1),('36363346',1,'36363','1995-02-23 00:00:00',1),('36387835',5,'36387','2015-01-22 00:00:00',1),('36798387',7,'36798','2012-02-12 00:00:00',1),('36834927',17,'36834','2001-02-25 00:00:00',1),('36858204',17,'36585','2002-06-18 00:00:00',1),('36906307',17,'36906','2003-07-17 00:00:00',1),('37030988',17,'37030','2004-08-18 00:00:00',1),('37031662',1,'37031','2006-02-19 00:00:00',1),('37240060',20,'355','2009-12-20 00:00:00',1),('37344242',16,'3444','2014-02-01 00:00:00',1);
/*!40000 ALTER TABLE `pacientes_obras_sociales` ENABLE KEYS */;
UNLOCK TABLES;

--
-- Table structure for table `permisos`
--

DROP TABLE IF EXISTS `permisos`;
/*!40101 SET @saved_cs_client     = @@character_set_client */;
/*!40101 SET character_set_client = utf8 */;
CREATE TABLE `permisos` (
  `ID_Permisos` int(11) NOT NULL,
  `Descripcion` varchar(45) DEFAULT NULL COMMENT 'Los permisos son:\n0-Paciente. Saca turnos, cancela turnos, se registra.\n1-Secretaria. Puede sacar turnos para pacientes y algunas funciones ms.\n2-Mdico. Puede crear agenda de turnos.\n3-Administrador.',
  PRIMARY KEY (`ID_Permisos`)
) ENGINE=InnoDB DEFAULT CHARSET=utf8;
/*!40101 SET character_set_client = @saved_cs_client */;

--
-- Dumping data for table `permisos`
--

LOCK TABLES `permisos` WRITE;
/*!40000 ALTER TABLE `permisos` DISABLE KEYS */;
INSERT INTO `permisos` VALUES (0,'Pacientes'),(1,'Secretarias'),(2,'Medicos'),(3,'Administradores');
/*!40000 ALTER TABLE `permisos` ENABLE KEYS */;
UNLOCK TABLES;

--
-- Table structure for table `secretarias`
--

DROP TABLE IF EXISTS `secretarias`;
/*!40101 SET @saved_cs_client     = @@character_set_client */;
/*!40101 SET character_set_client = utf8 */;
CREATE TABLE `secretarias` (
  `NroLegajo` int(11) NOT NULL,
  `DNI` varchar(50) NOT NULL,
  `Nombre` varchar(200) DEFAULT NULL,
  `Apellido` varchar(200) DEFAULT NULL,
  `Direccion` varchar(50) DEFAULT NULL,
  `Telefono` varchar(200) DEFAULT NULL,
  `EMAIL` varchar(200) DEFAULT NULL,
  `FechaIngreso` date DEFAULT NULL,
  PRIMARY KEY (`NroLegajo`),
  UNIQUE KEY `DNI_UNIQUE` (`DNI`)
) ENGINE=InnoDB DEFAULT CHARSET=utf8;
/*!40101 SET character_set_client = @saved_cs_client */;

--
-- Dumping data for table `secretarias`
--

LOCK TABLES `secretarias` WRITE;
/*!40000 ALTER TABLE `secretarias` DISABLE KEYS */;
INSERT INTO `secretarias` VALUES (25,'28935093','Florencia','De Luca','Chile 2312','2235897654','fdeluca@hotmail.com','2004-01-21'),(26,'27582417','Analia','Rubio','Juan Jose Paso 321','2234458852','arubio231@arnet.com','2005-11-02'),(27,'32546879','Candela','Sadobe','Francia 223','2236456213','candesadobe1@gmail.com','2006-10-01'),(28,'29357753','Jesica Celina ','Lemes','Tierra del Fuego 2312','2235878997','jesica_1987@live.com.ar','2010-01-05'),(29,'31000254','Norma','Arregui','Alem 2345','2234565852','normaarrgui_34@live.com','2012-02-18'),(30,'29333456','Adriana','Fantini','Luro 2314 9 B','2234879882','fadri@yahoo.com','2006-01-03'),(31,'32005648','Juliana','Posse','Primera Junta 456','2234550002','jposse@hotmail.com','2014-01-07'),(32,'29000145','Silvia','Saralegui','Colon 3212 PB G','2235469875','ssaralegui@yahoo.com','2017-01-21'),(33,'27345321','Mercedes','Mortola','Tejedor 322','2235698789','mmortola@gmail.com','2004-07-12'),(34,'26456654','Monica','Paradiso','Luro 3211','2234565390','mparadiso@live.com.ar','2016-07-05'),(35,'28663005','Luciana','Bertud','Ayacucho 211','2235201312','luchab@gmail.com','2017-02-23'),(36,'28555478','Cecilia','Magnani','20 de septiembre 1234','2234550012','cmagnani1721a@live.com.ar','2014-08-15'),(37,'29444775','Damaris','Zarate','Juana Azurduy 2314','2234580167','damita321z@gmail.com','2014-01-08'),(38,'26885223','Celina del Valle','Lopez Fricker','Estrada 4467 PB B','2234460908','delvallefricker@gmail.com','2018-06-12'),(39,'23000147','Sara','Fricker','Cataluna 5444','2234475258','sfricker39@live.com','2015-02-12'),(40,'24112221','Gabriela','Piperno','Calle 228 2554','2235888666','gpiperno@live.com.ar','2014-04-29'),(41,'26555444','Mora','Di Francesco','Guemes 2345 7 B','22345050909','moritadf@yahoo.com','2014-11-22'),(42,'28935021','Ileana Maria','Arevalo','Buenos Aires 2233 9 H','2235444000','ilerolinga29@gmail.com','1998-09-01'),(43,'28395648','Veronica','Rodriguez','Bolivar 3221','2236999210','veritorodriguez@live.com','1999-03-17'),(44,'23554920','Pamela','Maggi','Moreno 2211','2236555231','pmaggi231@facebook.com','2001-11-14'),(45,'27447753','Valeria','Trapano','San Lorenzo  2814','2236885461','valetrapano@yahoo.com','2003-11-11'),(46,'27989660','Sofia','Abad','Chaco 234','2234582667','sofiab@gmail.com','2002-01-11'),(47,'22555888','Alda','Diaz','Castelli 3400','2235806630','alditaadiaz@gmail.com','1997-02-21'),(48,'21545999','Ana','Romero','Avellaneda 3210','2236551239','anitalomasr@gmail.com','2017-06-07'),(49,'24545545','Ana Luz','Baldocchi','Ayolas 1901','2234125521','albaldocchi@yahoo.com','2016-01-06'),(50,'26895874','Evelyn','Lizardo','Alvarado 2367','2235582852','eveliz@gmail.com','2017-12-12'),(51,'29666000','Magali','Donadio','French 309','2236440147','maggita2016@gmail.com','2017-12-12'),(52,'3213513','Adriel','Rodriguez','Correa de Saa 1909','2234454634','adriel@gmail.com','2017-12-23');
/*!40000 ALTER TABLE `secretarias` ENABLE KEYS */;
UNLOCK TABLES;

--
-- Table structure for table `turnos`
--

DROP TABLE IF EXISTS `turnos`;
/*!40101 SET @saved_cs_client     = @@character_set_client */;
/*!40101 SET character_set_client = utf8 */;
CREATE TABLE `turnos` (
  `ID_turno` int(11) NOT NULL AUTO_INCREMENT,
  `NroLegajo` int(11) NOT NULL,
  `ID_Agendas_Turnos` int(11) DEFAULT NULL,
  `DuracionTurno` tinyint(4) NOT NULL,
  `FechaHora` datetime NOT NULL,
  `EstadoTurno` tinyint(4) NOT NULL,
  `DNI_Paciente` varchar(50) DEFAULT NULL,
  `ID_Especialidad` int(11) NOT NULL,
  PRIMARY KEY (`ID_turno`)
) ENGINE=InnoDB AUTO_INCREMENT=28 DEFAULT CHARSET=latin1;
/*!40101 SET character_set_client = @saved_cs_client */;

--
-- Dumping data for table `turnos`
--

LOCK TABLES `turnos` WRITE;
/*!40000 ALTER TABLE `turnos` DISABLE KEYS */;
INSERT INTO `turnos` VALUES (1,25,0,60,'2018-10-15 10:00:00',5,NULL,8),(2,25,0,30,'2018-10-16 13:00:00',5,NULL,8),(3,25,0,30,'2018-10-16 13:30:00',5,NULL,8),(4,1,0,30,'2018-10-17 15:00:00',5,NULL,1),(5,1,0,30,'2018-10-17 15:30:00',5,NULL,1),(6,2,0,30,'2018-10-15 08:00:00',5,NULL,1),(7,2,0,30,'2018-10-15 08:30:00',5,NULL,1),(8,25,0,30,'2018-11-07 09:00:00',4,'32875100',8),(9,25,0,30,'2018-11-07 09:30:00',0,'32875100',8),(10,25,0,45,'2018-11-06 09:30:00',1,'32875100',8),(11,25,0,45,'2018-11-06 10:15:00',1,'32875100',8),(12,25,0,45,'2018-11-05 08:00:00',5,NULL,1),(13,25,0,45,'2018-11-05 08:45:00',5,NULL,1),(14,25,0,45,'2018-11-05 09:30:00',5,NULL,1),(15,25,0,45,'2018-11-05 10:15:00',5,NULL,1),(16,25,0,45,'2018-11-06 08:00:00',5,NULL,1),(17,25,0,45,'2018-11-06 08:45:00',5,NULL,1),(18,25,0,45,'2018-11-06 09:30:00',5,NULL,1),(19,25,0,45,'2018-11-06 10:15:00',5,NULL,1),(20,25,0,45,'2018-11-07 08:00:00',5,NULL,1),(21,25,0,45,'2018-11-07 08:45:00',1,'32875100',1),(22,25,0,45,'2018-11-07 09:30:00',5,NULL,1),(23,25,0,45,'2018-11-07 10:15:00',5,NULL,1),(24,25,0,45,'2018-11-08 08:00:00',5,NULL,1),(25,25,0,45,'2018-11-08 08:45:00',5,NULL,1),(26,25,0,45,'2018-11-08 09:30:00',5,NULL,1),(27,25,0,45,'2018-11-08 10:15:00',5,NULL,1);
/*!40000 ALTER TABLE `turnos` ENABLE KEYS */;
UNLOCK TABLES;

--
-- Table structure for table `turnos_pacientes`
--

DROP TABLE IF EXISTS `turnos_pacientes`;
/*!40101 SET @saved_cs_client     = @@character_set_client */;
/*!40101 SET character_set_client = utf8 */;
CREATE TABLE `turnos_pacientes` (
  `Pacientes_DNI` varchar(50) NOT NULL,
  `CalendariosAgendaTurnos_ID_AgendasTurnos` int(11) NOT NULL,
  `EstadoTurno` tinyint(4) NOT NULL COMMENT 'Activo: es un turno que est a la espera de ser cumplido.\nCancelado: es un turno que fue dado de baja.\nCumplido: es un turno en el que el paciente ha asistido.\nAusente: es un turno en el que el paciente no ha asistido sin ser cancelado.',
  PRIMARY KEY (`Pacientes_DNI`,`CalendariosAgendaTurnos_ID_AgendasTurnos`),
  KEY `fk_Pacientes_has_CalendariosAgendaTurnos_CalendariosAgendaT_idx` (`CalendariosAgendaTurnos_ID_AgendasTurnos`),
  KEY `fk_Pacientes_has_CalendariosAgendaTurnos_Pacientes1_idx` (`Pacientes_DNI`),
  CONSTRAINT `fk_Pacientes_has_CalendariosAgendaTurnos_CalendariosAgendaTur1` FOREIGN KEY (`CalendariosAgendaTurnos_ID_AgendasTurnos`) REFERENCES `calendarios_agendas_turnos` (`ID_Agendas_Turnos`) ON DELETE NO ACTION ON UPDATE NO ACTION,
  CONSTRAINT `fk_Pacientes_has_CalendariosAgendaTurnos_Pacientes1` FOREIGN KEY (`Pacientes_DNI`) REFERENCES `pacientes` (`Dni`) ON DELETE NO ACTION ON UPDATE NO ACTION
) ENGINE=InnoDB DEFAULT CHARSET=utf8;
/*!40101 SET character_set_client = @saved_cs_client */;

--
-- Dumping data for table `turnos_pacientes`
--

LOCK TABLES `turnos_pacientes` WRITE;
/*!40000 ALTER TABLE `turnos_pacientes` DISABLE KEYS */;
/*!40000 ALTER TABLE `turnos_pacientes` ENABLE KEYS */;
UNLOCK TABLES;

--
-- Table structure for table `usuarios`
--

DROP TABLE IF EXISTS `usuarios`;
/*!40101 SET @saved_cs_client     = @@character_set_client */;
/*!40101 SET character_set_client = utf8 */;
CREATE TABLE `usuarios` (
  `Email` varchar(200) NOT NULL,
  `Password` varchar(8) NOT NULL,
  `NivelPermiso` int(11) NOT NULL,
  `Activo` tinyint(4) NOT NULL,
  `Nombre` varchar(45) DEFAULT NULL,
  `Apellido` varchar(45) DEFAULT NULL,
  `EmailConfirm` tinyint(1) NOT NULL,
  `PathReset` varchar(200) DEFAULT NULL,
  PRIMARY KEY (`Email`),
  KEY `fk_Usuarios_Permisos1_idx` (`NivelPermiso`),
  CONSTRAINT `fk_Usuarios_Permisos1` FOREIGN KEY (`NivelPermiso`) REFERENCES `permisos` (`ID_Permisos`) ON DELETE NO ACTION ON UPDATE NO ACTION
) ENGINE=InnoDB DEFAULT CHARSET=utf8;
/*!40101 SET character_set_client = @saved_cs_client */;

--
-- Dumping data for table `usuarios`
--

LOCK TABLES `usuarios` WRITE;
/*!40000 ALTER TABLE `usuarios` DISABLE KEYS */;
INSERT INTO `usuarios` VALUES ('adriel@gmail.com','123',1,1,'Adriel','Rodriguez',1,'b716f87a-dfe3-11e8-94cc-1c1b0d9489a1'),('adrielchambers@gmail.com','123',3,1,'Adriel','Chambi',1,'b716f968-dfe3-11e8-94cc-1c1b0d9489a1'),('agizzo_carp@yahoo.com','agi36906',0,1,'Agustin',' Izzo',0,'b716f997-dfe3-11e8-94cc-1c1b0d9489a1'),('albaldocchi@yahoo.com','alb24545',1,1,'Ana Luz','Baldocchi',0,'b716fa95-dfe3-11e8-94cc-1c1b0d9489a1'),('alditaadiaz@gmail.com','ald22555',1,1,'Alda','Diaz',0,'b716fb1a-dfe3-11e8-94cc-1c1b0d9489a1'),('Ale_loquilla321@yahoo.com','Ale36798',0,1,'Alejandra Elisabet',' Fabiero',0,'b716fb8c-dfe3-11e8-94cc-1c1b0d9489a1'),('alvaca@gmail.com','123',2,1,'alvaca','rodriguez',0,'8a9fd288-d71a-4f80-bcea-e57a0db95d82'),('angel@gmail.com','123',2,1,'angel','dina',0,'57161d64-d170-4ad2-8b52-9bf3c03e8858'),('anitalomasr@gmail.com','ani21545',1,1,'Ana','Romero',0,'b716fbfe-dfe3-11e8-94cc-1c1b0d9489a1'),('anuncibayJ@hotmail.com','anu24324',2,1,'Jorge','Anuncibay',0,'b716fc67-dfe3-11e8-94cc-1c1b0d9489a1'),('arreguiAgust@speedy.com','arr30212',2,1,'Agustin','Arregui',0,'b716fcd9-dfe3-11e8-94cc-1c1b0d9489a1'),('arregui_456@live.com','arr31222',2,1,'Mariano','Arregui',0,'b716fd50-dfe3-11e8-94cc-1c1b0d9489a1'),('arroyo_emanuel@ufasta.edu.ar','arr34541',0,1,'Emanue',' Arroyo',0,'b716fdc4-dfe3-11e8-94cc-1c1b0d9489a1'),('arubio231@arnet.com','aru27582',1,1,'Analia','Rubio',0,'b716fe3a-dfe3-11e8-94cc-1c1b0d9489a1'),('avilaLuis@arnet.com.ar','avi22111',2,1,'Luis','Vazquez Avila',0,'b716fea9-dfe3-11e8-94cc-1c1b0d9489a1'),('ayerdi222@live.com','aye23421',2,1,'Esteban','Ayerdi',0,'b716ff16-dfe3-11e8-94cc-1c1b0d9489a1'),('barbarita_alva@hotmail.com','bar30967',0,1,'Barbara Renee',' Alvarez',0,'b716ff85-dfe3-11e8-94cc-1c1b0d9489a1'),('belencita_darpa@gmail.com','bel23678',0,1,'Luciana Beln',' \"D\'Arpa\"',0,'b716fffa-dfe3-11e8-94cc-1c1b0d9489a1'),('candesadobe1@gmail.com','can32546',1,1,'Candela','Sadobe',0,'b717006a-dfe3-11e8-94cc-1c1b0d9489a1'),('canteros_g@hotmail.com','can26126',2,1,'Gustavo','Canteros',0,'b71700dd-dfe3-11e8-94cc-1c1b0d9489a1'),('carlos@gmail.com','123',0,1,'Carlos','Panqueque',0,'b717014a-dfe3-11e8-94cc-1c1b0d9489a1'),('carolinitabusolo@arnet.com','car29223',2,1,'Carolina','Busolo',0,'b7170177-dfe3-11e8-94cc-1c1b0d9489a1'),('casarinia2@live.com','cas28789',2,1,'Alfredo','Casarini',0,'b71701e7-dfe3-11e8-94cc-1c1b0d9489a1'),('casarinimj@gmail.com','cas21987',2,1,'Maria Jesus','Casarini',0,'b717025d-dfe3-11e8-94cc-1c1b0d9489a1'),('castorinajp@gmail.com','cas28923',2,1,'Juan Pablo','Castorina',0,'b71702c9-dfe3-11e8-94cc-1c1b0d9489a1'),('chambi@gmail.com','123',0,1,'chambi33','jose3',1,'b717033b-dfe3-11e8-94cc-1c1b0d9489a1'),('cmagnani1721a@live.com.ar','cma28555',1,1,'Cecilia','Magnani',0,'b7170362-dfe3-11e8-94cc-1c1b0d9489a1'),('colladoag@gmail.com','col37237',0,1,'Agustin',' Collado',0,'b71703d7-dfe3-11e8-94cc-1c1b0d9489a1'),('damita321z@gmail.com','dam29444',1,1,'Damaris','Zarate',0,'b7170442-dfe3-11e8-94cc-1c1b0d9489a1'),('debora@gmail.com','123',0,1,'debora','delgado',0,'b7170513-dfe3-11e8-94cc-1c1b0d9489a1'),('delvallefricker@gmail.com','del26885',1,1,'Celina del Valle','Lopez Fricker',0,'b7170541-dfe3-11e8-94cc-1c1b0d9489a1'),('denis@gmail.com','123',2,1,'Denis','Doctor',1,'b71705a7-dfe3-11e8-94cc-1c1b0d9489a1'),('elcesarg_montero@hotmail.com','elc36834',0,1,'Cesr Gabriel',' \"Montero Lacasa\"',0,'b7170608-dfe3-11e8-94cc-1c1b0d9489a1'),('Emi_el22@gmail.com','Emi36332',0,1,'Emiliano',' Gauna',0,'b7170675-dfe3-11e8-94cc-1c1b0d9489a1'),('eveliz@gmail.com','eve26895',1,1,'Evelyn','Lizardo',0,'b71706e4-dfe3-11e8-94cc-1c1b0d9489a1'),('fadri@yahoo.com','fad29333',1,1,'Adriana','Fantini',0,'b7170747-dfe3-11e8-94cc-1c1b0d9489a1'),('fdeluca@hotmail.com','fde28935',1,1,'Florencia','De Luca',0,'b71707a8-dfe3-11e8-94cc-1c1b0d9489a1'),('franqui_cabrelli@gmail.com','fra36363',0,1,'Franco',' Cabrelli',0,'b7170811-dfe3-11e8-94cc-1c1b0d9489a1'),('fratinig@yahoo.com','fra29323',2,1,'Gustavo','Fratini',0,'b7170884-dfe3-11e8-94cc-1c1b0d9489a1'),('gabriela231capurro@live.com.ar','123',2,1,'Gabriela','Capurro',1,'b71708e9-dfe3-11e8-94cc-1c1b0d9489a1'),('germdq22@hotmail.com','ger28935',3,1,'Fernando German','Lopez Fricker',0,'b7170955-dfe3-11e8-94cc-1c1b0d9489a1'),('giromibugallo@gmail.com','gir36110',0,1,'Romina Giselle',' Bugallo',0,'b71709c4-dfe3-11e8-94cc-1c1b0d9489a1'),('gpiperno@live.com.ar','gpi24112',1,1,'Gabriela','Piperno',0,'b7170a34-dfe3-11e8-94cc-1c1b0d9489a1'),('guillermoandresfischer@gmail.com','gui34058',3,1,'Guillermo Andres','Fischer',0,'b7170aa2-dfe3-11e8-94cc-1c1b0d9489a1'),('ilerolinga29@gmail.com','ile28935',1,1,'Ileana Maria','Arevalo',0,'b7170b13-dfe3-11e8-94cc-1c1b0d9489a1'),('jbertarini@gmail.com','123',2,1,'Julieta','Bertarini',1,'b7170d35-dfe3-11e8-94cc-1c1b0d9489a1'),('jesica_1987@live.com.ar','jes29357',1,1,'Jesica Celina ','Lemes',0,'b7170db4-dfe3-11e8-94cc-1c1b0d9489a1'),('jposse@hotmail.com','jpo32005',1,1,'Juliana','Posse',0,'b7170e24-dfe3-11e8-94cc-1c1b0d9489a1'),('juan@gmail.com','123',0,1,'Juan','Perez',0,'b7170e90-dfe3-11e8-94cc-1c1b0d9489a1'),('juanpabloacademia@live.com','jua37344',0,1,'Juan Pablo',' Dalesandro',0,'b7170ebd-dfe3-11e8-94cc-1c1b0d9489a1'),('juli_fulchi@hotmail.com','jul24053',0,1,'Julieta Alejandra',' Fulcheri',0,'b7170f2a-dfe3-11e8-94cc-1c1b0d9489a1'),('keugenia@yahoo.com','keu29257',0,1,'Eugenia',' Klein',0,'b7170f98-dfe3-11e8-94cc-1c1b0d9489a1'),('labreu@ufasta.edu.ar','lab37031',0,1,'Luciano','Abreu',0,'b7171002-dfe3-11e8-94cc-1c1b0d9489a1'),('leo_fmauco@gmail.com','leo36387',0,1,'Federico Leonardo',' Mauco',0,'b717106f-dfe3-11e8-94cc-1c1b0d9489a1'),('liberati_gasparcito@gmail.com','lib31004',0,1,'Gaspar',' Liberati',0,'b71710da-dfe3-11e8-94cc-1c1b0d9489a1'),('luchab@gmail.com','luc28663',1,1,'Luciana','Bertud',0,'b7171149-dfe3-11e8-94cc-1c1b0d9489a1'),('luchacattoni@gmail.com','luc35562',0,1,'Luciana',' Cattoni',0,'b717119c-dfe3-11e8-94cc-1c1b0d9489a1'),('luci_dai231@live.com.ar','luc37030',0,1,'Lucia Daiana',' Dasilva',0,'b71711ec-dfe3-11e8-94cc-1c1b0d9489a1'),('maayechu222@hotmail.com','maa28003',2,1,'Maria Emilia','Ayechu',0,'b717123c-dfe3-11e8-94cc-1c1b0d9489a1'),('maggita2016@gmail.com','mag29666',1,1,'Magali','Donadio',0,'b717128b-dfe3-11e8-94cc-1c1b0d9489a1'),('malonso_88@gmail.com','mal32383',0,1,'Micaela',' Alonso',0,'b71712dc-dfe3-11e8-94cc-1c1b0d9489a1'),('mancinime@live.com','man36858',0,1,'Mara Eugenia',' Mancini',0,'b7171326-dfe3-11e8-94cc-1c1b0d9489a1'),('mari2010@gmail.com','mar22321',2,1,'Mariela','Acua',0,'b7171376-dfe3-11e8-94cc-1c1b0d9489a1'),('marisolb@hotmail.com','mar37240',0,1,'Mara Sol',' Bertarini',0,'b71713c4-dfe3-11e8-94cc-1c1b0d9489a1'),('Mati.Casalderry@gmail.com','Mat38283',3,1,'Matias','Casalderrey',0,'b7171411-dfe3-11e8-94cc-1c1b0d9489a1'),('mennadelrojo@speedy.com.ar','men27654',2,1,'Oscar','Menna',0,'b717145e-dfe3-11e8-94cc-1c1b0d9489a1'),('mmortola@gmail.com','mmo27345',1,1,'Mercedes','Mortola',0,'b71714aa-dfe3-11e8-94cc-1c1b0d9489a1'),('moritadf@yahoo.com','mor26555',1,1,'Mora','Di Francesco',0,'b71714ec-dfe3-11e8-94cc-1c1b0d9489a1'),('mparadiso@live.com.ar','mpa26456',1,1,'Monica','Paradiso',0,'b717152a-dfe3-11e8-94cc-1c1b0d9489a1'),('normaarrgui_34@live.com','nor31000',1,1,'Norma','Arregui',0,'b7171568-dfe3-11e8-94cc-1c1b0d9489a1'),('nutricionJaksic@arnet.com','nut27984',2,1,'Alejandro','Jaksic',0,'b71715a9-dfe3-11e8-94cc-1c1b0d9489a1'),('nutricionysaludFrancoD@uol.com','nut29145',2,1,'Diego','Franco',0,'b71715eb-dfe3-11e8-94cc-1c1b0d9489a1'),('palliney@arnet.com','pal26009',2,1,'Priscila','Alliney',0,'b7171634-dfe3-11e8-94cc-1c1b0d9489a1'),('pcalabri21@gmail.com','pca27423',2,1,'Pablo','Calabria',0,'b71716b4-dfe3-11e8-94cc-1c1b0d9489a1'),('peralta1972@gmail.com','per23145',2,1,'Carlos','Peralta',0,'b7171700-dfe3-11e8-94cc-1c1b0d9489a1'),('pmaggi231@facebook.com','pma23554',1,1,'Pamela','Maggi',0,'b7171746-dfe3-11e8-94cc-1c1b0d9489a1'),('sabribotto@live.com','sab32523',0,1,'Sabrina Anah',' Botto',0,'b7171788-dfe3-11e8-94cc-1c1b0d9489a1'),('sebastian.lanz12@gmail.com','seb31224',3,1,'Sebastian','Lanz',0,'b71717d0-dfe3-11e8-94cc-1c1b0d9489a1'),('sfricker39@live.com','sfr23000',1,1,'Sara','Fricker',0,'b717181a-dfe3-11e8-94cc-1c1b0d9489a1'),('sofiab@gmail.com','sof27989',1,1,'Sofia','Abad',0,'b7171863-dfe3-11e8-94cc-1c1b0d9489a1'),('soriaj_cardio@gmail.com','sor24990',2,1,'Jorge','Soria',0,'b71718ae-dfe3-11e8-94cc-1c1b0d9489a1'),('ssaralegui@yahoo.com','ssa29000',1,1,'Silvia','Saralegui',0,'b71718f6-dfe3-11e8-94cc-1c1b0d9489a1'),('surace29414@yahoo.com.ar','sur29414',2,1,'Veronica Florencia','Surace',0,'b7171937-dfe3-11e8-94cc-1c1b0d9489a1'),('valetrapano@yahoo.com','val27447',1,1,'Valeria','Trapano',0,'b717197d-dfe3-11e8-94cc-1c1b0d9489a1'),('veritorodriguez@live.com','ver28395',1,1,'Veronica','Rodriguez',0,'b71719c5-dfe3-11e8-94cc-1c1b0d9489a1'),('vero@gmail.com','123',0,1,'Veronica','Meza',0,'b7171a14-dfe3-11e8-94cc-1c1b0d9489a1');
/*!40000 ALTER TABLE `usuarios` ENABLE KEYS */;
UNLOCK TABLES;
/*!40103 SET TIME_ZONE=@OLD_TIME_ZONE */;

/*!40101 SET SQL_MODE=@OLD_SQL_MODE */;
/*!40014 SET FOREIGN_KEY_CHECKS=@OLD_FOREIGN_KEY_CHECKS */;
/*!40014 SET UNIQUE_CHECKS=@OLD_UNIQUE_CHECKS */;
/*!40101 SET CHARACTER_SET_CLIENT=@OLD_CHARACTER_SET_CLIENT */;
/*!40101 SET CHARACTER_SET_RESULTS=@OLD_CHARACTER_SET_RESULTS */;
/*!40101 SET COLLATION_CONNECTION=@OLD_COLLATION_CONNECTION */;
/*!40111 SET SQL_NOTES=@OLD_SQL_NOTES */;

-- Dump completed on 2018-11-04 16:25:37
